dataset,split,fixed_stratum,condition_index,dx_input_px,dy_input_px,linf_px,l2_px,fixed_n,teacher_unclamped_support_n,iou_advantage_mean,teacher_minus_native_ce_mean,teacher_ce_better_fraction,kl_t2_mean4_mean,cosine_mean,positive_cosine_fraction_fixed,original_quality_gate_n,original_quality_gate_survived_n,original_quality_gate_survival_fraction,new_quality_gate_members_n,lost_mass_t1_mean4_mean,lost_mass_t2_mean4_mean,conditional_vs_exact_box_max_abs_px_mean,conditional_vs_exact_box_max_abs_px_max
llvip,train,base,0,0,0,0,0.0,2728,2728,-0.002332673926171332,-0.017420245986783527,0.5835777126099707,0.20656855551802353,0.36826177977101227,0.8086510263929618,23,23,1.0,0,0.0,0.0,0.0,0.0
llvip,train,n_iou_lt_070,0,0,0,0,0.0,82,82,0.13284988673463646,-0.4320855736590299,0.7926829268292683,0.8144504645295065,0.5437822411286473,0.8780487804878049,23,23,1.0,0,0.0,0.0,0.0,0.0
llvip,train,quality_gate070,0,0,0,0,0.0,23,23,0.22221580310077768,-0.760851107373238,0.9565217391304348,1.2579783122538788,0.7624319641238435,1.0,23,23,1.0,0,0.0,0.0,0.0,0.0
llvip,val,base,0,0,0,0,0.0,548,548,0.04116323182142807,-0.15589796732108194,0.6113138686131386,0.8042054077872683,0.40631273010635316,0.791970802919708,61,61,1.0,0,0.0,0.0,0.0,0.0
llvip,val,n_iou_lt_070,0,0,0,0,0.0,199,199,0.14629329977686598,-0.5384681360597853,0.8040201005025126,1.3792449510457245,0.5544913931599923,0.8844221105527639,61,61,1.0,0,0.0,0.0,0.0,0.0
llvip,val,quality_gate070,0,0,0,0,0.0,61,61,0.262153576063167,-0.9454531265895191,1.0,1.758663887002221,0.7849866146928555,1.0,61,61,1.0,0,0.0,0.0,0.0,0.0
llvip,train,base,1,1,0,1,1.0,2728,2728,-0.011327656289289119,-0.0049318575412834464,0.45784457478005863,0.21493601261920653,0.3370045038905355,0.7961876832844574,23,23,1.0,1,0.001442657909702845,0.0018983148394734939,0.13902135988012126,0.9888945365364634
llvip,train,n_iou_lt_070,1,1,0,1,1.0,82,82,0.13051743958943604,-0.44818056577175436,0.8170731707317073,0.8102737513038984,0.5499472018151702,0.8902439024390244,23,23,1.0,1,0.0014209175788504904,0.0020440962379848888,0.13598269259234397,0.8894118120835515
llvip,train,quality_gate070,1,1,0,1,1.0,23,23,0.2259109939453473,-0.7646461204530021,1.0,1.2500669271172082,0.770946502449238,1.0,23,23,1.0,0,0.0012629627764781204,0.001746991101913009,0.13327845630000607,0.7422461045840123
llvip,val,base,1,1,0,1,1.0,548,548,0.037633547049163864,-0.16963667171528993,0.5948905109489051,0.7907542772958599,0.4093286011770354,0.7937956204379562,61,61,1.0,0,0.00166370825056969,0.0020479019365449314,0.155018823886023,0.9810391150685973
llvip,val,n_iou_lt_070,1,1,0,1,1.0,199,199,0.14125412485615188,-0.5637006657189269,0.8140703517587939,1.358750327083842,0.5630490711581125,0.8894472361809045,61,61,1.0,0,0.002204430707109866,0.002572238610693602,0.19652642752410895,0.9810391150685973
llvip,val,quality_gate070,1,1,0,1,1.0,61,61,0.25197535184701303,-0.9415119555185858,0.9836065573770492,1.736644999888558,0.7838488394283345,1.0,61,61,1.0,0,0.0021802114683320143,0.0025490038757162428,0.20747593822983088,0.9531215811524021
llvip,train,base,2,-1,0,1,1.0,2728,2728,-0.011228714776864593,-0.005205780166334734,0.45234604105571846,0.21164243954053766,0.33747405120023055,0.7903225806451613,23,23,1.0,1,0.0015206610692787318,0.0019815182418132333,0.145718609926188,0.9928078909759392
llvip,train,n_iou_lt_070,2,-1,0,1,1.0,82,82,0.1258272836935371,-0.4456379407297496,0.8414634146341463,0.8060972038163378,0.5479039855026215,0.8902439024390244,23,23,1.0,1,0.0017016742090244514,0.002426601467950041,0.1549826577912868,0.9258588974311124
llvip,train,quality_gate070,2,-1,0,1,1.0,23,23,0.2086820822102762,-0.7516041390691126,0.9565217391304348,1.2375703110297283,0.7583991994801013,1.0,23,23,1.0,0,0.001774973197686545,0.0023733475148533844,0.18259705943429122,0.8166128741319199
llvip,val,base,2,-1,0,1,1.0,548,548,0.035624713703669694,-0.1636690044900827,0.5985401459854015,0.8035336400439251,0.40932870560989015,0.7956204379562044,61,60,0.9836065573770492,1,0.0020058355033472754,0.0023713044292512,0.18503680587712937,0.9998995791130483
llvip,val,n_iou_lt_070,2,-1,0,1,1.0,199,199,0.14214212146347008,-0.5619134255255401,0.8090452261306532,1.362333459483871,0.5654660788866868,0.8944723618090452,61,60,0.9836065573770492,1,0.001968626353978038,0.0023111706151376543,0.17924286278486978,0.9912616902050786
llvip,val,quality_gate070,2,-1,0,1,1.0,61,61,0.25760660327703405,-0.9443539930638539,0.9836065573770492,1.7141247771688237,0.7865077183132462,1.0,61,60,0.9836065573770492,0,0.0018249271454939763,0.002212998556719472,0.17780543624858547,0.9372573973132603
llvip,train,base,3,0,1,1,1.0,2728,2728,-0.0064256669306892045,-0.0040108273629010475,0.44208211143695014,0.21230062664231006,0.33648021360248903,0.7862903225806451,23,22,0.9565217391304348,0,0.0002097929449245951,0.0003834604583563492,0.02173959361287785,0.9786292314051934
llvip,train,n_iou_lt_070,3,0,1,1,1.0,82,82,0.12973724961975952,-0.43625394439486603,0.8048780487804879,0.8100192001105916,0.5502639387744231,0.9024390243902439,23,22,0.9565217391304348,0,0.000355435429878,0.0006854123679631967,0.040735566775352984,0.820151565588958
llvip,train,quality_gate070,3,0,1,1,1.0,23,23,0.2172371232144588,-0.7583386971233699,0.9565217391304348,1.2468554043401938,0.7662357100642232,1.0,23,22,0.9565217391304348,0,0.00012715166169477958,0.00038345564250341266,0.015635628486696588,0.30706485565394814
llvip,val,base,3,0,1,1,1.0,548,548,0.03899551517386985,-0.16858285751359578,0.5985401459854015,0.8131807798136702,0.4081332723839653,0.8029197080291971,61,60,0.9836065573770492,2,0.00030631709003525845,0.0004749581881717778,0.030521422561900897,0.9526838599448979
llvip,val,n_iou_lt_070,3,0,1,1,1.0,199,199,0.14343405411548854,-0.5608838680230205,0.8140703517587939,1.3866664883849316,0.5598915746198195,0.8944723618090452,61,60,0.9836065573770492,2,0.00032722855103576394,0.0005275080674286327,0.03425010918672132,0.9526838599448979
llvip,val,quality_gate070,3,0,1,1,1.0,61,61,0.2598927918111393,-0.9618407860607756,1.0,1.7575521751625507,0.7881695420671467,1.0,61,60,0.9836065573770492,0,2.1729269806577977e-05,0.0001908458052850328,0.002991080666278122,0.11447923529652826
llvip,train,base,4,0,-1,1,1.0,2728,2728,-0.005549820711152665,-0.006335250734518302,0.4527126099706745,0.2051506509811954,0.34292271266168867,0.7899560117302052,23,23,1.0,2,0.0003664956429269782,0.0005726917498066771,0.03644220806281521,0.9637423788282149
llvip,train,n_iou_lt_070,4,0,-1,1,1.0,82,82,0.13184546647590928,-0.44085667447799987,0.8048780487804879,0.7991086374836927,0.5491580340543146,0.8780487804878049,23,23,1.0,2,0.0009404725826643341,0.0011454417386085403,0.08463055462097402,0.8383116207697867
llvip,train,quality_gate070,4,0,-1,1,1.0,23,23,0.22320854853196065,-0.7683598588185937,0.9565217391304348,1.2360672133164605,0.7724899306234158,1.0,23,23,1.0,0,0.0007754644395554319,0.0009664295064680952,0.07951902656504782,0.7473026731751133
llvip,val,base,4,0,-1,1,1.0,548,548,0.03938151548466995,-0.16424621831314706,0.5894160583941606,0.7770061446410437,0.4036154517876491,0.7974452554744526,61,61,1.0,0,0.0003813859416607528,0.0005926397479331542,0.04057805892557674,0.978215537168353
llvip,val,n_iou_lt_070,4,0,-1,1,1.0,199,199,0.14558248635766766,-0.5649812723649392,0.8090452261306532,1.334976141615814,0.5631389983401099,0.8994974874371859,61,61,1.0,0,0.0004903872945185898,0.0007510136381738094,0.05451896224410469,0.978215537168353
llvip,val,quality_gate070,4,0,-1,1,1.0,61,61,0.2584078706910832,-0.9393749840318075,0.9672131147540983,1.6986268052596964,0.7847090827685743,1.0,61,61,1.0,0,0.00046105066459110503,0.0007282485139219239,0.04942215555717749,0.7296556145607838
llvip,train,base,5,1,1,1,1.4142135623730951,2728,2728,-0.01533699787313835,0.00847756108259905,0.34420821114369504,0.22066808374349298,0.30683096471536936,0.7705278592375366,23,22,0.9565217391304348,1,0.0016524508546274404,0.002281775297829843,0.15336071811574406,0.9888945365364634
llvip,train,n_iou_lt_070,5,1,1,1,1.4142135623730951,82,82,0.1274369749196978,-0.45234893650759045,0.8292682926829268,0.8058424868849835,0.5563428370012093,0.9024390243902439,23,22,0.9565217391304348,1,0.0017763530087284904,0.0027295086059480854,0.15269422399029356,0.8894118120835515
llvip,train,quality_gate070,5,1,1,1,1.4142135623730951,23,23,0.22093191962609943,-0.7621337102031337,1.0,1.2389440192035235,0.7745995057509644,1.0,23,22,0.9565217391304348,0,0.0013901144381729,0.002130446744416422,0.147682165910314,0.7422461045840123
llvip,val,base,5,1,1,1,1.4142135623730951,548,548,0.035522908754611525,-0.18232156190780371,0.5894160583941606,0.7997296493222615,0.41117310339873797,0.8047445255474452,61,61,1.0,1,0.0019700253406049486,0.002522860124716709,0.180510979676724,0.9810391150685973
llvip,val,n_iou_lt_070,5,1,1,1,1.4142135623730951,199,199,0.13847721058976337,-0.5861163976821622,0.8341708542713567,1.3661718644230487,0.5686246642642006,0.8994974874371859,61,61,1.0,1,0.0025316592581456306,0.0030997466781222346,0.2242567022561363,0.9810391150685973
llvip,val,quality_gate070,5,1,1,1,1.4142135623730951,61,61,0.24981949875418802,-0.9578996149898423,1.0,1.7355332880488876,0.7873329308265418,1.0,61,61,1.0,0,0.0022019407381385922,0.002739849681001277,0.20970924993378282,0.9531215811524021
llvip,train,base,6,1,-1,1,1.4142135623730951,2728,2728,-0.014497864196814496,0.006153137710981798,0.35117302052785926,0.21351810808237837,0.31237111946770435,0.7690615835777126,23,23,1.0,1,0.0018091535526298234,0.0024710065892801707,0.1681508506289066,0.9888945365364634
llvip,train,n_iou_lt_070,6,1,-1,1,1.4142135623730951,82,82,0.12949728390404755,-0.4569516665907243,0.8170731707317073,0.7949319242580849,0.555309497769075,0.8902439024390244,23,23,1.0,1,0.002361390161514824,0.003189537976593429,0.2070774969363992,0.8894118120835515
llvip,train,quality_gate070,6,1,-1,1,1.4142135623730951,23,23,0.2268704291879093,-0.772154871898358,1.0,1.22815582817979,0.7817765337001484,1.0,23,23,1.0,0,0.002038427216033553,0.002713420608381105,0.19112912198597884,0.7473026731751133
llvip,val,base,6,1,-1,1,1.4142135623730951,548,548,0.035854919514226556,-0.177984922707355,0.5875912408759124,0.763555014149635,0.40688986989422804,0.7992700729927007,61,61,1.0,0,0.002045094192230443,0.0026405416844780855,0.1827595170083876,0.9810391150685973
llvip,val,n_iou_lt_070,6,1,-1,1,1.4142135623730951,199,199,0.1405435102292962,-0.5902138020240809,0.8442211055276382,1.314481517653931,0.5718537829435886,0.9045226130653267,61,61,1.0,0,0.0026948180016284564,0.0033232522488674116,0.22921692270095986,0.9810391150685973
llvip,val,quality_gate070,6,1,-1,1,1.4142135623730951,61,61,0.24829974268975424,-0.935433812960874,0.9672131147540983,1.6766079181460332,0.7838317171068447,1.0,61,61,1.0,0,0.0026412621329231192,0.003277252389638167,0.23816216942132754,0.9531215811524021
llvip,train,base,7,-1,1,1,1.4142135623730951,2728,2728,-0.01526036770791943,0.008203638457547766,0.34494134897360706,0.2173745106648241,0.3064009568558535,0.7661290322580645,23,22,0.9565217391304348,1,0.001730454014203327,0.0023649787001695827,0.16046514083136293,0.9928078909759392
llvip,train,n_iou_lt_070,7,-1,1,1,1.4142135623730951,82,82,0.12275431614950048,-0.44980631146558586,0.8658536585365854,0.8016659393974227,0.5550224939214663,0.9024390243902439,23,22,0.9565217391304348,1,0.0020571096389024515,0.0031120138359132378,0.18000702644556624,0.9258588974311124
llvip,train,quality_gate070,7,-1,1,1,1.4142135623730951,23,23,0.2037457634358226,-0.7490917288192445,0.9565217391304348,1.2264474031160437,0.7636984917886819,1.0,23,22,0.9565217391304348,0,0.0019021248593813242,0.002756803157356797,0.192532743211212,0.8166128741319199
llvip,val,base,7,-1,1,1,1.4142135623730951,548,548,0.03346684463256462,-0.1763538946825965,0.6040145985401459,0.8125090120703268,0.41148022608719664,0.801094890510949,61,60,0.9836065573770492,2,0.002312152593382534,0.002846262617422978,0.19835844162898386,0.9998995791130483
llvip,val,n_iou_lt_070,7,-1,1,1,1.4142135623730951,199,199,0.13928796607464286,-0.5843291574887753,0.8341708542713567,1.3697549968230773,0.5706869117885972,0.8994974874371859,61,60,0.9836065573770492,2,0.002295854905013802,0.0028386786825662868,0.19394439517378864,0.9912616902050786
llvip,val,quality_gate070,7,-1,1,1,1.4142135623730951,61,61,0.25535912440042774,-0.9607416525351103,1.0,1.7130130653291529,0.7896935264739589,1.0,61,60,0.9836065573770492,0,0.001846656415300554,0.002403844362004505,0.17784904756642816,0.9372573973132603
llvip,train,base,8,-1,-1,1,1.4142135623730951,2728,2728,-0.014396633898867485,0.005879215085930514,0.35410557184750735,0.21022453500370947,0.31236967176987396,0.7712609970674487,23,23,1.0,2,0.0018871567122057098,0.0025542099916199107,0.17243516634180728,0.9928078909759392
llvip,train,n_iou_lt_070,8,-1,-1,1,1.4142135623730951,82,82,0.12482443511231778,-0.45440904154871953,0.8292682926829268,0.7907553767705241,0.5547727590392229,0.8902439024390244,23,23,1.0,2,0.002642146791688786,0.0035720432065585814,0.22176703296769582,0.9258588974311124
llvip,train,quality_gate070,8,-1,-1,1,1.4142135623730951,23,23,0.20972594305651898,-0.7591128905144685,0.9130434782608695,1.21565921209231,0.7678856020854075,1.0,23,23,1.0,0,0.002550437637241977,0.0033397770213214805,0.2519015538107971,0.8166128741319199
llvip,val,base,8,-1,-1,1,1.4142135623730951,548,548,0.033872768947348815,-0.17201725548214775,0.593065693430657,0.7763343768977002,0.4069773851639832,0.791970802919708,61,60,0.9836065573770492,1,0.0023872214450080284,0.002963944177184354,0.2094247191919254,0.9998995791130483
llvip,val,n_iou_lt_070,8,-1,-1,1,1.4142135623730951,199,199,0.14143434337310382,-0.5884265618306941,0.8241206030150754,1.3180646500539601,0.5749495350366831,0.9045226130653267,61,60,0.9836065573770492,1,0.002459013648496628,0.0030621842533114633,0.21473560948680812,0.9912616902050786
llvip,val,quality_gate070,8,-1,-1,1,1.4142135623730951,61,61,0.2538568221509991,-0.9382758505061425,0.9836065573770492,1.6540876954262986,0.7866419509762015,1.0,61,60,0.9836065573770492,0,0.0022859778100850804,0.0029412470706413965,0.21180046413403944,0.9372573973132603
llvip,train,base,9,2,0,2,2.0,2728,2726,-0.03266067795861068,0.013140580574418095,0.34420821114369504,0.2517220727311639,0.28515921708862657,0.7595307917888563,23,23,1.0,2,0.00288531581940569,0.0037966296789469878,0.2735778636695425,1.9763927472250202
llvip,train,n_iou_lt_070,9,2,0,2,2.0,82,82,0.12335769432840883,-0.4393611576996762,0.8292682926829268,0.8332151242849224,0.5464250002937369,0.8780487804878049,23,23,1.0,2,0.0028418351577009808,0.0040881924759697775,0.26654527693104496,1.7686704573743555
llvip,train,quality_gate070,9,2,0,2,2.0,23,23,0.2272198909713525,-0.75706454864909,1.0,1.2646235776195305,0.7700883628685363,1.0,23,23,1.0,0,0.0025259255529562407,0.003493982203826018,0.26187636746002846,1.4673293875221134
llvip,val,base,9,2,0,2,2.0,548,548,0.026708738945268734,-0.16304546143141976,0.5711678832116789,0.8062928191552955,0.40465822694344117,0.8065693430656934,61,57,0.9344262295081968,0,0.00332741650113938,0.004095803873089863,0.30560116519205976,1.959788945360458
llvip,val,n_iou_lt_070,9,2,0,2,2.0,199,199,0.12821039734258005,-0.5603668681738494,0.8140703517587939,1.3670982158372116,0.5652187707154297,0.9045226130653267,61,57,0.9344262295081968,0,0.004408861414219732,0.005144477221387204,0.38734762209107104,1.959788945360458
llvip,val,quality_gate070,9,2,0,2,2.0,61,61,0.2304719175059075,-0.929794593702405,0.9672131147540983,1.742531665274326,0.7763675492823859,1.0,61,57,0.9344262295081968,0,0.0043604229366640285,0.0050980077514324856,0.409528491663089,1.9011356645642081
llvip,train,base,10,-2,0,2,2.0,2728,2726,-0.03232042061801699,0.012774508155498255,0.34494134897360706,0.2447026895531467,0.28616882733384086,0.7598973607038123,23,21,0.9130434782608695,1,0.0030413221385574636,0.003963036483626467,0.2869129103566279,1.9846871436774904
llvip,train,n_iou_lt_070,10,-2,0,2,2.0,82,82,0.11221962801134837,-0.43592608579675374,0.8170731707317073,0.8232322277250139,0.5416156141972699,0.926829268292683,23,21,0.9130434782608695,1,0.003403348418048903,0.004853202935900082,0.30375764735611577,1.8442477499514212
llvip,train,quality_gate070,10,-2,0,2,2.0,23,23,0.18997517443494114,-0.7357377195831284,0.9130434782608695,1.2383640606962347,0.7442842358919243,1.0,23,21,0.9130434782608695,0,0.00354994639537309,0.004746695029706769,0.35913132392622243,1.6189317499548679
llvip,val,base,10,-2,0,2,2.0,548,543,0.023229485168750345,-0.1538269975700068,0.5912408759124088,0.8308700472905954,0.40359747816993663,0.7992700729927007,61,58,0.9508196721311475,1,0.004011671006694551,0.0047426088585024,0.3650691107970836,1.999786621100725
llvip,val,n_iou_lt_070,10,-2,0,2,2.0,199,197,0.13125650245512815,-0.5575587538515333,0.8140703517587939,1.3745649009445637,0.5699433324282344,0.9045226130653267,61,58,0.9508196721311475,1,0.003937252707956076,0.004622341230275309,0.3536730286600949,1.9814197029484149
llvip,val,quality_gate070,10,-2,0,2,2.0,61,61,0.24322799325093464,-0.9333792830115294,0.9836065573770492,1.6973560837394601,0.7828074050225456,1.0,61,58,0.9508196721311475,0,0.0036498542909879526,0.004425997113438944,0.35063764962163424,1.8679799257096192
llvip,train,base,11,0,2,2,2.0,2728,2728,-0.015155052367836033,0.01432374666309701,0.33027859237536655,0.24770365087817095,0.28492543984564883,0.7580645161290323,23,21,0.9130434782608695,0,0.0004195858898491902,0.0007669209167126984,0.04278574389290793,1.9547314879654891
llvip,train,n_iou_lt_070,11,0,2,2,2.0,82,82,0.12379270969814495,-0.4285931492029779,0.8170731707317073,0.8283106189925641,0.5485288439345748,0.8902439024390244,23,21,0.9130434782608695,0,0.000710870859756,0.0013708247359263935,0.08006326549829033,1.6261687694495208
llvip,train,quality_gate070,11,0,2,2,2.0,23,23,0.2087606640354162,-0.7473259943091393,0.9565217391304348,1.258316616950939,0.7593941330187757,1.0,23,21,0.9130434782608695,0,0.00025430332338955916,0.0007669112850068253,0.030521261594450923,0.5994119313593842
llvip,val,base,11,0,2,2,2.0,548,548,0.033997674954341826,-0.16105085105613803,0.583941605839416,0.8515323353245656,0.402681687867545,0.8029197080291971,61,60,0.9836065573770492,2,0.0006126341800705169,0.0009499163763435556,0.060254331879369544,1.9003453228717149
llvip,val,n_iou_lt_070,11,0,2,2,2.0,199,199,0.13822806081020084,-0.5566516439869391,0.8040201005025126,1.4217837779002138,0.5604847920206978,0.8944723618090452,61,60,0.9836065573770492,2,0.0006544571020715279,0.0010550161348572653,0.06762116093038607,1.9003453228717149
llvip,val,quality_gate070,11,0,2,2,2.0,61,61,0.25432334460060096,-0.9550598675424034,1.0,1.7864915416691391,0.7856855487201927,1.0,61,60,0.9836065573770492,0,4.3458539613155953e-05,0.0003816916105700656,0.005822868068995175,0.22231085904940073
llvip,train,base,12,0,-2,2,2.0,2728,2728,-0.013734966030547005,0.01063054512224261,0.33687683284457476,0.232100871832229,0.2934830576125122,0.7661290322580645,23,22,0.9565217391304348,1,0.0007329912858539564,0.0011453834996133542,0.07168779278836424,1.9233916372216981
llvip,train,n_iou_lt_070,12,0,-2,2,2.0,82,82,0.12851749021887576,-0.43435262109166434,0.7804878048780488,0.8041743769939934,0.5472747378494448,0.8780487804878049,23,22,0.9565217391304348,1,0.0018809451653286683,0.0022908834772170806,0.1665890198107262,1.66343611230252
llvip,train,quality_gate070,12,0,-2,2,2.0,23,23,0.22076504595599425,-0.7633879144303178,0.9130434782608695,1.235105428855837,0.7744790567631256,1.0,23,22,0.9565217391304348,0,0.0015509288791108638,0.0019328590129361904,0.15656782341483408,1.477606403947675
llvip,val,base,12,0,-2,2,2.0,548,548,0.03484081294673171,-0.1556098346921655,0.5693430656934306,0.7778828998113262,0.39210279661721675,0.791970802919708,61,61,1.0,0,0.0007627718833215057,0.0011852794958663083,0.08001596716376096,1.9539164899960042
llvip,val,n_iou_lt_070,12,0,-2,2,2.0,199,199,0.14208550282468474,-0.5647967132822712,0.8040201005025126,1.316970056563135,0.5665600887532886,0.9095477386934674,61,61,1.0,0,0.0009807745890371795,0.0015020272763476188,0.10753952612372605,1.9539164899960042
llvip,val,quality_gate070,12,0,-2,2,2.0,61,61,0.25196897597940954,-0.9252852122886486,0.9672131147540983,1.6662285712585003,0.7791395880984336,1.0,61,61,1.0,0,0.0009221013291822101,0.0014564970278438478,0.09712028396431432,1.4417831731466322
llvip,train,base,13,2,2,2,2.8284271247461903,2728,2726,-0.04472476565635353,0.044884573224298646,0.21297653958944282,0.2928571680913113,0.21768720974719166,0.7063782991202346,23,21,0.9130434782608695,2,0.003304901709254881,0.004563550595659686,0.30186459189467824,1.9763927472250202
llvip,train,n_iou_lt_070,13,2,2,2,2.8284271247461903,82,82,0.11456890100707817,-0.43586873324362424,0.8536585365853658,0.8470752787479798,0.5505948193591934,0.8780487804878049,23,21,0.9130434782608695,2,0.003552706017456981,0.005459017211896171,0.29932725266528776,1.7686704573743555
llvip,train,quality_gate070,13,2,2,2,2.8284271247461903,23,23,0.213755811747181,-0.743539435584991,1.0,1.2649618823165911,0.7657814848910492,1.0,23,21,0.9130434782608695,0,0.0027802288763458,0.004260893488832844,0.2899824244743342,1.4673293875221134
llvip,val,base,13,2,2,2,2.8284271247461903,548,548,0.019949604144038974,-0.1681983451664758,0.5638686131386861,0.8536197466925927,0.4011405309419925,0.8120437956204379,61,58,0.9508196721311475,1,0.003940050681209897,0.005045720249433418,0.3560185870021345,1.959788945360458
llvip,val,n_iou_lt_070,13,2,2,2,2.8284271247461903,199,199,0.12073944680380701,-0.578550376101003,0.8492462311557789,1.4096370426917013,0.5701236986675099,0.9296482412060302,61,58,0.9508196721311475,1,0.005063318516291261,0.006199493356244469,0.4421853059361022,1.959788945360458
llvip,val,quality_gate070,13,2,2,2,2.8284271247461903,61,61,0.2234055533083422,-0.9394013346552894,1.0,1.770359319941244,0.7773770053018682,1.0,61,58,0.9508196721311475,0,0.0044038814762771845,0.005479699362002554,0.4138681845644339,1.9011356645642081
llvip,train,base,14,2,-2,2,2.8284271247461903,2728,2726,-0.04347891158962085,0.04119137168344424,0.21407624633431085,0.27725438904536936,0.2225265037478967,0.7082111436950147,23,22,0.9565217391304348,2,0.0036183071052596468,0.004942013178560341,0.3309521754169488,1.9763927472250202
llvip,train,n_iou_lt_070,14,2,-2,2,2.8284271247461903,82,82,0.11895314932684786,-0.44162820513231066,0.7926829268292683,0.8229390367494093,0.5496428697249116,0.8780487804878049,23,22,0.9565217391304348,2,0.004722780323029648,0.006379075953186858,0.4066676070841518,1.7686704573743555
llvip,train,quality_gate070,14,2,-2,2,2.8284271247461903,23,23,0.22554532446452571,-0.7596013557061695,0.9565217391304348,1.2417506942214889,0.7848827785899196,1.0,23,22,0.9565217391304348,0,0.004076854432067106,0.00542684121676221,0.3759546428385786,1.477606403947675
llvip,val,base,14,2,-2,2,2.8284271247461903,548,548,0.020548811023473983,-0.1627573288025033,0.5492700729927007,0.7799703111793532,0.3916178034855068,0.8065693430656934,61,55,0.9016393442622951,0,0.004090188384460886,0.005281083368956171,0.36041039967461597,1.959788945360458
llvip,val,n_iou_lt_070,14,2,-2,2,2.8284271247461903,199,199,0.12407809191026456,-0.5866954453963353,0.8542713567839196,1.3048233213546219,0.5748145765911157,0.9346733668341709,61,55,0.9016393442622951,0,0.005389636003256913,0.006646504497734823,0.4520294593544781,1.959788945360458
llvip,val,quality_gate070,14,2,-2,2,2.8284271247461903,61,61,0.2207737203198251,-0.9096266794015345,0.9672131147540983,1.650096349530605,0.7708824183478128,1.0,61,55,0.9016393442622951,0,0.0052825242658462385,0.006554504779276334,0.4699526506236766,1.9011356645642081
llvip,train,base,15,-2,2,2,2.8284271247461903,2728,2726,-0.04448867734629056,0.04451850080537881,0.21297653958944282,0.28583778491329404,0.21631969344368512,0.7085777126099707,23,19,0.8260869565217391,1,0.003460908028406654,0.004729957400339165,0.3160099034623161,1.9846871436774904
llvip,train,n_iou_lt_070,15,-2,2,2,2.8284271247461903,82,82,0.10347368633476131,-0.4324336613407015,0.8292682926829268,0.8370923821880711,0.5476741781810828,0.9390243902439024,23,19,0.8260869565217391,1,0.004114219277804903,0.0062240276718264756,0.3530785815247269,1.8442477499514212
llvip,train,quality_gate070,15,-2,2,2,2.8284271247461903,23,23,0.17695637800800254,-0.7222126065190295,0.9130434782608695,1.2387023653932954,0.7442249202283351,1.0,23,19,0.8260869565217391,0,0.0038042497187626484,0.005513606314713594,0.3785480712593479,1.6189317499548679
llvip,val,base,15,-2,2,2,2.8284271247461903,548,543,0.016324340997145997,-0.1589798813050629,0.5565693430656934,0.8781969748278926,0.4008565333992815,0.8083941605839416,61,58,0.9508196721311475,2,0.004624305186765068,0.005692525234845956,0.39149695135284296,1.999786621100725
llvip,val,n_iou_lt_070,15,-2,2,2,2.8284271247461903,199,197,0.12348271662580475,-0.5757422617786869,0.8391959798994975,1.417103727799053,0.5738345107315042,0.9195979899497487,61,58,0.9508196721311475,2,0.004591709810027604,0.0056773573651325735,0.38279251471285486,1.9814197029484149
llvip,val,quality_gate070,15,-2,2,2,2.8284271247461903,61,61,0.2357271106026905,-0.9429860239644136,1.0,1.7251837384063782,0.7832320415359133,1.0,61,58,0.9508196721311475,0,0.003693312830601108,0.00480768872400901,0.3507255706411596,1.8679799257096192
llvip,train,base,16,-2,-2,2,2.8284271247461903,2728,2726,-0.04313310407588196,0.04082529926452441,0.21957478005865103,0.2702350058673521,0.22353940940768818,0.7129765395894428,23,21,0.9130434782608695,2,0.0037743134244114197,0.0051084199832398215,0.33957395229705134,1.9846871436774904
llvip,train,n_iou_lt_070,16,-2,-2,2,2.8284271247461903,82,82,0.10806282220375318,-0.4381931332293881,0.8414634146341463,0.8129561401895005,0.5481979347342262,0.9146341463414634,23,21,0.9130434782608695,2,0.005284293583377572,0.007144086413117163,0.43538614044125146,1.8442477499514212
llvip,train,quality_gate070,16,-2,-2,2,2.8284271247461903,23,23,0.1889182028605302,-0.738274526640208,0.9130434782608695,1.2154911772981933,0.7556137011930122,1.0,23,21,0.9130434782608695,0,0.005100875274483954,0.006679554042642961,0.49582255539690673,1.6189317499548679
llvip,val,base,16,-2,-2,2,2.8284271247461903,548,543,0.017156989833187475,-0.15353886494109034,0.5346715328467153,0.8045475393146534,0.3905214138302053,0.7992700729927007,61,58,0.9508196721311475,1,0.004774442890016057,0.005927888354368708,0.4132985627189028,1.999786621100725
llvip,val,n_iou_lt_070,16,-2,-2,2,2.8284271247461903,199,197,0.127145342704665,-0.5838873310740189,0.8291457286432161,1.3122900064619745,0.5821837565528818,0.9246231155778895,61,58,0.9508196721311475,1,0.004918027296993256,0.006124368506622927,0.4238284375012718,1.9814197029484149
llvip,val,quality_gate070,16,-2,-2,2,2.8284271247461903,61,61,0.23324066662136422,-0.9132113687106587,0.9836065573770492,1.6049207679957396,0.7780898379978938,1.0,61,58,0.9508196721311475,0,0.004571955620170161,0.005882494141282793,0.41760601848936413,1.8679799257096192
llvip,train,base,17,4,0,4,4.0,2728,2698,-0.0902920276674431,0.060200694801386644,0.1939149560117302,0.38579076733547607,0.18070774482500085,0.6851173020527859,23,22,0.9565217391304348,2,0.00577063163881138,0.0075932593578939755,0.5280779897553183,3.945995310078956
llvip,train,n_iou_lt_070,17,4,0,4,4.0,82,82,0.09264646887584013,-0.40010215955026623,0.8048780487804879,0.9410706449196021,0.5191349983030787,0.9024390243902439,23,22,0.9565217391304348,2,0.0056836703154019615,0.008176384951939555,0.5098571503690736,3.4905698302386554
llvip,train,quality_gate070,17,4,0,4,4.0,23,23,0.2024450278253448,-0.7304040762132284,0.9565217391304348,1.3423869438968479,0.745487416179451,1.0,23,22,0.9565217391304348,0,0.0050518511059124815,0.006987964407652036,0.5038498433684037,2.8586615189973372
llvip,val,base,17,4,0,4,4.0,548,536,-0.007231446038526163,-0.131060059143346,0.5109489051094891,0.8995530354781337,0.3741050570804995,0.8065693430656934,61,49,0.8032786885245902,1,0.00665483300227876,0.008191607746179726,0.5921588359186831,3.908534613004747
llvip,val,n_iou_lt_070,17,4,0,4,4.0,199,192,0.0936376995808371,-0.5313296455707907,0.8090452261306532,1.4465615899822577,0.5481809143459786,0.914572864321608,61,49,0.8032786885245902,1,0.008817722828439465,0.010288954442774409,0.7500044636534394,3.908534613004747
llvip,val,quality_gate070,17,4,0,4,4.0,61,59,0.17651523476880648,-0.8948954532734571,0.9508196721311475,1.8117479145420896,0.7422329909841315,0.9836065573770492,61,49,0.8032786885245902,0,0.008720845873328057,0.010196015502864971,0.7958375669061903,3.778094252996084
llvip,train,base,18,-4,0,4,4.0,2728,2708,-0.09016327343760731,0.059584546339107015,0.1975806451612903,0.3708218813030622,0.18351433943389073,0.6924486803519062,23,16,0.6956521739130435,2,0.006082644277114927,0.007926072967252933,0.5544539041522153,3.9648336404708857
llvip,train,n_iou_lt_070,18,-4,0,4,4.0,82,82,0.07508809454629699,-0.3947757424646908,0.7560975609756098,0.9170911086769795,0.502159283050242,0.9146341463414634,23,16,0.6956521739130435,2,0.006806696836097806,0.009706405871800165,0.5809108553005752,3.6535935096333105
llvip,train,quality_gate070,18,-4,0,4,4.0,23,23,0.14750930998165215,-0.6951467118227971,0.8695652173913043,1.2859792383363022,0.68914423250317,1.0,23,16,0.6956521739130435,0,0.00709989279074618,0.009493390059413537,0.6925120546150367,3.173437594488803
llvip,val,base,18,-4,0,4,4.0,548,536,-0.016105358804682175,-0.11675207582227319,0.5182481751824818,0.9462141621578508,0.3740509379283866,0.8065693430656934,61,54,0.8852459016393442,1,0.008023342013389102,0.0094852177170048,0.7086079228678828,3.9995123627402336
llvip,val,n_iou_lt_070,18,-4,0,4,4.0,199,195,0.09623896678001818,-0.5265243369756311,0.8090452261306532,1.4625007333147721,0.5583515125355429,0.9296482412060302,61,54,0.8852459016393442,1,0.007874505415912152,0.009244682460550617,0.6865301439404282,3.9574673973459227
llvip,val,quality_gate070,18,-4,0,4,4.0,61,60,0.19422107649550494,-0.8991170644512625,0.9836065573770492,1.7213513407657575,0.7601411141404852,1.0,61,54,0.8852459016393442,0,0.007299708581975905,0.008851994226877888,0.6799412042272577,3.7052618025197717
llvip,train,base,19,0,4,4,4.0,2728,2726,-0.03925834058876292,0.061304910036612904,0.1840175953079179,0.3791615440863535,0.18191873176055584,0.6832844574780058,23,16,0.6956521739130435,0,0.0008391717796983804,0.0015338418334253968,0.08263599652881602,3.897321854806762
llvip,train,n_iou_lt_070,19,0,4,4,4.0,82,82,0.108021147271105,-0.3952178468060311,0.7804878048780488,0.9162312836156109,0.5237028090130097,0.9024390243902439,23,16,0.6956521739130435,0,0.001421741719512,0.002741649471852787,0.15423735591728369,3.1885666623229554
llvip,train,quality_gate070,19,0,4,4,4.0,23,23,0.18732424181560695,-0.7130892453151966,0.8695652173913043,1.3295359317533852,0.7205695879942268,1.0,23,16,0.6956521739130435,0,0.0005086066467791183,0.0015338225700136507,0.057958818872571746,1.1380364276725459
llvip,val,base,19,0,4,4,4.0,548,547,0.019206428408620874,-0.12698097849361914,0.531021897810219,0.9894582012905531,0.3762459195333067,0.7992700729927007,61,60,0.9836065573770492,1,0.0012252683601410338,0.0018998327526871112,0.11715037483867421,3.7770225890851066
llvip,val,n_iou_lt_070,19,0,4,4,4.0,199,198,0.12453421983671045,-0.5253053913635436,0.7889447236180904,1.550574150521361,0.5454924996842023,0.9045226130653267,61,60,0.9836065573770492,1,0.0013089142041430558,0.0021100322697145306,0.13152075564548468,3.7770225890851066
llvip,val,quality_gate070,19,0,4,4,4.0,61,61,0.23777549287178762,-0.9255452379874284,1.0,1.903876974165343,0.7639592521382192,1.0,61,60,0.9836065573770492,0,8.691707922631191e-05,0.0007633832211401312,0.011003501763860729,0.4177295851170584
llvip,train,base,20,0,-4,4,4.0,2728,2726,-0.03704003432675128,0.05517951847820442,0.19244868035190615,0.34528972623936477,0.188231283200026,0.6854838709677419,23,21,0.9130434782608695,1,0.0014659825717079128,0.0022907669992267084,0.13824574981203808,3.827285551924433
llvip,train,n_iou_lt_070,20,0,-4,4,4.0,82,82,0.1154899079365541,-0.40295421071516124,0.7682926829268293,0.8625077056950227,0.5230768626055635,0.8902439024390244,23,21,0.9130434782608695,1,0.0037618903306573365,0.004581766954434161,0.3213136322216629,3.2670974889199442
llvip,train,quality_gate070,20,0,-4,4,4.0,23,23,0.20442100737588054,-0.7396926015762709,0.9130434782608695,1.2786588748407457,0.758141300270037,1.0,23,21,0.9130434782608695,0,0.0031018577582217276,0.003865718025872381,0.30250952634777756,2.8798610936903515
llvip,val,base,20,0,-4,4,4.0,548,547,0.02075456471045061,-0.12144823532528524,0.5072992700729927,0.8396967143519503,0.3506915628308921,0.781021897810219,61,60,0.9836065573770492,0,0.0015255437666430113,0.0023705589917326166,0.1551916656530895,3.8958058286344794
llvip,val,n_iou_lt_070,20,0,-4,4,4.0,199,198,0.1308744286093151,-0.5427378499481598,0.8040201005025126,1.3380779019993985,0.5519011692182834,0.914572864321608,61,60,0.9836065573770492,0,0.001961549178074359,0.0030040545526952376,0.20876263608726536,3.8958058286344794
llvip,val,quality_gate070,20,0,-4,4,4.0,61,61,0.23603223352926092,-0.8863073516668101,0.9672131147540983,1.6584943666757965,0.7517418531202804,1.0,61,60,0.9836065573770492,0,0.0018442026583644201,0.0029129940556876957,0.18693295258502357,2.8061626769336954
llvip,train,base,21,4,4,4,5.656854249492381,2728,2696,-0.12159477528265349,0.1389258508247831,0.09420821114369501,0.5583837559038061,0.07643471383630566,0.5733137829912024,23,16,0.6956521739130435,2,0.006609803418509762,0.009127101191319372,0.5829683628625321,3.945995310078956
llvip,train,n_iou_lt_070,21,4,4,4,5.656854249492381,82,82,0.07066391604567263,-0.3632344326972674,0.7804878048780488,1.0428514640057065,0.5014602909055639,0.8780487804878049,23,16,0.6956521739130435,2,0.007105412034913962,0.010918034423792342,0.572746061581172,3.4905698302386554
llvip,train,quality_gate070,21,4,4,4,5.656854249492381,23,23,0.16926219303305207,-0.6826422141551871,0.9130434782608695,1.4139445633963543,0.7057715441777261,1.0,23,16,0.6956521739130435,0,0.0055604577526916,0.008521786977665688,0.5571728537414508,2.8586615189973372
llvip,val,base,21,4,4,4,5.656854249492381,548,535,-0.02642453709838903,-0.10214307031588316,0.46715328467153283,1.0848058289814182,0.3489853053130302,0.801094890510949,61,46,0.7540983606557377,1,0.007880101362419794,0.010091440498866837,0.6905377277651572,3.908534613004747
llvip,val,n_iou_lt_070,21,4,4,4,5.656854249492381,199,191,0.0752841622994625,-0.5181669008745486,0.7989949748743719,1.6178907894578942,0.5328235347230319,0.9346733668341709,61,46,0.7540983606557377,1,0.010126637032582523,0.012398986712488938,0.8569916927897036,3.908534613004747
llvip,val,quality_gate070,21,4,4,4,5.656854249492381,61,59,0.1567260455764479,-0.8749875646713663,0.9508196721311475,1.9569610017052115,0.7204065025298276,0.9836065573770492,61,46,0.7540983606557377,0,0.008807762952554369,0.010959398724005108,0.8040042151485113,3.778094252996084
llvip,train,base,22,4,-4,4,5.656854249492381,2728,2696,-0.12001561845673603,0.1328004592663746,0.09494134897360704,0.5245119380568173,0.07718187666381471,0.5813782991202346,23,20,0.8695652173913043,2,0.0072366142105192936,0.009884026357120683,0.6389863965292573,3.945995310078956
llvip,train,n_iou_lt_070,22,4,-4,4,5.656854249492381,82,82,0.07616264658138155,-0.3709707966063976,0.7560975609756098,0.9891278860851183,0.5081321174495204,0.8902439024390244,23,20,0.8695652173913043,2,0.009445560646059297,0.012758151906373716,0.7807314066973758,3.4905698302386554
llvip,train,quality_gate070,22,4,-4,4,5.656854249492381,23,23,0.18458315673245038,-0.709245570416261,0.9130434782608695,1.3630675064837148,0.7478519665698251,1.0,23,20,0.8695652173913043,0,0.008153708864134211,0.01085368243352442,0.7249471911828581,2.8798610936903515
llvip,val,base,22,4,-4,4,5.656854249492381,548,535,-0.02557924646155563,-0.09661032714754929,0.45255474452554745,0.9350443420428155,0.3225718411579102,0.791970802919708,61,44,0.7213114754098361,0,0.008180376768921771,0.010562166737912342,0.6988940248696617,3.908534613004747
llvip,val,n_iou_lt_070,22,4,-4,4,5.656854249492381,199,191,0.07985801399835572,-0.5355993594591651,0.8190954773869347,1.4053945409359316,0.5356812999041316,0.9246231155778895,61,44,0.7213114754098361,0,0.010779272006513825,0.013293008995469646,0.87639322002532,3.908534613004747
llvip,val,quality_gate070,22,4,-4,4,5.656854249492381,61,59,0.15406645816620465,-0.8357496783507481,0.9180327868852459,1.7115783942156653,0.7079006525709258,0.9836065573770492,61,44,0.7213114754098361,0,0.010565048531692477,0.013109009558552667,0.912612186867347,3.778094252996084
llvip,train,base,23,-4,4,4,5.656854249492381,2728,2706,-0.12174257501338925,0.13830970236250345,0.09274193548387097,0.5434148698713922,0.07533508719855926,0.5608504398826979,23,12,0.5217391304347826,2,0.006921816056813308,0.00945991480067833,0.6109425847220024,3.9648336404708857
llvip,train,n_iou_lt_070,23,-4,4,4,5.656854249492381,82,82,0.05258894671592334,-0.35790801561169205,0.7682926829268293,1.018871927763084,0.4885056027106959,0.926829268292683,23,12,0.5217391304347826,2,0.008228438555609806,0.012448055343652951,0.6764262145460201,3.6535935096333105
llvip,train,quality_gate070,23,-4,4,4,5.656854249492381,23,23,0.11629444002235997,-0.6473848497647557,0.8695652173913043,1.3575368578358087,0.6627672473948024,1.0,23,12,0.5217391304347826,0,0.007608499437525297,0.011027212629427187,0.7294489499579481,3.173437594488803
llvip,val,base,23,-4,4,4,5.656854249492381,548,535,-0.03540527290149078,-0.08783508699481038,0.4708029197080292,1.1314669556611352,0.3524471709104269,0.822992700729927,61,52,0.8524590163934426,1,0.009248610373530136,0.011385050469691913,0.7605207377198787,3.9995123627402336
llvip,val,n_iou_lt_070,23,-4,4,4,5.656854249492381,199,194,0.07716600608904763,-0.5133615922793893,0.8241206030150754,1.6338299327904087,0.5430401696080586,0.949748743718593,61,52,0.8524590163934426,1,0.009183419620055209,0.011354714730265147,0.7435510093515929,3.9574673973459227
llvip,val,quality_gate070,23,-4,4,4,5.656854249492381,61,60,0.17316391420044955,-0.8792091758491716,0.9836065573770492,1.866564427928879,0.7396809796750317,1.0,61,52,0.8524590163934426,0,0.007386625661202216,0.00961537744801802,0.6801198411146384,3.7052618025197717
llvip,train,base,24,-4,-4,4,5.656854249492381,2728,2706,-0.11983909727911583,0.13218431080409496,0.09494134897360704,0.5095430520244033,0.08012960691700224,0.5817448680351907,23,14,0.6086956521739131,3,0.007548626848822839,0.010216839966479643,0.6564010577602686,3.9648336404708857
llvip,train,n_iou_lt_070,24,-4,-4,4,5.656854249492381,82,82,0.059966725404183,-0.3656443795208221,0.7560975609756098,0.9651483498424953,0.4827404314663845,0.9024390243902439,23,14,0.6086956521739131,3,0.010568587166755143,0.014288172826234326,0.8353025616627251,3.6535935096333105
llvip,train,quality_gate070,24,-4,-4,4,5.656854249492381,23,23,0.13278199743575533,-0.6739882060258298,0.9130434782608695,1.3066598009231696,0.6895628320590734,0.9565217391304348,23,14,0.6086956521739131,0,0.010201750548967908,0.013359108085285922,0.9575090156629827,3.173437594488803
llvip,val,base,24,-4,-4,4,5.656854249492381,548,535,-0.03416874839192915,-0.08230234382647648,0.4416058394160584,0.9817054687225324,0.3261498643207261,0.7828467153284672,61,47,0.7704918032786885,1,0.009548885780032114,0.011855776708737416,0.8027044241330328,3.9995123627402336
llvip,val,n_iou_lt_070,24,-4,-4,4,5.656854249492381,199,194,0.08241896121056388,-0.5307940508640054,0.8190954773869347,1.4213336842684463,0.5490818186564979,0.9396984924623115,61,47,0.7704918032786885,1,0.009836054593986511,0.012248737013245853,0.8233035400395161,3.9574673973459227
llvip,val,quality_gate070,24,-4,-4,4,5.656854249492381,61,60,0.17095241481336668,-0.839971289528553,0.9836065573770492,1.621181820439333,0.727874421019573,1.0,61,47,0.7704918032786885,0,0.009143911240340322,0.011764988282565586,0.809478535427523,3.7052618025197717
dronevehicle,train,base,0,0,0,0,0.0,15019,15019,-0.05171887879070436,0.16443143152784453,0.35561621945535654,0.5798744623938985,0.17825235721935231,0.6364604833877089,87,87,1.0,0,0.0,0.0,0.0,0.0
dronevehicle,train,n_iou_lt_070,0,0,0,0,0.0,366,366,0.13409494257639176,-0.39197921845858025,0.8005464480874317,0.9983726167417861,0.5688146945309906,0.9180327868852459,87,87,1.0,0,0.0,0.0,0.0,0.0
dronevehicle,train,quality_gate070,0,0,0,0,0.0,87,87,0.1870474760121233,-0.6285094076991627,1.0,1.1130040252747266,0.7557687775453243,1.0,87,87,1.0,0,0.0,0.0,0.0,0.0
dronevehicle,val,base,0,0,0,0,0.0,2821,2821,-0.034309176223082334,0.12560703499852452,0.39064161644806805,0.661981881783617,0.2084077871141649,0.6437433534207728,47,47,1.0,0,0.0,0.0,0.0,0.0
dronevehicle,val,n_iou_lt_070,0,0,0,0,0.0,229,229,0.1321348745717457,-0.4066026013565011,0.8034934497816594,0.9785878692321471,0.5676167271567276,0.9126637554585153,47,47,1.0,0,0.0,0.0,0.0,0.0
dronevehicle,val,quality_gate070,0,0,0,0,0.0,47,47,0.22356879855292305,-0.6774616111132783,0.9787234042553191,1.2140151098024805,0.7758989677796101,1.0,47,47,1.0,0,0.0,0.0,0.0,0.0
dronevehicle,train,base,1,1,0,1,1.0,15019,15017,-0.05933211131615805,0.16983910319150822,0.27438577801451497,0.6035599149218739,0.14929781479964913,0.6127571742459551,87,83,0.9540229885057471,3,0.0011180425431379843,0.0015050762105743118,0.06389406783142884,1.1842750683795487
dronevehicle,train,n_iou_lt_070,1,1,0,1,1.0,366,366,0.12695808571926676,-0.41062854261481146,0.8087431693989071,0.9650220819407458,0.5639150937511024,0.9180327868852459,87,83,0.9540229885057471,3,0.0018618715475065305,0.0023377515872439938,0.1175117229010083,0.9902068288775467
dronevehicle,train,quality_gate070,1,1,0,1,1.0,87,87,0.17570707689653633,-0.6118212688655095,0.9770114942528736,1.08069718538531,0.74663153489242,1.0,87,83,0.9540229885057471,0,0.0015845506866640506,0.002125329066715554,0.0887069914863781,0.7423579634941437
dronevehicle,val,base,1,1,0,1,1.0,2821,2820,-0.042140824348684096,0.13218689283687374,0.34065934065934067,0.6949214831317839,0.194505289107133,0.6370081531371854,47,45,0.9574468085106383,1,0.0011755719415896795,0.0015920447108237318,0.06670920742550097,0.9975083453444995
dronevehicle,val,n_iou_lt_070,1,1,0,1,1.0,229,229,0.12679298991519358,-0.4058921663648473,0.8122270742358079,0.9783098699372248,0.5719857922212221,0.9170305676855895,47,45,0.9574468085106383,1,0.0014464517443183633,0.0019736316069818302,0.09105983727245884,0.9259812659716431
dronevehicle,val,quality_gate070,1,1,0,1,1.0,47,47,0.21045029913896324,-0.6576781891180363,1.0,1.2067218194257092,0.7731612605720262,1.0,47,45,0.9574468085106383,0,0.0004988713526016445,0.0009880028774324795,0.03603176996534108,0.9259812659716431
dronevehicle,train,base,2,-1,0,1,1.0,15019,15018,-0.06126408576655555,0.17298273059092176,0.2708569145748718,0.613887958437937,0.15042584640088794,0.6160862906984487,87,84,0.9655172413793104,6,0.0013362098989290463,0.00170445758230413,0.07516021298871077,0.994690262915384
dronevehicle,train,n_iou_lt_070,2,-1,0,1,1.0,366,366,0.12608420659041805,-0.3807334638848969,0.7978142076502732,0.9881990857040394,0.5700151780110915,0.9207650273224044,87,84,0.9655172413793104,6,0.0019064332354652084,0.0024560057082595433,0.11705042985036476,0.987664457512949
dronevehicle,train,quality_gate070,2,-1,0,1,1.0,87,87,0.1762748502087433,-0.5985692723978283,0.9655172413793104,1.101242444456177,0.7462002703451046,1.0,87,84,0.9655172413793104,0,0.0013877314567363513,0.0019163860382424365,0.07441023725797596,0.8706443914866782
dronevehicle,val,base,2,-1,0,1,1.0,2821,2821,-0.041118507864607905,0.13279667650967242,0.337468982630273,0.6825329796401246,0.19556230602501823,0.6391350584898972,47,47,1.0,2,0.0010606763505621904,0.0015038171599089825,0.061736406011676744,1.1015837834499393
dronevehicle,val,n_iou_lt_070,2,-1,0,1,1.0,229,229,0.12579239938721615,-0.4060074425299951,0.8209606986899564,0.9338673075918463,0.5728032349734955,0.9213973799126638,47,47,1.0,2,0.0011874698051386825,0.0016958190565442841,0.07871288254387315,0.9951510965826742
dronevehicle,val,quality_gate070,2,-1,0,1,1.0,47,47,0.21849149788347869,-0.6557171269736158,0.9787234042553191,1.1330286431158296,0.7772280716900162,1.0,47,47,1.0,0,0.00022997115473608718,0.0006172082999168346,0.02039789306533937,0.6832565702393936
dronevehicle,train,base,3,0,1,1,1.0,15019,15019,-0.058030528021005695,0.1580626691833729,0.27418603102736533,0.5898541427032121,0.1503501615397059,0.6162194553565483,87,81,0.9310344827586207,3,0.0011813242855770812,0.0015900526618279444,0.06824360920265499,1.0262290337910969
dronevehicle,train,n_iou_lt_070,3,0,1,1,1.0,366,366,0.12425729202320983,-0.4020926204402146,0.8032786885245902,0.9514288663869144,0.5665592251559812,0.912568306010929,87,81,0.9310344827586207,3,0.0018673619572569166,0.0024460136433282864,0.11382710646769532,0.972429192485194
dronevehicle,train,quality_gate070,3,0,1,1,1.0,87,87,0.16559545255239508,-0.5979887912420959,0.9655172413793104,1.0555795074991,0.743202572244374,1.0,87,81,0.9310344827586207,0,0.001565173628871197,0.0022694248829365975,0.08782020123326484,0.972429192485194
dronevehicle,val,base,3,0,1,1,1.0,2821,2821,-0.036499714410111676,0.10743543961938411,0.3427862460120525,0.6609672040283457,0.19804919361563397,0.6377171215880894,47,46,0.9787234042553191,2,0.0010054250966344265,0.0014321324356274155,0.0600216696230172,0.9851201058350512
dronevehicle,val,n_iou_lt_070,3,0,1,1,1.0,229,229,0.1253914975393919,-0.4160277985384097,0.7991266375545851,0.9819816584815875,0.5703737386952739,0.9170305676855895,47,46,0.9787234042553191,2,0.0015502531866793106,0.002113653672870117,0.09908022941198256,0.9732549334955252
dronevehicle,val,quality_gate070,3,0,1,1,1.0,47,47,0.21500578372543672,-0.6489207179687814,0.9787234042553191,1.1900741235146395,0.773980016799288,1.0,47,46,0.9787234042553191,0,0.0008749036438494827,0.0012852301953265937,0.053657756115546275,0.7498654033789052
dronevehicle,train,base,4,0,-1,1,1.0,15019,15018,-0.06426204733662604,0.1840607237180675,0.27238830814301884,0.6316782163096991,0.15053831517041252,0.6152873027498502,87,86,0.9885057471264368,7,0.0014520894887633706,0.0018751093981582054,0.08277331673332365,1.002316403343798
dronevehicle,train,n_iou_lt_070,4,0,-1,1,1.0,366,365,0.12829989419016696,-0.396388718444504,0.8142076502732241,1.0054184842686251,0.5759873667511557,0.9289617486338798,87,86,0.9885057471264368,7,0.0025432878684733635,0.003060785623706125,0.15374695694839396,0.9884709807606242
dronevehicle,train,quality_gate070,4,0,-1,1,1.0,87,87,0.18820676705557082,-0.62374433795254,1.0,1.1310849077514153,0.7645934760065348,1.0,87,86,0.9885057471264368,0,0.0013403337617378776,0.001944664795608362,0.07878324981343068,0.9372200861650981
dronevehicle,val,base,4,0,-1,1,1.0,2821,2821,-0.04781887225348425,0.144624865035398,0.3346331088266572,0.7167487539949228,0.19117634198114858,0.6309819213045019,47,47,1.0,3,0.0014864943332551898,0.0019165556826716145,0.08665640552531292,1.0131973422359124
dronevehicle,val,n_iou_lt_070,4,0,-1,1,1.0,229,229,0.1257925477196068,-0.41247388111423156,0.8209606986899564,0.9452690418670965,0.5806246456074021,0.9170305676855895,47,47,1.0,3,0.0019605946400945446,0.002526225808915224,0.12962563758764623,0.9433587745068621
dronevehicle,val,quality_gate070,4,0,-1,1,1.0,47,47,0.21027144197096173,-0.6641253070875044,0.9787234042553191,1.1676510127937343,0.7770050853479481,1.0,47,47,1.0,0,0.0010180208691839454,0.0014790469196691099,0.07810738110796933,0.7418111091513993
dronevehicle,train,base,5,1,1,1,1.4142135623730951,15019,15017,-0.0655477329701504,0.1634703408470366,0.21426193488248219,0.6135395952311876,0.1229671884398368,0.5881217124975031,87,76,0.8735632183908046,4,0.002299366828715066,0.0030951288724022567,0.12144255579000922,1.1842750683795487
dronevehicle,train,n_iou_lt_070,5,1,1,1,1.4142135623730951,366,366,0.11726342898007418,-0.4207419445964458,0.8005464480874317,0.918078331585874,0.5628936462077735,0.907103825136612,87,76,0.8735632183908046,4,0.0037292335047634474,0.004783765230572281,0.19860355781434036,0.9902068288775467
dronevehicle,train,quality_gate070,5,1,1,1,1.4142135623730951,87,87,0.1542874846912834,-0.5813006524084426,0.9655172413793104,1.023272667609683,0.7333558471156216,1.0,87,76,0.8735632183908046,0,0.003149724315535247,0.004394753949652152,0.15202196382244357,0.972429192485194
dronevehicle,val,base,5,1,1,1,1.4142135623730951,2821,2820,-0.04424190541685833,0.11401529745773334,0.2995391705069124,0.6939068053765125,0.18464499959197828,0.6320453739808578,47,44,0.9361702127659575,1,0.002180997038224106,0.0030241771464511475,0.11618977172990017,0.9975083453444995
dronevehicle,val,n_iou_lt_070,5,1,1,1,1.4142135623730951,229,229,0.12020872328183,-0.4153173635467559,0.8209606986899564,0.9817036591866655,0.5747194298561218,0.9126637554585153,47,44,0.9361702127659575,1,0.0029967049309976733,0.004087285279851948,0.17148955251609813,0.9732549334955252
dronevehicle,val,quality_gate070,5,1,1,1,1.4142135623730951,47,47,0.2020900861917595,-0.6291372959735392,0.9787234042553191,1.182780833137868,0.771492229649177,1.0,47,44,0.9361702127659575,0,0.0013737749964511268,0.0022732330727590734,0.08770400283681798,0.9259812659716431
dronevehicle,train,base,6,1,-1,1,1.4142135623730951,15019,15016,-0.07172447812655047,0.18946839538173119,0.2121978826819362,0.6553636688376746,0.12338019371254358,0.5907184233304481,87,84,0.9655172413793104,6,0.002570132031901355,0.0033801856087325175,0.13536279844465374,1.1842750683795487
dronevehicle,train,n_iou_lt_070,6,1,-1,1,1.4142135623730951,366,365,0.121232722654137,-0.41503804260073524,0.8005464480874317,0.9720679494675847,0.5733830664417234,0.9234972677595629,87,84,0.9655172413793104,6,0.004405159415979894,0.005398537210950119,0.2370621343818471,0.9902068288775467
dronevehicle,train,quality_gate070,6,1,-1,1,1.4142135623730951,87,87,0.17723968224762654,-0.6070561991188869,0.9885057471264368,1.098778067861999,0.7570939802280627,1.0,87,84,0.9655172413793104,0,0.002924884448401928,0.004069993862323919,0.1536332601557405,0.9372200861650981
dronevehicle,val,base,6,1,-1,1,1.4142135623730951,2821,2820,-0.055477258130849826,0.1512047228737472,0.2967032967032967,0.7496883553430895,0.17848895791542357,0.6185749734136831,47,45,0.9574468085106383,3,0.0026620662748448693,0.0035086003934953463,0.13994160700194733,1.0131973422359124
dronevehicle,val,n_iou_lt_070,6,1,-1,1,1.4142135623730951,229,229,0.12038858290225728,-0.4117634461225777,0.834061135371179,0.9449910425721741,0.5866675971312093,0.9213973799126638,47,45,0.9574468085106383,3,0.0034070463844129077,0.004499857415897055,0.19322607180260845,0.9433587745068621
dronevehicle,val,quality_gate070,6,1,-1,1,1.4142135623730951,47,47,0.19736725233711816,-0.6443418850922622,1.0,1.1603577224169626,0.7764577443169752,1.0,47,45,0.9574468085106383,0,0.00151689222178559,0.0024670497971015894,0.09482806410775811,0.9259812659716431
dronevehicle,train,base,7,-1,1,1,1.4142135623730951,15019,15018,-0.0674636106998093,0.16661396824645014,0.21013383048139023,0.6238676387472505,0.12416409936529643,0.5955789333510886,87,76,0.8735632183908046,5,0.002517534184506127,0.003294510244132075,0.13235779801283928,1.0262290337910969
dronevehicle,train,n_iou_lt_070,7,-1,1,1,1.4142135623730951,366,366,0.11628252889305249,-0.3908468658665313,0.8032786885245902,0.9412553353491674,0.5693042446719203,0.9207650273224044,87,76,0.8735632183908046,5,0.003773795192722125,0.004902019351587829,0.20604405577502694,0.987664457512949
dronevehicle,train,quality_gate070,7,-1,1,1,1.4142135623730951,87,87,0.15530134033984716,-0.5680486559407611,0.9540229885057471,1.04381792668055,0.7353272893894787,1.0,87,76,0.8735632183908046,0,0.002952905085607548,0.004185810921179034,0.1441829517739367,0.972429192485194
dronevehicle,val,base,7,-1,1,1,1.4142135623730951,2821,2821,-0.04327395897910753,0.11462508113053205,0.2956398440269408,0.6815183018848531,0.18473847879157224,0.6249556894718185,47,47,1.0,1,0.0020661014471966173,0.002935949595536398,0.11285807248960861,1.1015837834499393
dronevehicle,val,n_iou_lt_070,7,-1,1,1,1.4142135623730951,229,229,0.11911317946830574,-0.41543263971190364,0.8078602620087336,0.9372610968412868,0.5761094808455143,0.9126637554585153,47,47,1.0,1,0.0027377229918179925,0.0038094727294144012,0.16193832337827924,0.9951510965826742
dronevehicle,val,quality_gate070,7,-1,1,1,1.4142135623730951,47,47,0.2101296717364263,-0.6271762338291186,0.9787234042553191,1.1090876568279893,0.776290081078117,1.0,47,47,1.0,0,0.00110487479858557,0.0019024384952434285,0.05812318056306191,0.7498654033789052
dronevehicle,train,base,8,-1,-1,1,1.4142135623730951,15019,15017,-0.07361771570157316,0.19261202278114475,0.2106664891137892,0.6656917123537378,0.12468402342790746,0.5957786803382382,87,81,0.9310344827586207,9,0.002788299387692417,0.0035795669804623356,0.14392915326106662,1.002316403343798
dronevehicle,train,n_iou_lt_070,8,-1,-1,1,1.4142135623730951,366,365,0.12042509707566863,-0.3851429638708207,0.8142076502732241,0.995244953230878,0.5777307703456693,0.9316939890710383,87,81,0.9310344827586207,9,0.0044497211039385715,0.0055167913319656686,0.23108493327333518,0.9884709807606242
dronevehicle,train,quality_gate070,8,-1,-1,1,1.4142135623730951,87,87,0.17729402606571493,-0.5938042026512054,0.9770114942528736,1.119323326932866,0.7548772898478813,1.0,87,81,0.9310344827586207,0,0.0027280652184742283,0.0038610508338507983,0.12440747480696476,0.9372200861650981
dronevehicle,val,base,8,-1,-1,1,1.4142135623730951,2821,2821,-0.05447723192232694,0.15181450654654594,0.29812123360510456,0.7372998518514302,0.178944835732376,0.6224742998936548,47,47,1.0,4,0.0025471706838173804,0.003420372842580597,0.13490289062347205,1.1015837834499393
dronevehicle,val,n_iou_lt_070,8,-1,-1,1,1.4142135623730951,229,229,0.11966234277040083,-0.41187872228772554,0.851528384279476,0.9005484802267957,0.5864779312170508,0.9213973799126638,47,47,1.0,4,0.003148064445233227,0.004222044865459509,0.17353702957923856,0.9951510965826742
dronevehicle,val,quality_gate070,8,-1,-1,1,1.4142135623730951,47,47,0.2053806413159586,-0.6423808229478417,0.9787234042553191,1.0866645461070836,0.7803498970491471,1.0,47,47,1.0,0,0.0012479920239200325,0.002096255219585944,0.08530274111606914,0.7418111091513993
dronevehicle,train,base,9,2,0,2,2.0,15019,14983,-0.0791934494860682,0.19820891991793843,0.20161129236300684,0.6926871807899482,0.10796040344357291,0.5822624675411145,87,73,0.8390804597701149,6,0.0022360850862759686,0.0030101524211486237,0.12437561323508461,2.401067840661881
dronevehicle,train,n_iou_lt_070,9,2,0,2,2.0,366,364,0.11097002767350315,-0.3952271306626583,0.7759562841530054,0.9853986164035462,0.541479864407355,0.9153005464480874,87,73,0.8390804597701149,6,0.003723743095013061,0.0046755031744879876,0.22951537079361461,1.9791920842299362
dronevehicle,train,quality_gate070,9,2,0,2,2.0,87,87,0.15347476132032667,-0.5800983629219628,0.9655172413793104,1.1156490343640628,0.7077364382618458,1.0,87,73,0.8390804597701149,0,0.003169101373328101,0.004250658133431108,0.17186631481481976,1.4472008523114939
dronevehicle,val,base,9,2,0,2,2.0,2821,2811,-0.06052004212573829,0.16069862861556714,0.2846508330379298,0.7920206362623418,0.1697069524976444,0.6260191421481744,47,44,0.9361702127659575,1,0.002351143883179359,0.0031840894216474637,0.12982794296811326,1.9946919776435834
dronevehicle,val,n_iou_lt_070,9,2,0,2,2.0,229,229,0.1126302838870137,-0.3848647320077785,0.8034934497816594,1.028966825659909,0.5599250606069646,0.9126637554585153,47,44,0.9361702127659575,1,0.0028929034886367266,0.0039472632139636605,0.17730267999092503,1.844532241004515
dronevehicle,val,quality_gate070,9,2,0,2,2.0,47,47,0.18645436976042085,-0.6215022442562651,0.9787234042553191,1.2698548073424198,0.7508452980375636,1.0,47,44,0.9361702127659575,0,0.000997742705203289,0.001976005754864959,0.07027822155011003,1.844532241004515
dronevehicle,train,base,10,-2,0,2,2.0,15019,14959,-0.08266067655796697,0.20324855137884826,0.1961515413809175,0.7126576769197345,0.11147552186437575,0.5901191823689993,87,75,0.8620689655172413,7,0.0026724197978580926,0.00340891516460826,0.14641972321974978,1.9880902082542207
dronevehicle,train,n_iou_lt_070,10,-2,0,2,2.0,366,366,0.1089037313636709,-0.35226467216870977,0.7841530054644809,1.0312087604486655,0.5505201968131312,0.9153005464480874,87,75,0.8620689655172413,7,0.003812866470930417,0.0049120114165190866,0.22799165072759464,1.973265567787891
dronevehicle,train,quality_gate070,10,-2,0,2,2.0,87,87,0.15313575486338085,-0.5585654920643374,0.9425287356321839,1.1579373587552668,0.7017636234329229,1.0,87,75,0.8620689655172413,0,0.0027754629134727027,0.003832772076484873,0.14381811949499781,1.7159783990960022
dronevehicle,val,base,10,-2,0,2,2.0,2821,2813,-0.06018679541095295,0.16123038687038235,0.2850053172633818,0.7673055881791931,0.16991886427581876,0.6207018787663949,47,47,1.0,3,0.0021213527011243807,0.003007634319817965,0.11986284574399036,2.2261854797088176
dronevehicle,val,n_iou_lt_070,10,-2,0,2,2.0,229,228,0.10969494894418658,-0.38445029166191824,0.8122270742358079,0.9399805727896786,0.5606200995020133,0.9170305676855895,47,47,1.0,3,0.002374939610277365,0.0033916381130885682,0.15350924919887585,1.9896810835860492
dronevehicle,val,quality_gate070,10,-2,0,2,2.0,47,47,0.19590576716941924,-0.6204522941500181,0.9787234042553191,1.123812079759381,0.7591923447647445,1.0,47,47,1.0,0,0.00045994230947217436,0.0012344165998336692,0.039787751224949375,1.3479350416504303
dronevehicle,train,base,11,0,2,2,2.0,15019,14981,-0.07749739748316838,0.18176038644260042,0.2006125574272588,0.6672985243572195,0.11011233902559173,0.588188294826553,87,70,0.8045977011494253,6,0.0023626485711541623,0.003180105323655889,0.13277576963548415,2.0556255109958244
dronevehicle,train,n_iou_lt_070,11,0,2,2,2.0,366,364,0.10189862044948714,-0.38222241970882226,0.7814207650273224,0.9606291285424309,0.5436506746592579,0.9016393442622951,87,70,0.8045977011494253,6,0.0037347239145138333,0.004892027286656573,0.22212786983085991,1.9375061930045945
dronevehicle,train,quality_gate070,11,0,2,2,2.0,87,86,0.12953307999179664,-0.5550940842463378,0.9540229885057471,1.0680133931966989,0.6964110597094739,1.0,87,70,0.8045977011494253,0,0.003130347257742394,0.004538849765873195,0.17030068876497176,1.9375061930045945
dronevehicle,val,base,11,0,2,2,2.0,2821,2819,-0.050497087412207625,0.12479735152490837,0.2857142857142857,0.7264832774579113,0.17412175998116672,0.63062743707905,47,44,0.9361702127659575,2,0.002010850193268853,0.002864264871254831,0.1167063389578281,1.9684075201631686
dronevehicle,val,n_iou_lt_070,11,0,2,2,2.0,229,229,0.1085841149368571,-0.3968447936843185,0.7947598253275109,1.0387388806854159,0.5571916519335414,0.9039301310043668,47,44,0.9361702127659575,2,0.003100506373358621,0.004227307345740234,0.1931805222315103,1.9433886700950893
dronevehicle,val,quality_gate070,11,0,2,2,2.0,47,47,0.19015572433293448,-0.609959528365454,0.9787234042553191,1.24088840179393,0.7485641793931133,1.0,47,44,0.9361702127659575,0,0.0017498072876989655,0.0025704603906531874,0.10404813997878799,1.4828313378875606
dronevehicle,train,base,12,0,-2,2,2.0,15019,14981,-0.08888256527336506,0.21971165458517414,0.19601837672281777,0.7510664367872997,0.11081004536690091,0.5867900659165057,87,79,0.9080459770114943,10,0.0029041789775267413,0.003750218796316411,0.16103522925074507,2.004893128741628
dronevehicle,train,n_iou_lt_070,12,0,-2,2,2.0,366,365,0.10949183847456763,-0.3755046906494164,0.7814207650273224,1.0684120131430246,0.5609606711661376,0.9234972677595629,87,79,0.9080459770114943,10,0.005086575736946727,0.00612157124741225,0.300276844593649,1.9736737078115283
dronevehicle,train,quality_gate070,12,0,-2,2,2.0,87,87,0.16829701947620676,-0.5994451567818505,0.9885057471264368,1.2206560646272921,0.7367554510413561,1.0,87,79,0.9080459770114943,0,0.0026806675234757552,0.003889329591216724,0.1528079279009379,1.8679132397960245
dronevehicle,val,base,12,0,-2,2,2.0,2821,2817,-0.07090079443189484,0.18060794668164595,0.2860687699397377,0.8379634493518904,0.16269140479222885,0.6178660049627791,47,47,1.0,3,0.0029729886665103796,0.003833111365343229,0.16848195738431496,2.028244582288835
dronevehicle,val,n_iou_lt_070,12,0,-2,2,2.0,229,229,0.10881469239969341,-0.3942369352030913,0.8165938864628821,0.9651644699703764,0.5742230802018155,0.9213973799126638,47,47,1.0,3,0.003921189280189089,0.005052451617830448,0.25247880382422777,1.880766706675729
dronevehicle,val,quality_gate070,12,0,-2,2,2.0,47,47,0.18407799999689234,-0.6342165282683138,0.9787234042553191,1.1974169473992455,0.7553203249187808,1.0,47,47,1.0,0,0.002036041738367891,0.0029580938393382198,0.15226426376297478,1.4664550937047807
dronevehicle,train,base,13,2,2,2,2.8284271247461903,15019,14945,-0.10374149190367078,0.21553787483269432,0.12144616818696317,0.7801112427532693,0.05289482712929172,0.5307277448565151,87,57,0.6551724137931034,5,0.004598733657430132,0.006190257744804513,0.2363769379128711,2.401067840661881
dronevehicle,train,n_iou_lt_070,13,2,2,2,2.8284271247461903,366,362,0.08024383079368054,-0.3854703319129004,0.7568306010928961,0.9476551282041908,0.5164608886728322,0.907103825136612,87,57,0.6551724137931034,5,0.007458467009526895,0.009567530461144561,0.38773801297533983,1.9791920842299362
dronevehicle,train,quality_gate070,13,2,2,2,2.8284271247461903,87,86,0.09798260110578579,-0.506683039469138,0.896551724137931,1.0706584022860348,0.6438572180643045,1.0,87,57,0.6551724137931034,0,0.006299448631070494,0.008789507899304305,0.2949563624264872,1.9375061930045945
dronevehicle,val,base,13,2,2,2,2.8284271247461903,2821,2809,-0.0756887007832151,0.159888945141951,0.2272243885147111,0.8565220319366359,0.14060387453130313,0.6107763204537399,47,41,0.8723404255319149,1,0.004361994076448212,0.006048354292902295,0.22607391876100447,1.9946919776435834
dronevehicle,val,n_iou_lt_070,13,2,2,2,2.8284271247461903,229,229,0.09026714738643055,-0.37510692433559595,0.8122270742358079,1.0891178371131778,0.5470220801589631,0.9039301310043668,47,41,0.8723404255319149,1,0.0059934098619953465,0.008174570559703895,0.33449645709886033,1.9433886700950893
dronevehicle,val,quality_gate070,13,2,2,2,2.8284271247461903,47,47,0.15528050221049355,-0.5540001615084406,0.9574468085106383,1.2967280993338692,0.71982781301383,0.9574468085106383,47,41,0.8723404255319149,0,0.0027475499929022536,0.004546466145518147,0.17050152714410993,1.844532241004515
dronevehicle,train,base,14,2,-2,2,2.8284271247461903,15019,14945,-0.11471029167293416,0.25348914297526803,0.11958186297356682,0.8638791551833496,0.05476434041583164,0.5309274918436647,87,61,0.7011494252873564,8,0.00514026406380271,0.006760371217465035,0.2634568949501697,2.401067840661881
dronevehicle,train,n_iou_lt_070,14,2,-2,2,2.8284271247461903,366,363,0.0874781498032493,-0.37875260285349444,0.7595628415300546,1.0554380128047847,0.5394603570372197,0.9153005464480874,87,61,0.7011494252873564,8,0.008810318831959789,0.010797074421900237,0.46325363225028254,1.9791920842299362
dronevehicle,train,quality_gate070,14,2,-2,2,2.8284271247461903,87,87,0.13717206996117243,-0.5510341120046504,0.9540229885057471,1.2233010737166279,0.6937001563986193,0.9885057471264368,87,61,0.7011494252873564,0,0.005849768896803856,0.008139987724647838,0.29765637574920983,1.8679132397960245
dronevehicle,val,base,14,2,-2,2,2.8284271247461903,2821,2807,-0.09542336032872191,0.2156995402986886,0.22297057780928747,0.968002203830615,0.1305585726473966,0.586671393123006,47,41,0.8723404255319149,2,0.005324132549689739,0.007017200786990693,0.2723031708496773,2.028244582288835
dronevehicle,val,n_iou_lt_070,14,2,-2,2,2.8284271247461903,229,229,0.08997939612621217,-0.3724990658543686,0.8209606986899564,1.0155434263981382,0.5679296366949027,0.925764192139738,47,41,0.8723404255319149,2,0.006814092768825815,0.00899971483179411,0.37653466595671264,1.880766706675729
dronevehicle,val,quality_gate070,14,2,-2,2,2.8284271247461903,47,47,0.1495150569732042,-0.5782571614113003,1.0,1.2532566449391853,0.7341480608973946,1.0,47,41,0.8723404255319149,0,0.00303378444357118,0.004934099594203179,0.18470383946631722,1.844532241004515
dronevehicle,train,base,15,-2,2,2,2.8284271247461903,15019,14921,-0.10701653310284658,0.22057750629360415,0.11951528064451694,0.8000817388830554,0.05644502314549354,0.5428457287435915,87,59,0.6781609195402298,7,0.005035068369012254,0.00658902048826415,0.2577589953599101,2.0556255109958244
dronevehicle,train,n_iou_lt_070,15,-2,2,2,2.8284271247461903,366,364,0.07798259113914627,-0.3425078734189518,0.7759562841530054,0.9934652722493101,0.5261928464883613,0.912568306010929,87,59,0.6781609195402298,7,0.00754759038544425,0.009804038703175658,0.40194748802689373,1.973265567787891
dronevehicle,train,quality_gate070,15,-2,2,2,2.8284271247461903,87,86,0.09881432780076722,-0.48515016861151244,0.896551724137931,1.1129467266772388,0.6365322583918616,0.9885057471264368,87,59,0.6781609195402298,0,0.005905810171215096,0.008371621842358068,0.27929425084255344,1.9375061930045945
dronevehicle,val,base,15,-2,2,2,2.8284271247461903,2821,2811,-0.07553846663128201,0.1604207033967662,0.22367954626019143,0.8318069838534874,0.13826404316500868,0.6075859624246721,47,40,0.851063829787234,1,0.004132202894393235,0.005871899191072796,0.2193017605423224,2.2261854797088176
dronevehicle,val,n_iou_lt_070,15,-2,2,2,2.8284271247461903,229,228,0.08732422769934944,-0.3746924839897357,0.8034934497816594,1.0001315842429475,0.5469370085811567,0.925764192139738,47,40,0.851063829787234,1,0.005475445983635985,0.0076189454588288024,0.31574690191474947,1.9896810835860492
dronevehicle,val,quality_gate070,15,-2,2,2,2.8284271247461903,47,47,0.16510072809863416,-0.5529502114021936,0.9574468085106383,1.1506853717508305,0.7282659369714256,1.0,47,40,0.851063829787234,0,0.00220974959717114,0.003804876990486857,0.11249537079514603,1.4828313378875606
dronevehicle,train,base,16,-2,-2,2,2.8284271247461903,15019,14921,-0.11795857713962861,0.25852877443617783,0.11844996337971903,0.8838496513131356,0.059248388299567654,0.5398495239363473,87,71,0.8160919540229885,12,0.005576598775384834,0.007159133960924671,0.28030331969803957,2.004893128741628
dronevehicle,train,n_iou_lt_070,16,-2,-2,2,2.8284271247461903,366,365,0.08559243748023854,-0.3357901443595458,0.7622950819672131,1.101248156849904,0.5443956535332564,0.9344262295081968,87,71,0.8160919540229885,12,0.008899442207877143,0.011033582663931337,0.4509608893321547,1.9736737078115283
dronevehicle,train,quality_gate070,16,-2,-2,2,2.8284271247461903,87,87,0.1349358747900677,-0.5295012411470249,0.9080459770114943,1.2655893981078319,0.6848846751071787,1.0,87,71,0.8160919540229885,0,0.005456130436948457,0.007722101667701597,0.24142054160435047,1.8679132397960245
dronevehicle,val,base,16,-2,-2,2,2.8284271247461903,2821,2809,-0.09518389102009352,0.21623129855350384,0.21871676710386387,0.9432871557474665,0.12882748545723893,0.5965969514356612,47,45,0.9574468085106383,4,0.005094341367634761,0.006840745685161194,0.2621996946026589,2.2261854797088176
dronevehicle,val,n_iou_lt_070,16,-2,-2,2,2.8284271247461903,229,228,0.08785894027662873,-0.3720846255085084,0.8209606986899564,0.926557173527908,0.5652289264509558,0.9432314410480349,47,45,0.9574468085106383,4,0.006296128890466454,0.008444089730919018,0.338402660977946,1.9896810835860492
dronevehicle,val,quality_gate070,16,-2,-2,2,2.8284271247461903,47,47,0.15807004367255612,-0.5772072113050533,0.9787234042553191,1.1072139173561464,0.7393271241337797,1.0,47,45,0.9574468085106383,0,0.002495984047840065,0.004192510439171888,0.16624142830354255,1.4664550937047807
dronevehicle,train,base,17,4,0,4,4.0,15019,14683,-0.1348784875961307,0.2894946568856043,0.10047273453625408,1.0088211764145472,0.03499763099853138,0.5160796324655437,87,52,0.5977011494252874,6,0.004472170172551937,0.006020304842297247,0.23321450428998777,4.974012747488359
dronevehicle,train,n_iou_lt_070,17,4,0,4,4.0,366,351,0.06228548048459082,-0.3272594618337664,0.7021857923497268,1.1432516533003458,0.46266349201297696,0.8907103825136612,87,52,0.5977011494252874,6,0.007447486190026122,0.009351006348975975,0.4339302686558039,3.9524533256432335
dronevehicle,train,quality_gate070,17,4,0,4,4.0,87,83,0.08864653019782238,-0.48240994324310893,0.8505747126436781,1.3281332835261692,0.5730912553222767,0.9655172413793104,87,52,0.5977011494252874,0,0.006338202746656202,0.008501316266862216,0.3182407931090945,2.70598043051385
dronevehicle,val,base,17,4,0,4,4.0,2821,2752,-0.1145512599119615,0.25231665338339754,0.19496632399858208,1.1220198257194482,0.11391305721040083,0.5880893300248139,47,39,0.8297872340425532,1,0.004702287766358718,0.006368178843294927,0.24334041506232107,3.9877931564427627
dronevehicle,val,n_iou_lt_070,17,4,0,4,4.0,229,224,0.06503843039485137,-0.3094394814232079,0.759825327510917,1.2429357581374418,0.49415982051736995,0.8777292576419214,47,39,0.8297872340425532,1,0.005785806977273453,0.007894526427927321,0.33304182373107283,3.6543686511008673
dronevehicle,val,quality_gate070,17,4,0,4,4.0,47,47,0.11986808454568365,-0.5178880908116034,0.9574468085106383,1.5439169240791892,0.6476924820509959,0.9574468085106383,47,39,0.8297872340425532,0,0.001995485410406578,0.003952011509729918,0.13301346909799713,3.6543686511008673
dronevehicle,train,base,18,-4,0,4,4.0,15019,14637,-0.14005441131539764,0.2982292753685645,0.09714361808376057,1.0473181225672301,0.04352913759246312,0.5290631866302683,87,50,0.5747126436781609,7,0.005344839595716185,0.00681783032921652,0.27498237898093103,3.9706006166777
dronevehicle,train,n_iou_lt_070,18,-4,0,4,4.0,366,355,0.05684652390166239,-0.2646225315719051,0.6994535519125683,1.2346919274496388,0.4719513298889575,0.8907103825136612,87,50,0.5747126436781609,7,0.007625732941860834,0.009824022833038173,0.4283553900146234,3.935790993760534
dronevehicle,train,quality_gate070,18,-4,0,4,4.0,87,86,0.0827544615576112,-0.4476192707362111,0.8275862068965517,1.415883784376127,0.5584357034511204,0.9540229885057471,87,50,0.5747126436781609,0,0.005550925826945405,0.007665544152969746,0.26482269427443184,3.293772738836765
dronevehicle,val,base,18,-4,0,4,4.0,2821,2778,-0.11483677350107438,0.2526188164285024,0.1871676710386388,1.0728753737173107,0.10803497743525087,0.597660404112017,47,37,0.7872340425531915,3,0.0042427054022487615,0.00601526863963593,0.22352070686738681,4.584904783789341
dronevehicle,val,n_iou_lt_070,18,-4,0,4,4.0,229,226,0.06216356021937706,-0.3074663668002866,0.7685589519650655,1.0648447543416408,0.4861187487209537,0.9170305676855895,47,37,0.7872340425531915,3,0.00474987922055473,0.0067832762261771365,0.2896236655655311,3.976330241738367
dronevehicle,val,quality_gate070,18,-4,0,4,4.0,47,47,0.12837103672482805,-0.5158454327662639,0.9574468085106383,1.2531823672243247,0.6550780542434778,1.0,47,37,0.7872340425531915,0,0.0009198846189443487,0.0024688331996673384,0.07536178933611744,2.614612297891199
dronevehicle,train,base,19,0,4,4,4.0,15019,14667,-0.13284182613153622,0.2653872398531875,0.09834210000665823,0.963283871816958,0.040102474095821156,0.5315933151341634,87,37,0.42528735632183906,7,0.004725297142308325,0.006360210647311778,0.24867336591651087,4.126531031353522
dronevehicle,train,n_iou_lt_070,19,0,4,4,4.0,366,353,0.04349088294900665,-0.3060850209266568,0.6939890710382514,1.100625336665418,0.44808175739200967,0.8770491803278688,87,37,0.42528735632183906,7,0.0074694478290276665,0.009784054573313146,0.4191744644484754,3.829562541573466
dronevehicle,train,quality_gate070,19,0,4,4,4.0,87,85,0.04927847004879991,-0.4364862603114462,0.8160919540229885,1.2397227460254345,0.5228076294717705,0.9655172413793104,87,37,0.42528735632183906,0,0.006260694515484788,0.00907769953174639,0.31677407526559204,3.829562541573466
dronevehicle,val,base,19,0,4,4,4.0,2821,2767,-0.0982170472639088,0.19816206576301043,0.19425735554767812,0.9970344872709722,0.11703133992023224,0.6015597305919886,47,36,0.7659574468085106,2,0.004021700386537706,0.005728529742509662,0.21835573144804274,3.9279396865824765
dronevehicle,val,n_iou_lt_070,19,0,4,4,4.0,229,222,0.05689911234260388,-0.32143555535725254,0.7510917030567685,1.2700412190890211,0.4917448460233333,0.8820960698689956,47,36,0.7659574468085106,2,0.006201012746717242,0.008454614691480468,0.36408912611548455,3.8718183084903615
dronevehicle,val,quality_gate070,19,0,4,4,4.0,47,46,0.11919034541899041,-0.5007883776572476,0.9361702127659575,1.4963674222658936,0.634651442442048,0.9787234042553191,47,36,0.7659574468085106,0,0.003499614575397931,0.005140920781306375,0.193446883400635,2.890717912605723
dronevehicle,train,base,20,0,-4,4,4.0,15019,14607,-0.15145884431234075,0.32371625336054977,0.09394766628936681,1.1306859714335462,0.04253504817379336,0.5271322990878221,87,56,0.6436781609195402,9,0.005808357955053483,0.007500437592632822,0.30155189311195396,4.011025303167344
dronevehicle,train,n_iou_lt_070,20,0,-4,4,4.0,366,348,0.04944495629378905,-0.29993507986186574,0.7131147540983607,1.3154733991277447,0.4916048109102867,0.912568306010929,87,56,0.6436781609195402,9,0.010173151473893454,0.0122431424948245,0.5678210400868312,3.926516173821284
dronevehicle,train,quality_gate070,20,0,-4,4,4.0,87,85,0.10059222806923174,-0.5148813901858035,0.9080459770114943,1.549215549098106,0.6249736616466766,0.9885057471264368,87,56,0.6436781609195402,0,0.0053613350469515104,0.007778659182433448,0.28444600972784756,3.705174899797555
dronevehicle,val,base,20,0,-4,4,4.0,2821,2763,-0.12882739375093794,0.2861513969207697,0.18929457639135058,1.2192062508619002,0.09954326885588875,0.5781637717121588,47,37,0.7872340425531915,2,0.005945977333020759,0.007666222730686458,0.315048626102416,4.065698214508387
dronevehicle,val,n_iou_lt_070,20,0,-4,4,4.0,229,223,0.06087188563753286,-0.32246182426372044,0.7816593886462883,1.1207933100561773,0.5117526914588403,0.9344978165938864,47,37,0.7872340425531915,2,0.007842378560378178,0.010104903235660895,0.47475525292004134,3.7335384176201956
dronevehicle,val,quality_gate070,20,0,-4,4,4.0,47,47,0.11799097967595654,-0.5383701800740298,0.9787234042553191,1.4100123831690534,0.6542778108989152,1.0,47,37,0.7872340425531915,0,0.004072083476735782,0.0059161876786764395,0.2872849519889695,2.8569051690456604
dronevehicle,train,base,21,4,4,4,5.656854249492381,15019,14348,-0.20524551066126676,0.3904504652109473,0.040548638391370934,1.392230585837607,-0.03847461817833083,0.435381849657101,87,20,0.22988505747126436,7,0.009197467314860264,0.012380515489609027,0.4430080549622916,4.974012747488359
dronevehicle,train,n_iou_lt_070,21,4,4,4,5.656854249492381,366,340,-0.016059375630517944,-0.24136526430184294,0.592896174863388,1.2455043732239777,0.3564619739313179,0.8360655737704918,87,20,0.22988505747126436,7,0.01491693401905379,0.019135060922289122,0.732071272590481,3.9524533256432335
dronevehicle,train,quality_gate070,21,4,4,4,5.656854249492381,87,81,-0.029535629668143805,-0.29038679585539257,0.6206896551724138,1.4548520042768769,0.37705669550041676,0.9080459770114943,87,20,0.22988505747126436,0,0.012598897262140987,0.01757901579860861,0.5482519664650526,3.829562541573466
dronevehicle,val,base,21,4,4,4,5.656854249492381,2821,2698,-0.16899826791916847,0.3248716841478835,0.1109535625664658,1.4570724312068035,0.059744786175121994,0.54413328606877,47,19,0.40425531914893614,1,0.008723988152896423,0.01209670858580459,0.4234368195436943,3.9877931564427627
dronevehicle,val,n_iou_lt_070,21,4,4,4,5.656854249492381,229,217,0.00028506479856150107,-0.22427243542395925,0.6375545851528385,1.5343891079943162,0.4236636827530772,0.8820960698689956,47,19,0.40425531914893614,1,0.011986819723990693,0.01634914111940779,0.630729894212079,3.8718183084903615
dronevehicle,val,quality_gate070,21,4,4,4,5.656854249492381,47,46,0.033366852932559574,-0.3412148573555726,0.7872340425531915,1.826269236542603,0.5159874129065037,0.9361702127659575,47,19,0.40425531914893614,0,0.005495099985804507,0.009092932291036294,0.3193972425298809,3.6543686511008673
dronevehicle,train,base,22,4,-4,4,5.656854249492381,15019,14280,-0.22177263956038076,0.44877947871830953,0.039816232771822356,1.5596326854541949,-0.03551831079386036,0.437445901857647,87,34,0.39080459770114945,7,0.01028052812760542,0.01352074243493007,0.493664058457742,4.974012747488359
dronevehicle,train,n_iou_lt_070,22,4,-4,4,5.656854249492381,366,333,-0.011908449644473558,-0.23521532323705188,0.5819672131147541,1.4603524356863045,0.40076027140215287,0.8825136612021858,87,34,0.39080459770114945,7,0.017620637663919577,0.021594148843800474,0.8766244441862195,3.9524533256432335
dronevehicle,train,quality_gate070,22,4,-4,4,5.656854249492381,87,81,0.016327516368626883,-0.36878192572974977,0.6896551724137931,1.7643448073495482,0.4788486236339583,0.9195402298850575,87,34,0.39080459770114945,0,0.011699537793607712,0.016279975449295676,0.5515591128740879,3.705174899797555
dronevehicle,val,base,22,4,-4,4,5.656854249492381,2821,2695,-0.19657025227654018,0.4128610153056427,0.11343495214462956,1.6792441947977317,0.04470250132462943,0.5267635590216235,47,17,0.3617021276595745,1,0.010648265099379477,0.014034401573981385,0.5099820544641746,4.065698214508387
dronevehicle,val,n_iou_lt_070,22,4,-4,4,5.656854249492381,229,218,0.002370159723028938,-0.2252987043304272,0.6899563318777293,1.3851411989614721,0.44472014286082223,0.9344978165938864,47,17,0.3617021276595745,1,0.01362818553765163,0.01799942966358822,0.7084394294306914,3.7335384176201956
dronevehicle,val,quality_gate070,22,4,-4,4,5.656854249492381,47,47,0.03206444183600997,-0.3787966597723549,0.8936170212765957,1.7399141974457621,0.5462604392791257,1.0,47,17,0.3617021276595745,0,0.00606756888714236,0.009868199188406358,0.3479384617383805,3.6543686511008673
dronevehicle,train,base,23,-4,4,4,5.656854249492381,15019,14290,-0.20950478997728686,0.3991850836939074,0.0392835741394234,1.4307275319902895,-0.03253602752275702,0.44716692189892804,87,18,0.20689655172413793,5,0.010070136738024508,0.0131780409765283,0.4835828146463187,4.126531031353522
dronevehicle,train,n_iou_lt_070,23,-4,4,4,5.656854249492381,366,342,-0.021214947052536272,-0.1787283340399816,0.5601092896174863,1.3369446473732705,0.3617857062358224,0.8497267759562842,87,18,0.20689655172413793,5,0.0150951807708885,0.019608077406351315,0.7576286154717197,3.935790993760534
dronevehicle,train,quality_gate070,23,-4,4,4,5.656854249492381,87,84,-0.03219347319548253,-0.2555961233484947,0.5977011494252874,1.5426025051268346,0.35435264986263976,0.8045977011494253,87,18,0.20689655172413793,0,0.011811620342430192,0.016743243684716136,0.5177685124549609,3.829562541573466
dronevehicle,val,base,23,-4,4,4,5.656854249492381,2821,2726,-0.17008355800638486,0.32517384719298836,0.10350939383197448,1.4079279792046657,0.048327060300974764,0.5459057071960298,47,22,0.46808510638297873,1,0.00826440578878647,0.011743798382145593,0.40959790167941473,4.584904783789341
dronevehicle,val,n_iou_lt_070,23,-4,4,4,5.656854249492381,229,219,-0.0027159526962126836,-0.22229932080103804,0.6550218340611353,1.3562981041985152,0.40837575604602283,0.9039301310043668,47,22,0.46808510638297873,1,0.01095089196727197,0.015237890917657605,0.5950059222531778,3.976330241738367
dronevehicle,val,quality_gate070,23,-4,4,4,5.656854249492381,47,46,0.04124590520048668,-0.3391721993102331,0.851063829787234,1.5355346796877383,0.5065641648931856,0.9574468085106383,47,22,0.46808510638297873,0,0.00441949919434228,0.007609753980973714,0.20837431019989747,2.890717912605723
dronevehicle,train,base,24,-4,-4,4,5.656854249492381,15019,14240,-0.226050134584793,0.4575140972012697,0.03855116851987483,1.5981296316068778,-0.02705263491994623,0.45096211465477065,87,25,0.28735632183908044,5,0.011153197550769668,0.014318267921849342,0.5259180098003602,4.011025303167344
dronevehicle,train,n_iou_lt_070,24,-4,-4,4,5.656854249492381,366,338,-0.015956807259639685,-0.17257839297519045,0.5765027322404371,1.5517927098355975,0.41927104898175105,0.8961748633879781,87,25,0.28735632183908044,5,0.017798884415754286,0.022067165327862674,0.8506170378759715,3.935790993760534
dronevehicle,train,quality_gate070,24,-4,-4,4,5.656854249492381,87,84,0.00928893974982488,-0.3339912532228519,0.6781609195402298,1.8520953081995057,0.4902260961913921,0.9770114942528736,87,25,0.28735632183908044,0,0.010912260873896913,0.015444203335403193,0.44901970092448945,3.705174899797555
dronevehicle,val,base,24,-4,-4,4,5.656854249492381,2821,2721,-0.19705477679246292,0.4131631783507476,0.10989010989010989,1.6300997427955937,0.032480133860043,0.5253456221198156,47,19,0.40425531914893614,3,0.010188682735269522,0.013681491370322388,0.4898849200925918,4.584904783789341
dronevehicle,val,n_iou_lt_070,24,-4,-4,4,5.656854249492381,229,220,0.0010624669506821439,-0.22332558970750588,0.7030567685589519,1.207050195165671,0.4195973496700425,0.9388646288209607,47,19,0.40425531914893614,3,0.012592257780932908,0.016888179461838036,0.6379509123183859,3.976330241738367
dronevehicle,val,quality_gate070,24,-4,-4,4,5.656854249492381,47,47,0.03824573077447084,-0.37675400172701545,0.9361702127659575,1.4491796405908977,0.522904093794648,0.9787234042553191,47,19,0.40425531914893614,0,0.00499196809568013,0.008385020878343776,0.3135161662822858,2.8569051690456604
