run,group_type,group,rgb_gt,d1_opportunity,base,selected,selected_per_rgb_gt,selected_per_base,teacher_ce_worse_count,teacher_ce_delta_mean,negative_logit_cosine_count
drone_train,class,0,27421,250,19990,596,0.0217351664782466,0.029814907453726863,6,-0.4743229913331518,0
drone_train,class,1,1035,3,790,4,0.003864734299516908,0.005063291139240506,0,-0.36606456339359283,0
drone_train,class,2,1385,3,1037,14,0.010108303249097473,0.013500482160077145,1,-0.34200161482606617,0
drone_train,class,3,1291,2,1076,7,0.005422153369481022,0.006505576208178439,0,-0.3463154690606253,0
drone_train,class,4,799,1,618,5,0.006257822277847309,0.008090614886731391,0,-0.5980719089508056,0
drone_train,scale_bin,large,807,0,550,1,0.0012391573729863693,0.0018181818181818182,0,-0.9357396364212036,0
drone_train,scale_bin,medium,26323,167,19635,325,0.01234661702693462,0.016552075375604786,4,-0.6009070529387548,0
drone_train,scale_bin,small,4801,92,3326,300,0.06248698187877526,0.09019843656043296,3,-0.327109398941199,0
drone_train,luminance_proxy,high,15233,38,10784,92,0.006039519464320882,0.008531157270029673,1,-0.3720323417497718,0
drone_train,luminance_proxy,low,16698,221,12727,534,0.0319798778296802,0.04195804195804196,6,-0.4871467716908187,0
drone_train,source_group,1,9,0,5,0,0.0,0.0,0,,0
drone_train,source_group,100MEDIA,712,0,609,0,0.0,0.0,0,,0
drone_train,source_group,101MEDIA,113,0,112,0,0.0,0.0,0,,0
drone_train,source_group,123,25,0,14,0,0.0,0.0,0,,0
drone_train,source_group,2,3,0,2,0,0.0,0.0,0,,0
drone_train,source_group,2356,5,0,5,0,0.0,0.0,0,,0
drone_train,source_group,310_80m45night1,96,2,95,5,0.052083333333333336,0.05263157894736842,0,-0.25153255462646484,0
drone_train,source_group,313_120m30_1,25,0,23,0,0.0,0.0,0,,0
drone_train,source_group,313_120m30_3,42,0,36,0,0.0,0.0,0,,0
drone_train,source_group,316_100_15,7,0,6,0,0.0,0.0,0,,0
drone_train,source_group,316_100_30,11,0,8,0,0.0,0.0,0,,0
drone_train,source_group,316_100_45m_2,51,0,38,0,0.0,0.0,0,,0
drone_train,source_group,319_100_45,49,1,47,3,0.061224489795918366,0.06382978723404255,0,-0.27369195222854614,0
drone_train,source_group,319_120m_30_1,91,0,90,1,0.01098901098901099,0.011111111111111112,0,-0.4197176694869995,0
drone_train,source_group,319_120m_30_2,40,0,40,1,0.025,0.025,0,-0.707034170627594,0
drone_train,source_group,319_120m_30_3,281,4,272,9,0.03202846975088968,0.03308823529411765,0,-0.5966612762875028,0
drone_train,source_group,319_80m_30_2,64,0,57,0,0.0,0.0,0,,0
drone_train,source_group,321_100_15_3,56,0,56,0,0.0,0.0,0,,0
drone_train,source_group,321_100_30_1,2,0,2,0,0.0,0.0,0,,0
drone_train,source_group,321_100_30_2,104,1,104,3,0.028846153846153848,0.028846153846153848,0,-0.5594278375307719,0
drone_train,source_group,321_100_30_3,27,1,27,1,0.037037037037037035,0.037037037037037035,0,-0.7625629901885986,0
drone_train,source_group,321_100_30_4,59,0,59,0,0.0,0.0,0,,0
drone_train,source_group,321_120_15_1,8,0,8,0,0.0,0.0,0,,0
drone_train,source_group,321_80_15,32,0,32,0,0.0,0.0,0,,0
drone_train,source_group,321_80_45_2,271,3,241,11,0.04059040590405904,0.04564315352697095,0,-0.814960008317774,0
drone_train,source_group,322_100_30_1,65,0,40,0,0.0,0.0,0,,0
drone_train,source_group,322_100_30_4,13,0,11,0,0.0,0.0,0,,0
drone_train,source_group,322_100_45_2,49,0,49,2,0.04081632653061224,0.04081632653061224,0,-0.20355314016342163,0
drone_train,source_group,322_100_45_3,1,0,1,0,0.0,0.0,0,,0
drone_train,source_group,322_100_45_4,39,0,38,0,0.0,0.0,0,,0
drone_train,source_group,322_120_15_1,40,1,34,0,0.0,0.0,0,,0
drone_train,source_group,322_120_15_2,43,1,39,1,0.023255813953488372,0.02564102564102564,0,-0.7782483994960785,0
drone_train,source_group,322_120_15_3,29,0,28,1,0.034482758620689655,0.03571428571428571,0,-0.2952885627746582,0
drone_train,source_group,322_80_45,43,0,43,1,0.023255813953488372,0.023255813953488372,0,-0.13531315326690674,0
drone_train,source_group,39_120m45_1,217,10,215,27,0.12442396313364056,0.12558139534883722,0,-0.2658228708638085,0
drone_train,source_group,39_120m45_2,691,17,619,76,0.10998552821997105,0.12277867528271405,1,-0.4526617025074206,0
drone_train,source_group,5,6,0,6,0,0.0,0.0,0,,0
drone_train,source_group,5-11,176,0,132,1,0.005681818181818182,0.007575757575757576,0,-1.0551919341087341,0
drone_train,source_group,5-13,229,0,170,0,0.0,0.0,0,,0
drone_train,source_group,5-14,424,1,352,0,0.0,0.0,0,,0
drone_train,source_group,5-14 (2),53,1,45,1,0.018867924528301886,0.022222222222222223,0,-0.30513811111450195,0
drone_train,source_group,5-15,254,2,132,1,0.003937007874015748,0.007575757575757576,0,-0.35825949907302856,0
drone_train,source_group,5-15 (2),344,0,183,3,0.00872093023255814,0.01639344262295082,0,-0.475849707921346,0
drone_train,source_group,5-15 (3),112,0,59,0,0.0,0.0,0,,0
drone_train,source_group,5-17,532,0,390,0,0.0,0.0,0,,0
drone_train,source_group,5-17 (2),24,0,6,0,0.0,0.0,0,,0
drone_train,source_group,5-20,519,2,296,2,0.0038535645472061657,0.006756756756756757,0,-0.4285874664783478,0
drone_train,source_group,5-20 (2),159,1,118,2,0.012578616352201259,0.01694915254237288,0,-0.45697660744190216,0
drone_train,source_group,5-28,647,0,477,0,0.0,0.0,0,,0
drone_train,source_group,5-28 (2),158,0,87,0,0.0,0.0,0,,0
drone_train,source_group,5-29,251,9,148,11,0.043824701195219126,0.07432432432432433,0,-0.6267350749535994,0
drone_train,source_group,5-30,672,8,493,9,0.013392857142857142,0.018255578093306288,0,-0.8068854610125223,0
drone_train,source_group,5-30 (2),246,0,116,3,0.012195121951219513,0.02586206896551724,0,-0.8348146875699362,0
drone_train,source_group,5-8,362,0,299,1,0.0027624309392265192,0.0033444816053511705,0,-0.3682745695114136,0
drone_train,source_group,6,3,0,1,0,0.0,0.0,0,,0
drone_train,source_group,6-1 (2),639,0,538,0,0.0,0.0,0,,0
drone_train,source_group,6-1(1),514,0,357,0,0.0,0.0,0,,0
drone_train,source_group,6-10,213,0,152,0,0.0,0.0,0,,0
drone_train,source_group,6-10 (2),111,0,60,0,0.0,0.0,0,,0
drone_train,source_group,6-3,336,1,221,2,0.005952380952380952,0.00904977375565611,0,-0.9741694927215576,0
drone_train,source_group,6-4,425,6,288,9,0.021176470588235293,0.03125,0,-0.5199132694138421,0
drone_train,source_group,6-4 (2),184,1,121,1,0.005434782608695652,0.008264462809917356,0,-0.3342719078063965,0
drone_train,source_group,6-5,628,0,506,0,0.0,0.0,0,,0
drone_train,source_group,6-5 (2),444,0,279,0,0.0,0.0,0,,0
drone_train,source_group,6-5 (3),603,0,468,0,0.0,0.0,0,,0
drone_train,source_group,6-5 (4),194,0,118,0,0.0,0.0,0,,0
drone_train,source_group,6-6,519,0,364,0,0.0,0.0,0,,0
drone_train,source_group,6-6 (2),155,0,132,0,0.0,0.0,0,,0
drone_train,source_group,6-8,189,0,86,0,0.0,0.0,0,,0
drone_train,source_group,6-8 (2),274,1,184,1,0.0036496350364963502,0.005434782608695652,0,-0.5738990306854248,0
drone_train,source_group,6-9,398,0,322,1,0.002512562814070352,0.003105590062111801,0,-0.7724238634109497,0
drone_train,source_group,6-9 (2),282,0,219,0,0.0,0.0,0,,0
drone_train,source_group,9,8,0,3,0,0.0,0.0,0,,0
drone_train,source_group,A,1139,4,938,19,0.016681299385425813,0.02025586353944563,0,-0.7630364769383481,0
drone_train,source_group,B,10161,164,7251,368,0.036216907784666866,0.0507516204661426,6,-0.43882354899593023,0
drone_train,source_group,cheliu2-1,14,0,13,0,0.0,0.0,0,,0
drone_train,source_group,cheliu2-2,15,0,8,0,0.0,0.0,0,,0
drone_train,source_group,cheliu2-3,34,0,19,0,0.0,0.0,0,,0
drone_train,source_group,image,3326,15,2796,47,0.01413108839446783,0.016809728183118742,0,-0.5137933676547193,0
drone_train,source_group,madalA,9,0,3,0,0.0,0.0,0,,0
drone_train,source_group,modalA,2247,2,1243,2,0.0008900756564307966,0.0016090104585679806,0,-0.39989933371543884,0
drone_train,source_group,modelA_1,10,0,5,0,0.0,0.0,0,,0
drone_train,source_group,shibiao,6,0,4,0,0.0,0.0,0,,0
drone_train,source_group,shibiao (2),6,0,4,0,0.0,0.0,0,,0
drone_train,source_group,tupian,196,0,139,0,0.0,0.0,0,,0
drone_train,source_group,zzccvv,68,0,55,0,0.0,0.0,0,,0
drone_train,brightness_proxy_bin,0,15191,201,11723,499,0.032848397077216776,0.042565896101680455,6,-0.49197264185888256,0
drone_train,brightness_proxy_bin,1,7933,37,5803,70,0.008823900163872432,0.012062726176115802,0,-0.44797745474747247,0
drone_train,brightness_proxy_bin,2,8707,21,5919,57,0.006546456873779718,0.00963000506842372,1,-0.3072031825258021,0
drone_train,brightness_proxy_bin,3,100,0,66,0,0.0,0.0,0,,0
drone_val,class,0,2662,50,1867,103,0.038692712246431255,0.05516871987145153,1,-0.6269456833890341,0
drone_val,class,1,81,2,53,3,0.037037037037037035,0.05660377358490566,0,-0.7310477097829183,0
drone_val,class,2,176,2,137,0,0.0,0.0,0,,0
drone_val,class,3,66,1,52,1,0.015151515151515152,0.019230769230769232,0,-0.5779938697814941,0
drone_val,class,4,99,3,68,5,0.050505050505050504,0.07352941176470588,0,-0.7980408668518066,0
drone_val,scale_bin,large,81,0,54,0,0.0,0.0,0,,0
drone_val,scale_bin,medium,2549,48,1822,81,0.031777167516673206,0.04445664105378705,0,-0.750983992844452,0
drone_val,scale_bin,small,454,10,301,31,0.06828193832599119,0.10299003322259136,1,-0.33893688071158623,0
drone_val,luminance_proxy,high,1498,0,1017,3,0.0020026702269692926,0.0029498525073746312,0,-0.2236435612042745,0
drone_val,luminance_proxy,low,1586,58,1160,109,0.06872635561160151,0.0939655172413793,1,-0.6483102388885043,0
drone_val,source_group,unavailable:val,3084,58,2177,112,0.03631647211413749,0.05144694533762058,1,-0.636935238593391,0
drone_val,brightness_proxy_bin,0,1475,58,1099,109,0.07389830508474576,0.09918107370336669,1,-0.6483102388885043,0
drone_val,brightness_proxy_bin,1,549,0,381,1,0.0018214936247723133,0.0026246719160104987,0,-0.4074798822402954,0
drone_val,brightness_proxy_bin,2,1060,0,697,2,0.0018867924528301887,0.0028694404591104736,0,-0.13172540068626404,0
llvip_train,class,0,5592,75,5492,211,0.03773247496423462,0.03841951930080117,4,-0.5051969854752599,1
llvip_train,scale_bin,large,322,4,309,6,0.018633540372670808,0.019417475728155338,0,-1.0278896788756053,0
llvip_train,scale_bin,medium,5242,70,5160,202,0.03853491033956505,0.03914728682170543,4,-0.4846525677655003,1
llvip_train,scale_bin,small,28,1,23,3,0.10714285714285714,0.13043478260869565,0,-0.8431357244650522,0
llvip_train,luminance_proxy,high,643,11,637,31,0.04821150855365474,0.04866562009419152,0,-0.5412191633255251,0
llvip_train,luminance_proxy,low,4949,64,4855,180,0.03637098403717923,0.037075180226570546,4,-0.49899316595660315,1
llvip_train,source_group,02,260,4,253,4,0.015384615384615385,0.015810276679841896,0,-0.3774348944425583,0
llvip_train,source_group,03,287,0,282,4,0.013937282229965157,0.014184397163120567,0,-0.32954607903957367,0
llvip_train,source_group,05,359,7,352,9,0.025069637883008356,0.02556818181818182,0,-0.6122886803415086,0
llvip_train,source_group,06,418,7,410,7,0.01674641148325359,0.01707317073170732,0,-1.0857438147068024,0
llvip_train,source_group,08,980,12,966,32,0.0326530612244898,0.033126293995859216,1,-0.6678315289318562,0
llvip_train,source_group,09,827,11,819,41,0.049576783555018135,0.050061050061050064,1,-0.24902097917184596,1
llvip_train,source_group,10,601,13,598,41,0.06821963394342762,0.06856187290969899,1,-0.599794880646031,0
llvip_train,source_group,11,266,1,264,6,0.022556390977443608,0.022727272727272728,1,-0.24943987528483072,0
llvip_train,source_group,13,354,3,351,26,0.07344632768361582,0.07407407407407407,0,-0.49638532675229585,0
llvip_train,source_group,14,314,1,305,8,0.025477707006369428,0.02622950819672131,0,-0.7840322852134705,0
llvip_train,source_group,15,260,5,231,6,0.023076923076923078,0.025974025974025976,0,-0.6181770165761312,0
llvip_train,source_group,16,240,2,239,6,0.025,0.02510460251046025,0,-0.5480063507954279,0
llvip_train,source_group,17,225,5,222,14,0.06222222222222222,0.06306306306306306,0,-0.2932483639035906,0
llvip_train,source_group,18,201,4,200,7,0.03482587064676617,0.035,0,-0.38689752987452913,0
llvip_train,brightness_proxy_bin,0,4162,56,4077,155,0.03724171071600192,0.038018150600932055,4,-0.49887853110990216,1
llvip_train,brightness_proxy_bin,1,1430,19,1415,56,0.039160839160839164,0.039575971731448764,0,-0.5226855645222324,0
llvip_val,class,0,643,89,559,131,0.20373250388802489,0.23434704830053668,0,-0.861512980388321,0
llvip_val,scale_bin,large,17,1,17,1,0.058823529411764705,0.058823529411764705,0,-1.920557975769043,0
llvip_val,scale_bin,medium,617,88,539,130,0.2106969205834684,0.24118738404452691,0,-0.853366480423854,0
llvip_val,scale_bin,small,9,0,3,0,0.0,0.0,0,,0
llvip_val,luminance_proxy,high,47,10,40,12,0.2553191489361702,0.3,0,-0.7897112021843592,0
llvip_val,luminance_proxy,low,596,79,519,119,0.19966442953020133,0.22928709055876687,0,-0.8687534958374601,0
llvip_val,source_group,01,227,23,206,31,0.13656387665198239,0.15048543689320387,0,-0.5157945829053079,0
llvip_val,source_group,04,131,14,127,24,0.183206106870229,0.1889763779527559,0,-0.6983001256982485,0
llvip_val,source_group,07,103,11,70,16,0.1553398058252427,0.22857142857142856,0,-0.5832105055451393,0
llvip_val,source_group,12,109,26,93,42,0.3853211009174312,0.45161290322580644,0,-1.2621233945801145,0
llvip_val,source_group,25,73,15,63,18,0.2465753424657534,0.2857142857142857,0,-0.9871563712755839,0
llvip_val,brightness_proxy_bin,0,530,69,475,104,0.19622641509433963,0.21894736842105264,0,-0.8698707334697247,0
llvip_val,brightness_proxy_bin,1,107,17,78,26,0.24299065420560748,0.3333333333333333,0,-0.7956877545668528,0
llvip_val,brightness_proxy_bin,2,6,3,6,1,0.16666666666666666,0.16666666666666666,0,-1.7037625312805176,0
llvip_verified_train,class,0,2,0,0,0,0.0,,0,,0
llvip_verified_train,scale_bin,medium,2,0,0,0,0.0,,0,,0
llvip_verified_train,luminance_proxy,low,2,0,0,0,0.0,,0,,0
llvip_verified_train,source_group,05,2,0,0,0,0.0,,0,,0
llvip_verified_train,brightness_proxy_bin,0,2,0,0,0,0.0,,0,,0
