epoch,time,train/box_loss,train/cls_loss,train/dfl_loss,train/angle_loss,train/t_rec_loss,train/reach_match_loss,train/reach_rank_loss,train/task_loss,train/kd_loss,train/s_rec_loss,train/d_pos_mean,train/d_neg_mean,train/rank_gap_mean,train/mask_mean,train/mask_std,train/mask_fg_mean,train/mask_bg_mean,metrics/precision(B),metrics/recall(B),metrics/mAP50(B),metrics/mAP50-95(B),val/box_loss,val/cls_loss,val/dfl_loss,val/angle_loss,val/t_rec_loss,val/reach_match_loss,val/reach_rank_loss,val/task_loss,val/kd_loss,val/s_rec_loss,val/d_pos_mean,val/d_neg_mean,val/rank_gap_mean,val/mask_mean,val/mask_std,val/mask_fg_mean,val/mask_bg_mean,phase_stop_fitness,lr/pg0,lr/pg1,lr/pg2
1,58.2778,2.85383,3.89105,1.65544,0,0,0,0,0,2.49883,0,0,0,0,0,0,0,0,0.51373,0.19081,0.10609,0.03817,2.75922,2.46493,1.35715,0,0,0,0,0,0,0,0,0,0,0,0,0,0,0.03817,0.00165942,0.00165942,0.068471
2,101.861,2.70744,2.42925,1.34253,0,0,0,0,0,1.83052,0,0,0,0,0,0,0,0,0.55388,0.22494,0.17747,0.07357,2.71229,2.23353,1.24998,0,0,0,0,0,0,0,0,0,0,0,0,0,0,0.07357,0.00331785,0.00331785,0.0367961
3,147.009,2.70071,2.21644,1.33204,0,0,0,0,0,1.59676,0,0,0,0,0,0,0,0,0.53762,0.17545,0.11836,0.03966,2.88437,2.46803,1.35854,0,0,0,0,0,0,0,0,0,0,0,0,0,0,0.03966,0.00496804,0.00496804,0.00511297
4,191.2,2.73737,2.19181,1.33823,0,0,0,0,0,1.53361,0,0,0,0,0,0,0,0,0.62043,0.20558,0.17956,0.06948,2.73968,2.07006,1.29359,0,0,0,0,0,0,0,0,0,0,0,0,0,0,0.06948,0.00496288,0.00496288,0.00496288
5,234.976,2.65446,2.07083,1.31224,0,0,0,0,0,1.44537,0,0,0,0,0,0,0,0,0.24127,0.26558,0.20656,0.08297,2.59766,1.94945,1.22243,0,0,0,0,0,0,0,0,0,0,0,0,0,0,0.08297,0.0049505,0.0049505,0.0049505
6,279.427,2.59894,1.96726,1.27858,0,0,0,0,0,1.3783,0,0,0,0,0,0,0,0,0.48481,0.26245,0.2724,0.1147,2.55497,1.83432,1.23424,0,0,0,0,0,0,0,0,0,0,0,0,0,0,0.1147,0.00493813,0.00493813,0.00493813
7,324.256,2.55653,1.89555,1.26502,0,0,0,0,0,1.34476,0,0,0,0,0,0,0,0,0.33839,0.25673,0.23957,0.09544,2.51806,1.86142,1.22594,0,0,0,0,0,0,0,0,0,0,0,0,0,0,0.09544,0.00492575,0.00492575,0.00492575
8,368.195,2.50993,1.84273,1.23558,0,0,0,0,0,1.31131,0,0,0,0,0,0,0,0,0.39028,0.26046,0.26822,0.11867,2.54755,1.89765,1.23658,0,0,0,0,0,0,0,0,0,0,0,0,0,0,0.11867,0.00491338,0.00491338,0.00491338
9,413.321,2.47953,1.79729,1.22808,0,0,0,0,0,1.28246,0,0,0,0,0,0,0,0,0.33845,0.32596,0.27944,0.12107,2.45333,2.03239,1.1742,0,0,0,0,0,0,0,0,0,0,0,0,0,0,0.12107,0.004901,0.004901,0.004901
10,457.398,2.44787,1.74899,1.22046,0,0,0,0,0,1.25814,0,0,0,0,0,0,0,0,0.46437,0.27747,0.29857,0.13346,2.42701,1.65223,1.17321,0,0,0,0,0,0,0,0,0,0,0,0,0,0,0.13346,0.00488863,0.00488863,0.00488863
11,502.107,2.41578,1.70155,1.20818,0,0,0,0,0,1.23959,0,0,0,0,0,0,0,0,0.44049,0.31521,0.31678,0.1436,2.40336,1.67795,1.16803,0,0,0,0,0,0,0,0,0,0,0,0,0,0,0.1436,0.00487625,0.00487625,0.00487625
12,546.155,2.39948,1.67702,1.19823,0,0,0,0,0,1.21788,0,0,0,0,0,0,0,0,0.43748,0.34336,0.33107,0.14861,2.3731,1.61324,1.16888,0,0,0,0,0,0,0,0,0,0,0,0,0,0,0.14861,0.00486388,0.00486388,0.00486388
13,590.198,2.37624,1.65782,1.1918,0,0,0,0,0,1.20473,0,0,0,0,0,0,0,0,0.44136,0.35707,0.34718,0.1514,2.39884,1.59258,1.16558,0,0,0,0,0,0,0,0,0,0,0,0,0,0,0.1514,0.0048515,0.0048515,0.0048515
14,634.643,2.35653,1.61778,1.17876,0,0,0,0,0,1.18326,0,0,0,0,0,0,0,0,0.50464,0.34247,0.36028,0.16458,2.34157,1.77004,1.1403,0,0,0,0,0,0,0,0,0,0,0,0,0,0,0.16458,0.00483913,0.00483913,0.00483913
15,679.091,2.33191,1.58346,1.16913,0,0,0,0,0,1.16573,0,0,0,0,0,0,0,0,0.43106,0.34796,0.35294,0.16331,2.35293,1.55102,1.14032,0,0,0,0,0,0,0,0,0,0,0,0,0,0,0.16331,0.00482675,0.00482675,0.00482675
16,722.942,2.33092,1.57,1.16314,0,0,0,0,0,1.15777,0,0,0,0,0,0,0,0,0.45117,0.37494,0.36085,0.16031,2.36455,1.51178,1.13822,0,0,0,0,0,0,0,0,0,0,0,0,0,0,0.16031,0.00481438,0.00481438,0.00481438
17,767.83,2.30718,1.55237,1.15873,0,0,0,0,0,1.14564,0,0,0,0,0,0,0,0,0.47154,0.41368,0.38985,0.18052,2.2688,1.45674,1.1168,0,0,0,0,0,0,0,0,0,0,0,0,0,0,0.18052,0.004802,0.004802,0.004802
18,812.164,2.29335,1.53142,1.15616,0,0,0,0,0,1.13516,0,0,0,0,0,0,0,0,0.46045,0.38743,0.37321,0.17309,2.40095,1.54476,1.15223,0,0,0,0,0,0,0,0,0,0,0,0,0,0,0.17309,0.00478963,0.00478963,0.00478963
19,855.249,2.27938,1.50483,1.14539,0,0,0,0,0,1.12199,0,0,0,0,0,0,0,0,0.46364,0.39504,0.38864,0.17678,2.34395,1.46859,1.1302,0,0,0,0,0,0,0,0,0,0,0,0,0,0,0.17678,0.00477725,0.00477725,0.00477725
20,899.37,2.25959,1.48389,1.13538,0,0,0,0,0,1.1115,0,0,0,0,0,0,0,0,0.52968,0.42008,0.42915,0.20573,2.21625,1.37255,1.10847,0,0,0,0,0,0,0,0,0,0,0,0,0,0,0.20573,0.00476488,0.00476488,0.00476488
21,943.71,2.24144,1.46143,1.13797,0,0,0,0,0,1.1012,0,0,0,0,0,0,0,0,0.52074,0.4309,0.44056,0.21169,2.19006,1.36595,1.0948,0,0,0,0,0,0,0,0,0,0,0,0,0,0,0.21169,0.0047525,0.0047525,0.0047525
22,988.1,2.21622,1.4472,1.12613,0,0,0,0,0,1.09048,0,0,0,0,0,0,0,0,0.50637,0.44238,0.44188,0.21609,2.17505,1.35972,1.09033,0,0,0,0,0,0,0,0,0,0,0,0,0,0,0.21609,0.00474013,0.00474013,0.00474013
23,1032.32,2.21466,1.43148,1.12373,0,0,0,0,0,1.08283,0,0,0,0,0,0,0,0,0.52014,0.44409,0.44566,0.22016,2.16282,1.35102,1.08341,0,0,0,0,0,0,0,0,0,0,0,0,0,0,0.22016,0.00472775,0.00472775,0.00472775
24,1076.5,2.19033,1.40735,1.11579,0,0,0,0,0,1.06999,0,0,0,0,0,0,0,0,0.54474,0.44608,0.45988,0.22481,2.16073,1.30913,1.08412,0,0,0,0,0,0,0,0,0,0,0,0,0,0,0.22481,0.00471537,0.00471537,0.00471537
25,1119.82,2.17656,1.38556,1.1139,0,0,0,0,0,1.06155,0,0,0,0,0,0,0,0,0.53944,0.45256,0.46072,0.2302,2.11236,1.29396,1.07446,0,0,0,0,0,0,0,0,0,0,0,0,0,0,0.2302,0.004703,0.004703,0.004703
26,1164.34,2.1794,1.38144,1.11175,0,0,0,0,0,1.05381,0,0,0,0,0,0,0,0,0.53123,0.46339,0.46673,0.23504,2.11295,1.28897,1.0703,0,0,0,0,0,0,0,0,0,0,0,0,0,0,0.23504,0.00469063,0.00469063,0.00469063
27,1208.57,2.16312,1.37086,1.10753,0,0,0,0,0,1.05041,0,0,0,0,0,0,0,0,0.53607,0.47639,0.47238,0.24054,2.08384,1.26722,1.05999,0,0,0,0,0,0,0,0,0,0,0,0,0,0,0.24054,0.00467825,0.00467825,0.00467825
28,1252.58,2.15297,1.35983,1.10216,0,0,0,0,0,1.04072,0,0,0,0,0,0,0,0,0.54491,0.47208,0.48358,0.24701,2.09119,1.28363,1.06121,0,0,0,0,0,0,0,0,0,0,0,0,0,0,0.24701,0.00466587,0.00466587,0.00466587
29,1297.04,2.1363,1.3334,1.0987,0,0,0,0,0,1.03256,0,0,0,0,0,0,0,0,0.55592,0.48094,0.49285,0.25455,2.05721,1.22627,1.05245,0,0,0,0,0,0,0,0,0,0,0,0,0,0,0.25455,0.0046535,0.0046535,0.0046535
30,1340.81,2.11877,1.31451,1.08989,0,0,0,0,0,1.02236,0,0,0,0,0,0,0,0,0.54855,0.48957,0.49096,0.25216,2.07591,1.24992,1.05697,0,0,0,0,0,0,0,0,0,0,0,0,0,0,0.25216,0.00464113,0.00464113,0.00464113
31,1384.99,2.11512,1.30787,1.08834,0,0,0,0,0,1.01962,0,0,0,0,0,0,0,0,0.54745,0.50672,0.5079,0.26353,2.02006,1.19707,1.04561,0,0,0,0,0,0,0,0,0,0,0,0,0,0,0.26353,0.00462875,0.00462875,0.00462875
32,1428.74,2.09892,1.29318,1.08325,0,0,0,0,0,1.00865,0,0,0,0,0,0,0,0,0.55804,0.49099,0.51021,0.26283,2.04637,1.19081,1.04431,0,0,0,0,0,0,0,0,0,0,0,0,0,0,0.26283,0.00461637,0.00461637,0.00461637
33,1473.71,2.08051,1.27508,1.0775,0,0,0,0,0,1.00176,0,0,0,0,0,0,0,0,0.56324,0.51072,0.5178,0.27645,2.00463,1.17096,1.03273,0,0,0,0,0,0,0,0,0,0,0,0,0,0,0.27645,0.004604,0.004604,0.004604
34,1517.43,2.07429,1.2674,1.07914,0,0,0,0,0,0.99795,0,0,0,0,0,0,0,0,0.56846,0.51066,0.52491,0.27891,1.98655,1.15588,1.03051,0,0,0,0,0,0,0,0,0,0,0,0,0,0,0.27891,0.00459163,0.00459163,0.00459163
35,1562.04,2.05781,1.25961,1.06934,0,0,0,0,0,0.99149,0,0,0,0,0,0,0,0,0.55372,0.5146,0.52044,0.27669,2.02128,1.15462,1.03827,0,0,0,0,0,0,0,0,0,0,0,0,0,0,0.27669,0.00457925,0.00457925,0.00457925
36,1607.15,2.04848,1.24903,1.06772,0,0,0,0,0,0.98472,0,0,0,0,0,0,0,0,0.56204,0.51696,0.52327,0.27832,1.97716,1.16098,1.03241,0,0,0,0,0,0,0,0,0,0,0,0,0,0,0.27832,0.00456687,0.00456687,0.00456687
37,1652.26,2.04424,1.23768,1.06755,0,0,0,0,0,0.98056,0,0,0,0,0,0,0,0,0.58577,0.52038,0.53647,0.28492,1.95704,1.14044,1.02399,0,0,0,0,0,0,0,0,0,0,0,0,0,0,0.28492,0.0045545,0.0045545,0.0045545
38,1697.3,2.03543,1.23213,1.06129,0,0,0,0,0,0.97486,0,0,0,0,0,0,0,0,0.57902,0.53167,0.54169,0.29362,1.94557,1.1261,1.01995,0,0,0,0,0,0,0,0,0,0,0,0,0,0,0.29362,0.00454213,0.00454213,0.00454213
39,1742.96,2.02421,1.22043,1.05956,0,0,0,0,0,0.9718,0,0,0,0,0,0,0,0,0.59296,0.53207,0.54429,0.29519,1.93284,1.11796,1.01862,0,0,0,0,0,0,0,0,0,0,0,0,0,0,0.29519,0.00452975,0.00452975,0.00452975
40,1786.79,2.01711,1.21267,1.05586,0,0,0,0,0,0.9641,0,0,0,0,0,0,0,0,0.58973,0.53095,0.54629,0.29568,1.93841,1.10393,1.01439,0,0,0,0,0,0,0,0,0,0,0,0,0,0,0.29568,0.00451737,0.00451737,0.00451737
41,1831.24,2.00817,1.20227,1.0534,0,0,0,0,0,0.9588,0,0,0,0,0,0,0,0,0.58527,0.54618,0.55075,0.30339,1.90758,1.09423,1.00841,0,0,0,0,0,0,0,0,0,0,0,0,0,0,0.30339,0.004505,0.004505,0.004505
42,1875.8,1.99183,1.18836,1.04829,0,0,0,0,0,0.95444,0,0,0,0,0,0,0,0,0.60993,0.54422,0.55906,0.31037,1.89299,1.0795,1.00418,0,0,0,0,0,0,0,0,0,0,0,0,0,0,0.31037,0.00449263,0.00449263,0.00449263
43,1919.87,1.98485,1.18073,1.04891,0,0,0,0,0,0.94781,0,0,0,0,0,0,0,0,0.6105,0.55106,0.56287,0.31266,1.86832,1.06359,0.99754,0,0,0,0,0,0,0,0,0,0,0,0,0,0,0.31266,0.00448025,0.00448025,0.00448025
44,1963.71,1.96875,1.16278,1.04222,0,0,0,0,0,0.94448,0,0,0,0,0,0,0,0,0.6086,0.56108,0.56792,0.31724,1.85915,1.05175,0.99512,0,0,0,0,0,0,0,0,0,0,0,0,0,0,0.31724,0.00446788,0.00446788,0.00446788
45,2007.89,1.97439,1.1676,1.03908,0,0,0,0,0,0.94123,0,0,0,0,0,0,0,0,0.60807,0.55562,0.56743,0.31583,1.85468,1.04619,0.99212,0,0,0,0,0,0,0,0,0,0,0,0,0,0,0.31583,0.0044555,0.0044555,0.0044555
46,2052.66,1.96191,1.15708,1.03748,0,0,0,0,0,0.93831,0,0,0,0,0,0,0,0,0.60968,0.56169,0.57278,0.3212,1.84275,1.04183,0.98964,0,0,0,0,0,0,0,0,0,0,0,0,0,0,0.3212,0.00444313,0.00444313,0.00444313
47,2096.8,1.96265,1.155,1.03555,0,0,0,0,0,0.93099,0,0,0,0,0,0,0,0,0.62157,0.55394,0.57063,0.31949,1.84422,1.03856,0.99013,0,0,0,0,0,0,0,0,0,0,0,0,0,0,0.31949,0.00443075,0.00443075,0.00443075
48,2141.13,1.95631,1.14653,1.03442,0,0,0,0,0,0.92626,0,0,0,0,0,0,0,0,0.61284,0.56251,0.57702,0.32227,1.84572,1.03391,0.99,0,0,0,0,0,0,0,0,0,0,0,0,0,0,0.32227,0.00441838,0.00441838,0.00441838
49,2185.32,1.93592,1.1331,1.02964,0,0,0,0,0,0.92278,0,0,0,0,0,0,0,0,0.60878,0.56448,0.57638,0.32816,1.82174,1.01989,0.98437,0,0,0,0,0,0,0,0,0,0,0,0,0,0,0.32816,0.004406,0.004406,0.004406
50,2227.23,1.93177,1.13612,1.02768,0,0,0,0,0,0.9205,0,0,0,0,0,0,0,0,0.6218,0.56598,0.57963,0.33009,1.80671,1.01243,0.98123,0,0,0,0,0,0,0,0,0,0,0,0,0,0,0.33009,0.00439362,0.00439362,0.00439362
51,2270.36,1.92383,1.11854,1.02648,0,0,0,0,0,0.91919,0,0,0,0,0,0,0,0,0.62816,0.56994,0.58573,0.33283,1.79462,1.00587,0.97922,0,0,0,0,0,0,0,0,0,0,0,0,0,0,0.33283,0.00438125,0.00438125,0.00438125
52,2314.8,1.91047,1.11181,1.02164,0,0,0,0,0,0.91174,0,0,0,0,0,0,0,0,0.62505,0.57196,0.58399,0.3337,1.79248,0.99869,0.97829,0,0,0,0,0,0,0,0,0,0,0,0,0,0,0.3337,0.00436888,0.00436888,0.00436888
53,2359.09,1.9138,1.10896,1.01961,0,0,0,0,0,0.90869,0,0,0,0,0,0,0,0,0.631,0.57003,0.58749,0.33652,1.78622,0.99221,0.97647,0,0,0,0,0,0,0,0,0,0,0,0,0,0,0.33652,0.0043565,0.0043565,0.0043565
54,2402.76,1.90616,1.1018,1.01551,0,0,0,0,0,0.90188,0,0,0,0,0,0,0,0,0.63024,0.57738,0.59078,0.33891,1.77378,0.98735,0.97274,0,0,0,0,0,0,0,0,0,0,0,0,0,0,0.33891,0.00434412,0.00434412,0.00434412
55,2446.56,1.89117,1.0912,1.01607,0,0,0,0,0,0.90096,0,0,0,0,0,0,0,0,0.64354,0.5746,0.59282,0.34115,1.75954,0.97795,0.96912,0,0,0,0,0,0,0,0,0,0,0,0,0,0,0.34115,0.00433175,0.00433175,0.00433175
56,2490.29,1.88901,1.09116,1.01474,0,0,0,0,0,0.89714,0,0,0,0,0,0,0,0,0.64562,0.57753,0.59606,0.34364,1.75553,0.9744,0.96756,0,0,0,0,0,0,0,0,0,0,0,0,0,0,0.34364,0.00431938,0.00431938,0.00431938
57,2533.22,1.87729,1.07852,1.01193,0,0,0,0,0,0.89617,0,0,0,0,0,0,0,0,0.63986,0.57941,0.59664,0.34516,1.74832,0.97061,0.96514,0,0,0,0,0,0,0,0,0,0,0,0,0,0,0.34516,0.004307,0.004307,0.004307
58,2577.15,1.86864,1.06967,1.01119,0,0,0,0,0,0.89035,0,0,0,0,0,0,0,0,0.63558,0.5816,0.59698,0.34567,1.74689,0.96653,0.96382,0,0,0,0,0,0,0,0,0,0,0,0,0,0,0.34567,0.00429463,0.00429463,0.00429463
59,2621.04,1.87341,1.07374,1.00955,0,0,0,0,0,0.88872,0,0,0,0,0,0,0,0,0.6409,0.58359,0.6008,0.34921,1.73667,0.9609,0.9611,0,0,0,0,0,0,0,0,0,0,0,0,0,0,0.34921,0.00428225,0.00428225,0.00428225
60,2664.6,1.85129,1.06446,1.00814,0,0,0,0,0,0.88707,0,0,0,0,0,0,0,0,0.64177,0.58133,0.60011,0.34966,1.73232,0.95694,0.9609,0,0,0,0,0,0,0,0,0,0,0,0,0,0,0.34966,0.00426988,0.00426988,0.00426988
61,2707.97,1.84765,1.05377,1.00195,0,0,0,0,0,0.87806,0,0,0,0,0,0,0,0,0.64405,0.58864,0.60363,0.35168,1.72763,0.95223,0.96027,0,0,0,0,0,0,0,0,0,0,0,0,0,0,0.35168,0.0042575,0.0042575,0.0042575
62,2751.29,1.85159,1.055,1.00233,0,0,0,0,0,0.87715,0,0,0,0,0,0,0,0,0.63963,0.59065,0.6048,0.35304,1.72235,0.94711,0.95924,0,0,0,0,0,0,0,0,0,0,0,0,0,0,0.35304,0.00424513,0.00424513,0.00424513
63,2793.01,1.83128,1.04777,0.99862,0,0,0,0,0,0.87729,0,0,0,0,0,0,0,0,0.64619,0.59181,0.60787,0.3557,1.71877,0.94242,0.95839,0,0,0,0,0,0,0,0,0,0,0,0,0,0,0.3557,0.00423275,0.00423275,0.00423275
64,2835.26,1.83371,1.04019,0.99689,0,0,0,0,0,0.87344,0,0,0,0,0,0,0,0,0.64628,0.59295,0.60812,0.35637,1.71382,0.93788,0.95693,0,0,0,0,0,0,0,0,0,0,0,0,0,0,0.35637,0.00422038,0.00422038,0.00422038
65,2877.74,1.82276,1.03523,0.99405,0,0,0,0,0,0.8693,0,0,0,0,0,0,0,0,0.65206,0.59302,0.61127,0.35813,1.70721,0.9335,0.95502,0,0,0,0,0,0,0,0,0,0,0,0,0,0,0.35813,0.004208,0.004208,0.004208
66,2920.08,1.82235,1.03783,0.99473,0,0,0,0,0,0.87002,0,0,0,0,0,0,0,0,0.65808,0.59398,0.6128,0.35808,1.70173,0.92998,0.95374,0,0,0,0,0,0,0,0,0,0,0,0,0,0,0.35808,0.00419563,0.00419563,0.00419563
67,2961.7,1.80777,1.02475,0.99476,0,0,0,0,0,0.8661,0,0,0,0,0,0,0,0,0.66406,0.59171,0.61444,0.36002,1.69684,0.92583,0.9527,0,0,0,0,0,0,0,0,0,0,0,0,0,0,0.36002,0.00418325,0.00418325,0.00418325
68,3003.34,1.81336,1.0275,0.99099,0,0,0,0,0,0.86257,0,0,0,0,0,0,0,0,0.66452,0.59639,0.61702,0.36148,1.69097,0.92285,0.95161,0,0,0,0,0,0,0,0,0,0,0,0,0,0,0.36148,0.00417088,0.00417088,0.00417088
69,3045,1.79633,1.01754,0.99181,0,0,0,0,0,0.85975,0,0,0,0,0,0,0,0,0.66788,0.59563,0.61851,0.3634,1.6863,0.91936,0.95043,0,0,0,0,0,0,0,0,0,0,0,0,0,0,0.3634,0.0041585,0.0041585,0.0041585
70,3087.05,1.79374,1.01168,0.98813,0,0,0,0,0,0.85308,0,0,0,0,0,0,0,0,0.66487,0.59744,0.61823,0.36395,1.68326,0.91704,0.9493,0,0,0,0,0,0,0,0,0,0,0,0,0,0,0.36395,0.00414612,0.00414612,0.00414612
71,3129.22,1.79698,1.01402,0.98731,0,0,0,0,0,0.85273,0,0,0,0,0,0,0,0,0.66486,0.59834,0.61946,0.36434,1.68061,0.9145,0.94834,0,0,0,0,0,0,0,0,0,0,0,0,0,0,0.36434,0.00413375,0.00413375,0.00413375
72,3170.88,1.78211,1.0052,0.9849,0,0,0,0,0,0.85167,0,0,0,0,0,0,0,0,0.66369,0.59932,0.61991,0.36571,1.67642,0.9115,0.94736,0,0,0,0,0,0,0,0,0,0,0,0,0,0,0.36571,0.00412138,0.00412138,0.00412138
73,3212.78,1.78566,1.00485,0.99002,0,0,0,0,0,0.85075,0,0,0,0,0,0,0,0,0.66369,0.60394,0.62228,0.36636,1.67331,0.90943,0.94662,0,0,0,0,0,0,0,0,0,0,0,0,0,0,0.36636,0.004109,0.004109,0.004109
74,3254.2,1.7673,0.99575,0.98244,0,0,0,0,0,0.84579,0,0,0,0,0,0,0,0,0.6676,0.60329,0.62261,0.36796,1.67018,0.90724,0.94571,0,0,0,0,0,0,0,0,0,0,0,0,0,0,0.36796,0.00409662,0.00409662,0.00409662
75,3295.47,1.7698,0.99271,0.98021,0,0,0,0,0,0.84197,0,0,0,0,0,0,0,0,0.66743,0.60639,0.62393,0.36888,1.66702,0.90505,0.94503,0,0,0,0,0,0,0,0,0,0,0,0,0,0,0.36888,0.00408425,0.00408425,0.00408425
76,3336.39,1.75633,0.98581,0.97791,0,0,0,0,0,0.83872,0,0,0,0,0,0,0,0,0.66945,0.60573,0.62473,0.3701,1.66367,0.90256,0.94445,0,0,0,0,0,0,0,0,0,0,0,0,0,0,0.3701,0.00407187,0.00407187,0.00407187
77,3378.38,1.7527,0.97855,0.97484,0,0,0,0,0,0.83806,0,0,0,0,0,0,0,0,0.66596,0.60765,0.62535,0.37121,1.66061,0.89939,0.94353,0,0,0,0,0,0,0,0,0,0,0,0,0,0,0.37121,0.0040595,0.0040595,0.0040595
78,3420.9,1.74459,0.97471,0.97879,0,0,0,0,0,0.83538,0,0,0,0,0,0,0,0,0.66616,0.60751,0.62623,0.37246,1.65666,0.89756,0.94265,0,0,0,0,0,0,0,0,0,0,0,0,0,0,0.37246,0.00404712,0.00404712,0.00404712
79,3465,1.73603,0.96604,0.97379,0,0,0,0,0,0.82915,0,0,0,0,0,0,0,0,0.67205,0.60683,0.62746,0.37315,1.65371,0.89505,0.94197,0,0,0,0,0,0,0,0,0,0,0,0,0,0,0.37315,0.00403475,0.00403475,0.00403475
80,3508.93,1.73629,0.96771,0.97153,0,0,0,0,0,0.83027,0,0,0,0,0,0,0,0,0.67214,0.60789,0.62836,0.37464,1.65014,0.89265,0.94126,0,0,0,0,0,0,0,0,0,0,0,0,0,0,0.37464,0.00402237,0.00402237,0.00402237
81,3552.86,1.73595,0.96405,0.97,0,0,0,0,0,0.82684,0,0,0,0,0,0,0,0,0.6725,0.60871,0.62974,0.3756,1.64767,0.89106,0.94075,0,0,0,0,0,0,0,0,0,0,0,0,0,0,0.3756,0.00401,0.00401,0.00401
82,3597.17,1.72722,0.96173,0.97122,0,0,0,0,0,0.82622,0,0,0,0,0,0,0,0,0.66915,0.61017,0.6307,0.37641,1.64342,0.88864,0.93991,0,0,0,0,0,0,0,0,0,0,0,0,0,0,0.37641,0.00399763,0.00399763,0.00399763
83,3641.13,1.72536,0.95562,0.96996,0,0,0,0,0,0.82331,0,0,0,0,0,0,0,0,0.67511,0.6084,0.63189,0.37745,1.64007,0.88635,0.93914,0,0,0,0,0,0,0,0,0,0,0,0,0,0,0.37745,0.00398525,0.00398525,0.00398525
84,3685.32,1.71834,0.95137,0.96762,0,0,0,0,0,0.82221,0,0,0,0,0,0,0,0,0.67523,0.61009,0.63267,0.37815,1.63723,0.88417,0.93851,0,0,0,0,0,0,0,0,0,0,0,0,0,0,0.37815,0.00397287,0.00397287,0.00397287
85,3728.24,1.71587,0.95534,0.96485,0,0,0,0,0,0.82141,0,0,0,0,0,0,0,0,0.67648,0.61071,0.63424,0.37895,1.635,0.88219,0.93804,0,0,0,0,0,0,0,0,0,0,0,0,0,0,0.37895,0.0039605,0.0039605,0.0039605
86,3771.71,1.70324,0.94569,0.96288,0,0,0,0,0,0.81841,0,0,0,0,0,0,0,0,0.68193,0.61147,0.63543,0.38021,1.63146,0.88006,0.9373,0,0,0,0,0,0,0,0,0,0,0,0,0,0,0.38021,0.00394813,0.00394813,0.00394813
87,3815.75,1.70413,0.94362,0.96488,0,0,0,0,0,0.81663,0,0,0,0,0,0,0,0,0.67946,0.61261,0.63572,0.3811,1.62831,0.87763,0.93672,0,0,0,0,0,0,0,0,0,0,0,0,0,0,0.3811,0.00393575,0.00393575,0.00393575
88,3859.4,1.69767,0.94099,0.96382,0,0,0,0,0,0.81655,0,0,0,0,0,0,0,0,0.67915,0.61287,0.63633,0.38178,1.62566,0.87572,0.93603,0,0,0,0,0,0,0,0,0,0,0,0,0,0,0.38178,0.00392337,0.00392337,0.00392337
89,3903.72,1.69178,0.93612,0.96077,0,0,0,0,0,0.81287,0,0,0,0,0,0,0,0,0.6766,0.61405,0.63668,0.38205,1.62291,0.87418,0.93541,0,0,0,0,0,0,0,0,0,0,0,0,0,0,0.38205,0.003911,0.003911,0.003911
90,3947.48,1.6884,0.92682,0.95835,0,0,0,0,0,0.8068,0,0,0,0,0,0,0,0,0.68005,0.61474,0.63744,0.38292,1.62033,0.87245,0.93487,0,0,0,0,0,0,0,0,0,0,0,0,0,0,0.38292,0.00389863,0.00389863,0.00389863
91,3991.05,1.68907,0.93382,0.96261,0,0,0,0,0,0.8111,0,0,0,0,0,0,0,0,0.68202,0.61742,0.63912,0.38395,1.61778,0.87022,0.93423,0,0,0,0,0,0,0,0,0,0,0,0,0,0,0.38395,0.00388625,0.00388625,0.00388625
92,4035.18,1.68081,0.92275,0.95906,0,0,0,0,0,0.80633,0,0,0,0,0,0,0,0,0.68409,0.61768,0.64023,0.38468,1.6152,0.86873,0.93382,0,0,0,0,0,0,0,0,0,0,0,0,0,0,0.38468,0.00387388,0.00387388,0.00387388
93,4078.98,1.68457,0.92614,0.95694,0,0,0,0,0,0.80575,0,0,0,0,0,0,0,0,0.68659,0.61767,0.64071,0.3855,1.61269,0.86692,0.93342,0,0,0,0,0,0,0,0,0,0,0,0,0,0,0.3855,0.0038615,0.0038615,0.0038615
94,4122.32,1.68224,0.92205,0.95736,0,0,0,0,0,0.80484,0,0,0,0,0,0,0,0,0.68686,0.61843,0.64236,0.3864,1.61027,0.86516,0.93281,0,0,0,0,0,0,0,0,0,0,0,0,0,0,0.3864,0.00384913,0.00384913,0.00384913
95,4166.1,1.67185,0.91656,0.95571,0,0,0,0,0,0.80251,0,0,0,0,0,0,0,0,0.68603,0.62016,0.64362,0.38739,1.60739,0.86339,0.93228,0,0,0,0,0,0,0,0,0,0,0,0,0,0,0.38739,0.00383675,0.00383675,0.00383675
96,4209.33,1.6667,0.9146,0.95351,0,0,0,0,0,0.80097,0,0,0,0,0,0,0,0,0.68736,0.62031,0.64443,0.38797,1.60597,0.86167,0.93171,0,0,0,0,0,0,0,0,0,0,0,0,0,0,0.38797,0.00382438,0.00382438,0.00382438
97,4252.07,1.66485,0.90831,0.95669,0,0,0,0,0,0.79852,0,0,0,0,0,0,0,0,0.68636,0.62133,0.64491,0.38836,1.60355,0.85988,0.93113,0,0,0,0,0,0,0,0,0,0,0,0,0,0,0.38836,0.003812,0.003812,0.003812
98,4296,1.66609,0.91255,0.95568,0,0,0,0,0,0.79757,0,0,0,0,0,0,0,0,0.68925,0.62162,0.64551,0.38924,1.60156,0.85808,0.93058,0,0,0,0,0,0,0,0,0,0,0,0,0,0,0.38924,0.00379963,0.00379963,0.00379963
99,4339.01,1.64892,0.90272,0.94905,0,0,0,0,0,0.79499,0,0,0,0,0,0,0,0,0.69123,0.6218,0.64631,0.38992,1.59939,0.85596,0.93005,0,0,0,0,0,0,0,0,0,0,0,0,0,0,0.38992,0.00378725,0.00378725,0.00378725
100,4382.58,1.64896,0.89612,0.94866,0,0,0,0,0,0.79137,0,0,0,0,0,0,0,0,0.69244,0.62244,0.64782,0.39047,1.59696,0.85431,0.92962,0,0,0,0,0,0,0,0,0,0,0,0,0,0,0.39047,0.00377488,0.00377488,0.00377488
101,4425.97,1.64485,0.89446,0.94751,0,0,0,0,0,0.78988,0,0,0,0,0,0,0,0,0.6922,0.62226,0.64774,0.39119,1.59454,0.85298,0.92914,0,0,0,0,0,0,0,0,0,0,0,0,0,0,0.39119,0.0037625,0.0037625,0.0037625
102,4469.86,1.65111,0.89969,0.94942,0,0,0,0,0,0.79193,0,0,0,0,0,0,0,0,0.69329,0.62308,0.64833,0.39189,1.59262,0.85106,0.92857,0,0,0,0,0,0,0,0,0,0,0,0,0,0,0.39189,0.00375013,0.00375013,0.00375013
103,4514.42,1.63452,0.88955,0.94706,0,0,0,0,0,0.78996,0,0,0,0,0,0,0,0,0.69149,0.62393,0.6487,0.39261,1.59038,0.8498,0.92798,0,0,0,0,0,0,0,0,0,0,0,0,0,0,0.39261,0.00373775,0.00373775,0.00373775
104,4557.62,1.64001,0.8922,0.94828,0,0,0,0,0,0.78641,0,0,0,0,0,0,0,0,0.69246,0.62564,0.65067,0.39383,1.58747,0.8482,0.92746,0,0,0,0,0,0,0,0,0,0,0,0,0,0,0.39383,0.00372537,0.00372537,0.00372537
105,4600.77,1.63602,0.88587,0.94706,0,0,0,0,0,0.78622,0,0,0,0,0,0,0,0,0.69038,0.62799,0.65086,0.3946,1.5856,0.84624,0.92696,0,0,0,0,0,0,0,0,0,0,0,0,0,0,0.3946,0.003713,0.003713,0.003713
106,4644.84,1.63584,0.88953,0.94626,0,0,0,0,0,0.78443,0,0,0,0,0,0,0,0,0.69214,0.62894,0.6524,0.39543,1.58263,0.84479,0.92629,0,0,0,0,0,0,0,0,0,0,0,0,0,0,0.39543,0.00370063,0.00370063,0.00370063
107,4688.84,1.62673,0.88462,0.94317,0,0,0,0,0,0.78221,0,0,0,0,0,0,0,0,0.69631,0.6306,0.65438,0.39644,1.58016,0.84301,0.92569,0,0,0,0,0,0,0,0,0,0,0,0,0,0,0.39644,0.00368825,0.00368825,0.00368825
108,4732.06,1.62338,0.88089,0.93884,0,0,0,0,0,0.78046,0,0,0,0,0,0,0,0,0.69713,0.63065,0.65493,0.39739,1.57764,0.84111,0.92514,0,0,0,0,0,0,0,0,0,0,0,0,0,0,0.39739,0.00367587,0.00367587,0.00367587
109,4776.06,1.61773,0.87879,0.94277,0,0,0,0,0,0.78178,0,0,0,0,0,0,0,0,0.69707,0.62997,0.65484,0.39785,1.57539,0.83984,0.92475,0,0,0,0,0,0,0,0,0,0,0,0,0,0,0.39785,0.0036635,0.0036635,0.0036635
110,4819,1.61196,0.87549,0.9389,0,0,0,0,0,0.7783,0,0,0,0,0,0,0,0,0.69826,0.62977,0.655,0.39831,1.57315,0.83804,0.92418,0,0,0,0,0,0,0,0,0,0,0,0,0,0,0.39831,0.00365113,0.00365113,0.00365113
111,4861.5,1.61008,0.86731,0.94045,0,0,0,0,0,0.7763,0,0,0,0,0,0,0,0,0.69889,0.63138,0.65662,0.39975,1.57043,0.83641,0.9237,0,0,0,0,0,0,0,0,0,0,0,0,0,0,0.39975,0.00363875,0.00363875,0.00363875
112,4905.23,1.60963,0.869,0.9404,0,0,0,0,0,0.77449,0,0,0,0,0,0,0,0,0.6998,0.63206,0.65807,0.40067,1.56848,0.83491,0.92334,0,0,0,0,0,0,0,0,0,0,0,0,0,0,0.40067,0.00362637,0.00362637,0.00362637
113,4949.23,1.61625,0.87363,0.9405,0,0,0,0,0,0.77364,0,0,0,0,0,0,0,0,0.69661,0.6341,0.65835,0.40089,1.56629,0.83333,0.92285,0,0,0,0,0,0,0,0,0,0,0,0,0,0,0.40089,0.003614,0.003614,0.003614
114,4993.45,1.60163,0.86503,0.93896,0,0,0,0,0,0.77272,0,0,0,0,0,0,0,0,0.69788,0.63472,0.65807,0.40134,1.56375,0.83183,0.92242,0,0,0,0,0,0,0,0,0,0,0,0,0,0,0.40134,0.00360163,0.00360163,0.00360163
115,5037.35,1.60159,0.86376,0.93796,0,0,0,0,0,0.77233,0,0,0,0,0,0,0,0,0.69849,0.63544,0.6592,0.40198,1.56153,0.83047,0.92199,0,0,0,0,0,0,0,0,0,0,0,0,0,0,0.40198,0.00358925,0.00358925,0.00358925
116,5080.72,1.59691,0.85776,0.93728,0,0,0,0,0,0.77033,0,0,0,0,0,0,0,0,0.69716,0.63692,0.66015,0.40288,1.55892,0.82906,0.9213,0,0,0,0,0,0,0,0,0,0,0,0,0,0,0.40288,0.00357688,0.00357688,0.00357688
117,5125.14,1.59056,0.86521,0.93266,0,0,0,0,0,0.77128,0,0,0,0,0,0,0,0,0.69778,0.63803,0.66084,0.40356,1.55646,0.82703,0.92073,0,0,0,0,0,0,0,0,0,0,0,0,0,0,0.40356,0.0035645,0.0035645,0.0035645
118,5169.2,1.58739,0.85691,0.93459,0,0,0,0,0,0.76859,0,0,0,0,0,0,0,0,0.69593,0.63916,0.66115,0.40443,1.55413,0.82554,0.92015,0,0,0,0,0,0,0,0,0,0,0,0,0,0,0.40443,0.00355212,0.00355212,0.00355212
119,5212.91,1.58966,0.85716,0.93752,0,0,0,0,0,0.76759,0,0,0,0,0,0,0,0,0.7014,0.63725,0.66224,0.40518,1.55253,0.82399,0.9198,0,0,0,0,0,0,0,0,0,0,0,0,0,0,0.40518,0.00353975,0.00353975,0.00353975
120,5256.1,1.57304,0.84999,0.93344,0,0,0,0,0,0.76581,0,0,0,0,0,0,0,0,0.70169,0.63781,0.66311,0.40576,1.54982,0.8221,0.91935,0,0,0,0,0,0,0,0,0,0,0,0,0,0,0.40576,0.00352737,0.00352737,0.00352737
121,5299.26,1.58168,0.85501,0.93247,0,0,0,0,0,0.76426,0,0,0,0,0,0,0,0,0.69875,0.64,0.66358,0.40694,1.54774,0.82073,0.91872,0,0,0,0,0,0,0,0,0,0,0,0,0,0,0.40694,0.003515,0.003515,0.003515
122,5340.93,1.58412,0.85045,0.93471,0,0,0,0,0,0.76502,0,0,0,0,0,0,0,0,0.70014,0.64049,0.66461,0.40774,1.54554,0.81911,0.91818,0,0,0,0,0,0,0,0,0,0,0,0,0,0,0.40774,0.00350263,0.00350263,0.00350263
123,5383.29,1.57947,0.84375,0.93457,0,0,0,0,0,0.76138,0,0,0,0,0,0,0,0,0.70023,0.64092,0.66543,0.40843,1.54378,0.81754,0.91792,0,0,0,0,0,0,0,0,0,0,0,0,0,0,0.40843,0.00349025,0.00349025,0.00349025
124,5426.84,1.57174,0.84428,0.93166,0,0,0,0,0,0.75956,0,0,0,0,0,0,0,0,0.70258,0.64091,0.66621,0.40967,1.54107,0.81589,0.91741,0,0,0,0,0,0,0,0,0,0,0,0,0,0,0.40967,0.00347788,0.00347788,0.00347788
125,5470.34,1.5773,0.84505,0.93042,0,0,0,0,0,0.76108,0,0,0,0,0,0,0,0,0.705,0.64259,0.66773,0.41007,1.53869,0.8137,0.91698,0,0,0,0,0,0,0,0,0,0,0,0,0,0,0.41007,0.0034655,0.0034655,0.0034655
126,5514.16,1.56621,0.83596,0.9301,0,0,0,0,0,0.76022,0,0,0,0,0,0,0,0,0.70861,0.64093,0.66884,0.41094,1.53726,0.81207,0.91664,0,0,0,0,0,0,0,0,0,0,0,0,0,0,0.41094,0.00345313,0.00345313,0.00345313
127,5557.32,1.55735,0.83489,0.92868,0,0,0,0,0,0.7576,0,0,0,0,0,0,0,0,0.70838,0.64362,0.66959,0.41148,1.53491,0.81076,0.91605,0,0,0,0,0,0,0,0,0,0,0,0,0,0,0.41148,0.00344075,0.00344075,0.00344075
128,5600.51,1.55695,0.83373,0.92861,0,0,0,0,0,0.75376,0,0,0,0,0,0,0,0,0.70893,0.64366,0.67027,0.41204,1.53261,0.80882,0.91558,0,0,0,0,0,0,0,0,0,0,0,0,0,0,0.41204,0.00342838,0.00342838,0.00342838
129,5643.85,1.56281,0.84048,0.92943,0,0,0,0,0,0.7544,0,0,0,0,0,0,0,0,0.7084,0.64489,0.671,0.41267,1.53073,0.8074,0.9151,0,0,0,0,0,0,0,0,0,0,0,0,0,0,0.41267,0.003416,0.003416,0.003416
130,5687.2,1.56083,0.83788,0.92574,0,0,0,0,0,0.75666,0,0,0,0,0,0,0,0,0.70909,0.64553,0.67175,0.41322,1.52857,0.80601,0.91466,0,0,0,0,0,0,0,0,0,0,0,0,0,0,0.41322,0.00340363,0.00340363,0.00340363
131,5731.85,1.54826,0.8314,0.92702,0,0,0,0,0,0.75145,0,0,0,0,0,0,0,0,0.70846,0.6481,0.67276,0.41388,1.5262,0.80441,0.91422,0,0,0,0,0,0,0,0,0,0,0,0,0,0,0.41388,0.00339125,0.00339125,0.00339125
132,5775.7,1.55235,0.82789,0.92752,0,0,0,0,0,0.75127,0,0,0,0,0,0,0,0,0.71109,0.64839,0.67383,0.41494,1.52368,0.80258,0.91367,0,0,0,0,0,0,0,0,0,0,0,0,0,0,0.41494,0.00337887,0.00337887,0.00337887
133,5819.06,1.54326,0.82619,0.92886,0,0,0,0,0,0.75128,0,0,0,0,0,0,0,0,0.71537,0.64943,0.67516,0.41565,1.52119,0.80064,0.91314,0,0,0,0,0,0,0,0,0,0,0,0,0,0,0.41565,0.0033665,0.0033665,0.0033665
134,5862.66,1.55039,0.8254,0.92672,0,0,0,0,0,0.7505,0,0,0,0,0,0,0,0,0.71485,0.64912,0.67609,0.41627,1.51843,0.7989,0.91257,0,0,0,0,0,0,0,0,0,0,0,0,0,0,0.41627,0.00335412,0.00335412,0.00335412
135,5906.68,1.55124,0.82532,0.92815,0,0,0,0,0,0.75073,0,0,0,0,0,0,0,0,0.71539,0.65101,0.67673,0.4172,1.51581,0.79723,0.91204,0,0,0,0,0,0,0,0,0,0,0,0,0,0,0.4172,0.00334175,0.00334175,0.00334175
136,5949.59,1.53858,0.81994,0.92429,0,0,0,0,0,0.74886,0,0,0,0,0,0,0,0,0.715,0.65084,0.67655,0.41776,1.51351,0.79553,0.91149,0,0,0,0,0,0,0,0,0,0,0,0,0,0,0.41776,0.00332937,0.00332937,0.00332937
137,5993.33,1.53967,0.81697,0.92117,0,0,0,0,0,0.7491,0,0,0,0,0,0,0,0,0.71644,0.65208,0.67787,0.41855,1.51132,0.79363,0.91099,0,0,0,0,0,0,0,0,0,0,0,0,0,0,0.41855,0.003317,0.003317,0.003317
138,6036.4,1.53682,0.8129,0.92093,0,0,0,0,0,0.74473,0,0,0,0,0,0,0,0,0.72032,0.65047,0.67868,0.41933,1.50829,0.79215,0.91049,0,0,0,0,0,0,0,0,0,0,0,0,0,0,0.41933,0.00330462,0.00330462,0.00330462
139,6079.96,1.53216,0.82105,0.92195,0,0,0,0,0,0.74673,0,0,0,0,0,0,0,0,0.71841,0.6518,0.67909,0.41988,1.50618,0.79013,0.90994,0,0,0,0,0,0,0,0,0,0,0,0,0,0,0.41988,0.00329225,0.00329225,0.00329225
140,6122.77,1.53216,0.81621,0.91903,0,0,0,0,0,0.74362,0,0,0,0,0,0,0,0,0.71927,0.652,0.68011,0.42017,1.50416,0.78844,0.90943,0,0,0,0,0,0,0,0,0,0,0,0,0,0,0.42017,0.00327988,0.00327988,0.00327988
141,6166.14,1.53036,0.81505,0.92299,0,0,0,0,0,0.74361,0,0,0,0,0,0,0,0,0.72085,0.65149,0.68083,0.4211,1.50216,0.78745,0.90909,0,0,0,0,0,0,0,0,0,0,0,0,0,0,0.4211,0.0032675,0.0032675,0.0032675
142,6209.11,1.52842,0.81231,0.91972,0,0,0,0,0,0.74041,0,0,0,0,0,0,0,0,0.72223,0.65104,0.68159,0.42188,1.50059,0.78575,0.90869,0,0,0,0,0,0,0,0,0,0,0,0,0,0,0.42188,0.00325512,0.00325512,0.00325512
143,6252.92,1.52885,0.81528,0.92206,0,0,0,0,0,0.7421,0,0,0,0,0,0,0,0,0.72276,0.65124,0.68201,0.42264,1.49886,0.78464,0.90827,0,0,0,0,0,0,0,0,0,0,0,0,0,0,0.42264,0.00324275,0.00324275,0.00324275
144,6296.82,1.51719,0.8115,0.91865,0,0,0,0,0,0.73999,0,0,0,0,0,0,0,0,0.72469,0.65218,0.68305,0.42323,1.49625,0.78305,0.90775,0,0,0,0,0,0,0,0,0,0,0,0,0,0,0.42323,0.00323038,0.00323038,0.00323038
145,6340.3,1.51877,0.80933,0.9166,0,0,0,0,0,0.73822,0,0,0,0,0,0,0,0,0.72541,0.652,0.68313,0.42415,1.49407,0.78158,0.90725,0,0,0,0,0,0,0,0,0,0,0,0,0,0,0.42415,0.003218,0.003218,0.003218
146,6384.11,1.50859,0.802,0.91638,0,0,0,0,0,0.73853,0,0,0,0,0,0,0,0,0.72462,0.65358,0.68448,0.42461,1.4924,0.77989,0.9068,0,0,0,0,0,0,0,0,0,0,0,0,0,0,0.42461,0.00320562,0.00320562,0.00320562
147,6427.72,1.51655,0.80226,0.91938,0,0,0,0,0,0.73876,0,0,0,0,0,0,0,0,0.72761,0.65288,0.68493,0.42508,1.4909,0.77812,0.90639,0,0,0,0,0,0,0,0,0,0,0,0,0,0,0.42508,0.00319325,0.00319325,0.00319325
148,6471.4,1.51016,0.80293,0.91702,0,0,0,0,0,0.73755,0,0,0,0,0,0,0,0,0.72732,0.65307,0.68603,0.4257,1.4889,0.7764,0.906,0,0,0,0,0,0,0,0,0,0,0,0,0,0,0.4257,0.00318088,0.00318088,0.00318088
149,6514.59,1.50512,0.8021,0.91785,0,0,0,0,0,0.73572,0,0,0,0,0,0,0,0,0.72676,0.65497,0.6869,0.42625,1.48666,0.77465,0.90561,0,0,0,0,0,0,0,0,0,0,0,0,0,0,0.42625,0.0031685,0.0031685,0.0031685
150,6558.49,1.5114,0.80073,0.9178,0,0,0,0,0,0.73522,0,0,0,0,0,0,0,0,0.72903,0.65434,0.68777,0.42701,1.48492,0.77331,0.90512,0,0,0,0,0,0,0,0,0,0,0,0,0,0,0.42701,0.00315612,0.00315612,0.00315612
151,6601.21,1.49934,0.80132,0.91639,0,0,0,0,0,0.73762,0,0,0,0,0,0,0,0,0.7278,0.65707,0.6883,0.42774,1.4828,0.77193,0.9046,0,0,0,0,0,0,0,0,0,0,0,0,0,0,0.42774,0.00314375,0.00314375,0.00314375
152,6644.77,1.49195,0.79341,0.91507,0,0,0,0,0,0.73158,0,0,0,0,0,0,0,0,0.72663,0.65836,0.68913,0.42872,1.47993,0.77059,0.90411,0,0,0,0,0,0,0,0,0,0,0,0,0,0,0.42872,0.00313138,0.00313138,0.00313138
153,6687.93,1.49715,0.79559,0.91326,0,0,0,0,0,0.73069,0,0,0,0,0,0,0,0,0.72491,0.65752,0.68878,0.4293,1.47829,0.76875,0.90372,0,0,0,0,0,0,0,0,0,0,0,0,0,0,0.4293,0.003119,0.003119,0.003119
154,6731.3,1.49064,0.78878,0.91281,0,0,0,0,0,0.73105,0,0,0,0,0,0,0,0,0.72555,0.65904,0.68978,0.43,1.47634,0.76777,0.90338,0,0,0,0,0,0,0,0,0,0,0,0,0,0,0.43,0.00310662,0.00310662,0.00310662
155,6774.95,1.49176,0.78932,0.91232,0,0,0,0,0,0.73091,0,0,0,0,0,0,0,0,0.72566,0.66041,0.69041,0.43023,1.47376,0.76626,0.90291,0,0,0,0,0,0,0,0,0,0,0,0,0,0,0.43023,0.00309425,0.00309425,0.00309425
156,6818.16,1.48453,0.78707,0.91476,0,0,0,0,0,0.73006,0,0,0,0,0,0,0,0,0.72385,0.66193,0.69138,0.43105,1.47132,0.76468,0.90252,0,0,0,0,0,0,0,0,0,0,0,0,0,0,0.43105,0.00308187,0.00308187,0.00308187
157,6861.37,1.48572,0.78597,0.91165,0,0,0,0,0,0.72788,0,0,0,0,0,0,0,0,0.723,0.66502,0.69295,0.43129,1.46908,0.76325,0.90216,0,0,0,0,0,0,0,0,0,0,0,0,0,0,0.43129,0.0030695,0.0030695,0.0030695
158,6905.15,1.48592,0.78242,0.91157,0,0,0,0,0,0.72676,0,0,0,0,0,0,0,0,0.72442,0.66536,0.69384,0.43233,1.46679,0.76149,0.90176,0,0,0,0,0,0,0,0,0,0,0,0,0,0,0.43233,0.00305712,0.00305712,0.00305712
159,6949.26,1.48446,0.788,0.91068,0,0,0,0,0,0.7308,0,0,0,0,0,0,0,0,0.72437,0.6654,0.69447,0.43287,1.46439,0.75996,0.90127,0,0,0,0,0,0,0,0,0,0,0,0,0,0,0.43287,0.00304475,0.00304475,0.00304475
160,6992.27,1.47605,0.77763,0.91071,0,0,0,0,0,0.72501,0,0,0,0,0,0,0,0,0.72536,0.66728,0.69553,0.43396,1.46199,0.75805,0.90088,0,0,0,0,0,0,0,0,0,0,0,0,0,0,0.43396,0.00303237,0.00303237,0.00303237
161,7036.39,1.48247,0.77941,0.91202,0,0,0,0,0,0.72594,0,0,0,0,0,0,0,0,0.72526,0.66852,0.69665,0.43461,1.46044,0.75641,0.90054,0,0,0,0,0,0,0,0,0,0,0,0,0,0,0.43461,0.00302,0.00302,0.00302
162,7078.99,1.47572,0.78007,0.90627,0,0,0,0,0,0.72354,0,0,0,0,0,0,0,0,0.72466,0.66983,0.69718,0.43527,1.45822,0.75464,0.90011,0,0,0,0,0,0,0,0,0,0,0,0,0,0,0.43527,0.00300762,0.00300762,0.00300762
163,7124.77,1.48365,0.78358,0.91197,0,0,0,0,0,0.72451,0,0,0,0,0,0,0,0,0.72492,0.67103,0.69835,0.43612,1.4562,0.75328,0.8997,0,0,0,0,0,0,0,0,0,0,0,0,0,0,0.43612,0.00299525,0.00299525,0.00299525
164,7179.96,1.46577,0.77368,0.90795,0,0,0,0,0,0.72221,0,0,0,0,0,0,0,0,0.72452,0.67112,0.69817,0.43675,1.45331,0.75216,0.89924,0,0,0,0,0,0,0,0,0,0,0,0,0,0,0.43675,0.00298288,0.00298288,0.00298288
165,7236.02,1.46492,0.77452,0.9049,0,0,0,0,0,0.7238,0,0,0,0,0,0,0,0,0.7272,0.67158,0.69942,0.43729,1.45117,0.75079,0.89874,0,0,0,0,0,0,0,0,0,0,0,0,0,0,0.43729,0.0029705,0.0029705,0.0029705
166,7291.16,1.46277,0.76997,0.9046,0,0,0,0,0,0.72283,0,0,0,0,0,0,0,0,0.72354,0.67465,0.69923,0.43813,1.44926,0.74924,0.89835,0,0,0,0,0,0,0,0,0,0,0,0,0,0,0.43813,0.00295813,0.00295813,0.00295813
167,7346.66,1.46549,0.77398,0.90713,0,0,0,0,0,0.72093,0,0,0,0,0,0,0,0,0.72881,0.67296,0.70039,0.43856,1.44733,0.74788,0.89781,0,0,0,0,0,0,0,0,0,0,0,0,0,0,0.43856,0.00294575,0.00294575,0.00294575
168,7402.53,1.47135,0.77657,0.90799,0,0,0,0,0,0.7187,0,0,0,0,0,0,0,0,0.72675,0.67318,0.70018,0.43901,1.44478,0.74647,0.89736,0,0,0,0,0,0,0,0,0,0,0,0,0,0,0.43901,0.00293338,0.00293338,0.00293338
169,7457.74,1.4611,0.77228,0.90809,0,0,0,0,0,0.72155,0,0,0,0,0,0,0,0,0.72263,0.67604,0.70061,0.43969,1.44251,0.74462,0.89692,0,0,0,0,0,0,0,0,0,0,0,0,0,0,0.43969,0.002921,0.002921,0.002921
170,7513.22,1.46192,0.77262,0.90883,0,0,0,0,0,0.7181,0,0,0,0,0,0,0,0,0.72279,0.67706,0.70196,0.44071,1.44049,0.74348,0.89649,0,0,0,0,0,0,0,0,0,0,0,0,0,0,0.44071,0.00290863,0.00290863,0.00290863
171,7568.94,1.4615,0.77402,0.90358,0,0,0,0,0,0.72034,0,0,0,0,0,0,0,0,0.72615,0.67703,0.70268,0.44174,1.43854,0.74179,0.89622,0,0,0,0,0,0,0,0,0,0,0,0,0,0,0.44174,0.00289625,0.00289625,0.00289625
172,7624.87,1.45661,0.76407,0.90545,0,0,0,0,0,0.71564,0,0,0,0,0,0,0,0,0.72637,0.67818,0.70362,0.44226,1.43656,0.74037,0.89581,0,0,0,0,0,0,0,0,0,0,0,0,0,0,0.44226,0.00288388,0.00288388,0.00288388
173,7680.52,1.46698,0.77145,0.90763,0,0,0,0,0,0.71728,0,0,0,0,0,0,0,0,0.72776,0.67883,0.70396,0.4423,1.43483,0.73959,0.89524,0,0,0,0,0,0,0,0,0,0,0,0,0,0,0.4423,0.0028715,0.0028715,0.0028715
174,7736.65,1.44427,0.76169,0.90332,0,0,0,0,0,0.71701,0,0,0,0,0,0,0,0,0.72787,0.67922,0.7048,0.4431,1.43243,0.73819,0.89486,0,0,0,0,0,0,0,0,0,0,0,0,0,0,0.4431,0.00285913,0.00285913,0.00285913
175,7792.73,1.46022,0.76869,0.90487,0,0,0,0,0,0.71514,0,0,0,0,0,0,0,0,0.73001,0.67996,0.70571,0.44414,1.42994,0.73648,0.89445,0,0,0,0,0,0,0,0,0,0,0,0,0,0,0.44414,0.00284675,0.00284675,0.00284675
176,7848.28,1.44007,0.75416,0.90168,0,0,0,0,0,0.71334,0,0,0,0,0,0,0,0,0.72944,0.68139,0.70661,0.44497,1.42835,0.73563,0.89409,0,0,0,0,0,0,0,0,0,0,0,0,0,0,0.44497,0.00283438,0.00283438,0.00283438
177,7905.2,1.44739,0.75731,0.90359,0,0,0,0,0,0.71334,0,0,0,0,0,0,0,0,0.7357,0.67975,0.70825,0.44584,1.42619,0.73413,0.89371,0,0,0,0,0,0,0,0,0,0,0,0,0,0,0.44584,0.002822,0.002822,0.002822
178,7960.27,1.43896,0.75729,0.90025,0,0,0,0,0,0.71325,0,0,0,0,0,0,0,0,0.73005,0.68135,0.70821,0.4465,1.42429,0.73267,0.89331,0,0,0,0,0,0,0,0,0,0,0,0,0,0,0.4465,0.00280963,0.00280963,0.00280963
179,8016.04,1.44321,0.75876,0.89971,0,0,0,0,0,0.7118,0,0,0,0,0,0,0,0,0.73222,0.68142,0.70886,0.44716,1.42263,0.73116,0.89307,0,0,0,0,0,0,0,0,0,0,0,0,0,0,0.44716,0.00279725,0.00279725,0.00279725
180,8071.46,1.44021,0.75558,0.90379,0,0,0,0,0,0.71251,0,0,0,0,0,0,0,0,0.73028,0.68278,0.70999,0.44816,1.42081,0.73004,0.89276,0,0,0,0,0,0,0,0,0,0,0,0,0,0,0.44816,0.00278488,0.00278488,0.00278488
181,8126.3,1.43465,0.75185,0.90084,0,0,0,0,0,0.71063,0,0,0,0,0,0,0,0,0.73523,0.68297,0.71039,0.44934,1.41897,0.72903,0.89224,0,0,0,0,0,0,0,0,0,0,0,0,0,0,0.44934,0.0027725,0.0027725,0.0027725
182,8182.43,1.43602,0.75498,0.90111,0,0,0,0,0,0.70966,0,0,0,0,0,0,0,0,0.73353,0.68404,0.71067,0.44951,1.41784,0.72781,0.89213,0,0,0,0,0,0,0,0,0,0,0,0,0,0,0.44951,0.00276012,0.00276012,0.00276012
183,8237.89,1.42694,0.75132,0.90004,0,0,0,0,0,0.70877,0,0,0,0,0,0,0,0,0.73391,0.68462,0.71122,0.45003,1.41649,0.72681,0.89176,0,0,0,0,0,0,0,0,0,0,0,0,0,0,0.45003,0.00274775,0.00274775,0.00274775
184,8293.15,1.43348,0.75131,0.90023,0,0,0,0,0,0.71009,0,0,0,0,0,0,0,0,0.73318,0.68521,0.71148,0.45088,1.41485,0.72549,0.89148,0,0,0,0,0,0,0,0,0,0,0,0,0,0,0.45088,0.00273537,0.00273537,0.00273537
185,8349.43,1.42735,0.74931,0.89879,0,0,0,0,0,0.70838,0,0,0,0,0,0,0,0,0.73396,0.68486,0.71112,0.4512,1.41394,0.72465,0.89132,0,0,0,0,0,0,0,0,0,0,0,0,0,0,0.4512,0.002723,0.002723,0.002723
186,8404.16,1.42719,0.74752,0.89818,0,0,0,0,0,0.70842,0,0,0,0,0,0,0,0,0.73416,0.68536,0.71203,0.45153,1.41231,0.72323,0.89104,0,0,0,0,0,0,0,0,0,0,0,0,0,0,0.45153,0.00271062,0.00271062,0.00271062
187,8458.48,1.42154,0.74298,0.89754,0,0,0,0,0,0.70643,0,0,0,0,0,0,0,0,0.73677,0.68631,0.71262,0.45224,1.41049,0.72226,0.89071,0,0,0,0,0,0,0,0,0,0,0,0,0,0,0.45224,0.00269825,0.00269825,0.00269825
188,8514.25,1.41468,0.74048,0.89931,0,0,0,0,0,0.7063,0,0,0,0,0,0,0,0,0.73203,0.68792,0.71328,0.45271,1.40871,0.72127,0.89024,0,0,0,0,0,0,0,0,0,0,0,0,0,0,0.45271,0.00268587,0.00268587,0.00268587
189,8569.65,1.42009,0.74374,0.89639,0,0,0,0,0,0.70483,0,0,0,0,0,0,0,0,0.73625,0.68824,0.71474,0.45312,1.40708,0.72005,0.88999,0,0,0,0,0,0,0,0,0,0,0,0,0,0,0.45312,0.0026735,0.0026735,0.0026735
190,8625.25,1.41796,0.74167,0.89696,0,0,0,0,0,0.70463,0,0,0,0,0,0,0,0,0.73485,0.68857,0.71517,0.45369,1.40507,0.71844,0.88964,0,0,0,0,0,0,0,0,0,0,0,0,0,0,0.45369,0.00266113,0.00266113,0.00266113
191,8680.84,1.41706,0.74274,0.89685,0,0,0,0,0,0.70572,0,0,0,0,0,0,0,0,0.73709,0.6886,0.71554,0.45378,1.40365,0.71719,0.8893,0,0,0,0,0,0,0,0,0,0,0,0,0,0,0.45378,0.00264875,0.00264875,0.00264875
192,8736.08,1.42693,0.73992,0.90002,0,0,0,0,0,0.70522,0,0,0,0,0,0,0,0,0.73731,0.6898,0.7162,0.45469,1.40192,0.71609,0.889,0,0,0,0,0,0,0,0,0,0,0,0,0,0,0.45469,0.00263637,0.00263637,0.00263637
193,8791.49,1.41645,0.74248,0.89874,0,0,0,0,0,0.70316,0,0,0,0,0,0,0,0,0.73686,0.68975,0.71638,0.45498,1.4005,0.71498,0.88864,0,0,0,0,0,0,0,0,0,0,0,0,0,0,0.45498,0.002624,0.002624,0.002624
194,8846.91,1.40495,0.73605,0.89446,0,0,0,0,0,0.70229,0,0,0,0,0,0,0,0,0.73702,0.68979,0.71635,0.4554,1.3993,0.71395,0.88825,0,0,0,0,0,0,0,0,0,0,0,0,0,0,0.4554,0.00261163,0.00261163,0.00261163
195,8901.9,1.41347,0.73812,0.89339,0,0,0,0,0,0.6996,0,0,0,0,0,0,0,0,0.73788,0.69065,0.71823,0.45658,1.39763,0.71259,0.88795,0,0,0,0,0,0,0,0,0,0,0,0,0,0,0.45658,0.00259925,0.00259925,0.00259925
196,8956.99,1.40673,0.73533,0.8949,0,0,0,0,0,0.70025,0,0,0,0,0,0,0,0,0.73349,0.69227,0.71846,0.45709,1.3952,0.71107,0.88759,0,0,0,0,0,0,0,0,0,0,0,0,0,0,0.45709,0.00258687,0.00258687,0.00258687
197,9013.3,1.41317,0.73887,0.89388,0,0,0,0,0,0.7,0,0,0,0,0,0,0,0,0.73424,0.69323,0.71868,0.45729,1.39353,0.70977,0.88732,0,0,0,0,0,0,0,0,0,0,0,0,0,0,0.45729,0.0025745,0.0025745,0.0025745
198,9068.88,1.41267,0.73378,0.89551,0,0,0,0,0,0.69948,0,0,0,0,0,0,0,0,0.73432,0.69287,0.71926,0.45777,1.3922,0.70886,0.88709,0,0,0,0,0,0,0,0,0,0,0,0,0,0,0.45777,0.00256213,0.00256213,0.00256213
199,9125.19,1.40526,0.73565,0.89605,0,0,0,0,0,0.70029,0,0,0,0,0,0,0,0,0.73307,0.69327,0.71901,0.45809,1.39037,0.70764,0.88672,0,0,0,0,0,0,0,0,0,0,0,0,0,0,0.45809,0.00254975,0.00254975,0.00254975
200,9181.15,1.39993,0.73149,0.89455,0,0,0,0,0,0.69874,0,0,0,0,0,0,0,0,0.73508,0.69385,0.72038,0.45911,1.38836,0.70695,0.88641,0,0,0,0,0,0,0,0,0,0,0,0,0,0,0.45911,0.00253737,0.00253737,0.00253737
201,9236.76,1.40137,0.73121,0.89267,0,0,0,0,0,0.69691,0,0,0,0,0,0,0,0,0.73633,0.69381,0.72028,0.45939,1.38659,0.70561,0.88614,0,0,0,0,0,0,0,0,0,0,0,0,0,0,0.45939,0.002525,0.002525,0.002525
202,9292.79,1.39718,0.72843,0.89392,0,0,0,0,0,0.69687,0,0,0,0,0,0,0,0,0.73568,0.69359,0.72007,0.45963,1.38528,0.70467,0.8858,0,0,0,0,0,0,0,0,0,0,0,0,0,0,0.45963,0.00251263,0.00251263,0.00251263
203,9349.35,1.39767,0.72278,0.88966,0,0,0,0,0,0.69631,0,0,0,0,0,0,0,0,0.73745,0.69504,0.72088,0.46018,1.38338,0.70327,0.88544,0,0,0,0,0,0,0,0,0,0,0,0,0,0,0.46018,0.00250025,0.00250025,0.00250025
204,9395.23,1.38573,0.72234,0.89145,0,0,0,0,0,0.69591,0,0,0,0,0,0,0,0,0.74314,0.69372,0.7214,0.46067,1.38155,0.70222,0.88509,0,0,0,0,0,0,0,0,0,0,0,0,0,0,0.46067,0.00248788,0.00248788,0.00248788
205,9450.82,1.39405,0.72327,0.89124,0,0,0,0,0,0.6956,0,0,0,0,0,0,0,0,0.74381,0.69339,0.72163,0.46111,1.37962,0.70109,0.88457,0,0,0,0,0,0,0,0,0,0,0,0,0,0,0.46111,0.0024755,0.0024755,0.0024755
206,9506.52,1.3907,0.72473,0.89076,0,0,0,0,0,0.69489,0,0,0,0,0,0,0,0,0.74549,0.69417,0.72351,0.46209,1.37769,0.70007,0.88422,0,0,0,0,0,0,0,0,0,0,0,0,0,0,0.46209,0.00246313,0.00246313,0.00246313
207,9561.65,1.39292,0.72579,0.89375,0,0,0,0,0,0.69372,0,0,0,0,0,0,0,0,0.74331,0.696,0.72394,0.46256,1.37563,0.69894,0.88402,0,0,0,0,0,0,0,0,0,0,0,0,0,0,0.46256,0.00245075,0.00245075,0.00245075
208,9617.62,1.38432,0.72137,0.89143,0,0,0,0,0,0.69404,0,0,0,0,0,0,0,0,0.74441,0.69442,0.72387,0.46271,1.37457,0.69805,0.88378,0,0,0,0,0,0,0,0,0,0,0,0,0,0,0.46271,0.00243838,0.00243838,0.00243838
209,9674.22,1.37851,0.72028,0.89026,0,0,0,0,0,0.69424,0,0,0,0,0,0,0,0,0.74636,0.69571,0.72506,0.46336,1.37297,0.69702,0.88352,0,0,0,0,0,0,0,0,0,0,0,0,0,0,0.46336,0.002426,0.002426,0.002426
210,9729.7,1.38061,0.71662,0.88922,0,0,0,0,0,0.69077,0,0,0,0,0,0,0,0,0.74691,0.69627,0.72598,0.4638,1.3715,0.69571,0.88324,0,0,0,0,0,0,0,0,0,0,0,0,0,0,0.4638,0.00241362,0.00241362,0.00241362
211,9785.02,1.38019,0.71924,0.89123,0,0,0,0,0,0.692,0,0,0,0,0,0,0,0,0.74553,0.69764,0.72606,0.46404,1.37047,0.69478,0.88295,0,0,0,0,0,0,0,0,0,0,0,0,0,0,0.46404,0.00240125,0.00240125,0.00240125
212,9839.39,1.37978,0.72062,0.89097,0,0,0,0,0,0.69268,0,0,0,0,0,0,0,0,0.74545,0.69861,0.72621,0.46434,1.36912,0.69368,0.88288,0,0,0,0,0,0,0,0,0,0,0,0,0,0,0.46434,0.00238888,0.00238888,0.00238888
213,9893.87,1.37556,0.7154,0.8898,0,0,0,0,0,0.6921,0,0,0,0,0,0,0,0,0.74721,0.69884,0.72709,0.46475,1.36786,0.69283,0.88248,0,0,0,0,0,0,0,0,0,0,0,0,0,0,0.46475,0.0023765,0.0023765,0.0023765
214,9949.06,1.36577,0.70755,0.88661,0,0,0,0,0,0.68909,0,0,0,0,0,0,0,0,0.74897,0.69859,0.72769,0.46551,1.36639,0.69184,0.8822,0,0,0,0,0,0,0,0,0,0,0,0,0,0,0.46551,0.00236413,0.00236413,0.00236413
215,10004,1.36873,0.71751,0.88572,0,0,0,0,0,0.69013,0,0,0,0,0,0,0,0,0.74965,0.70032,0.72834,0.46607,1.36476,0.6913,0.88195,0,0,0,0,0,0,0,0,0,0,0,0,0,0,0.46607,0.00235175,0.00235175,0.00235175
216,10060.4,1.37289,0.71678,0.8898,0,0,0,0,0,0.69069,0,0,0,0,0,0,0,0,0.74914,0.70234,0.72922,0.46667,1.36311,0.69021,0.88158,0,0,0,0,0,0,0,0,0,0,0,0,0,0,0.46667,0.00233938,0.00233938,0.00233938
217,10117,1.36924,0.71068,0.88873,0,0,0,0,0,0.68576,0,0,0,0,0,0,0,0,0.7549,0.69919,0.72945,0.46667,1.36215,0.68949,0.88141,0,0,0,0,0,0,0,0,0,0,0,0,0,0,0.46667,0.002327,0.002327,0.002327
218,10172.9,1.36283,0.70595,0.88441,0,0,0,0,0,0.6851,0,0,0,0,0,0,0,0,0.75609,0.69943,0.73022,0.46741,1.36083,0.68849,0.88113,0,0,0,0,0,0,0,0,0,0,0,0,0,0,0.46741,0.00231463,0.00231463,0.00231463
219,10228.3,1.36322,0.71191,0.88675,0,0,0,0,0,0.68868,0,0,0,0,0,0,0,0,0.7551,0.70184,0.73118,0.46791,1.35908,0.68761,0.88102,0,0,0,0,0,0,0,0,0,0,0,0,0,0,0.46791,0.00230225,0.00230225,0.00230225
220,10284.1,1.3633,0.70734,0.88739,0,0,0,0,0,0.68639,0,0,0,0,0,0,0,0,0.75689,0.70098,0.732,0.46854,1.3578,0.68638,0.88077,0,0,0,0,0,0,0,0,0,0,0,0,0,0,0.46854,0.00228988,0.00228988,0.00228988
221,10339.9,1.3536,0.70504,0.8866,0,0,0,0,0,0.68593,0,0,0,0,0,0,0,0,0.75659,0.70188,0.73222,0.46888,1.35652,0.68543,0.88046,0,0,0,0,0,0,0,0,0,0,0,0,0,0,0.46888,0.0022775,0.0022775,0.0022775
222,10395.7,1.35638,0.7053,0.88549,0,0,0,0,0,0.68354,0,0,0,0,0,0,0,0,0.75701,0.70227,0.73218,0.46949,1.35428,0.68421,0.88008,0,0,0,0,0,0,0,0,0,0,0,0,0,0,0.46949,0.00226513,0.00226513,0.00226513
223,10451.7,1.36293,0.70881,0.88783,0,0,0,0,0,0.68485,0,0,0,0,0,0,0,0,0.75967,0.70188,0.73329,0.46967,1.35302,0.68329,0.87985,0,0,0,0,0,0,0,0,0,0,0,0,0,0,0.46967,0.00225275,0.00225275,0.00225275
224,10507.7,1.36065,0.70824,0.88634,0,0,0,0,0,0.6848,0,0,0,0,0,0,0,0,0.75946,0.70259,0.73331,0.47034,1.35203,0.68288,0.87957,0,0,0,0,0,0,0,0,0,0,0,0,0,0,0.47034,0.00224038,0.00224038,0.00224038
225,10563.5,1.36223,0.70601,0.88621,0,0,0,0,0,0.68526,0,0,0,0,0,0,0,0,0.76201,0.70213,0.73329,0.4711,1.35031,0.68159,0.87941,0,0,0,0,0,0,0,0,0,0,0,0,0,0,0.4711,0.002228,0.002228,0.002228
226,10619.7,1.35209,0.69977,0.88862,0,0,0,0,0,0.68602,0,0,0,0,0,0,0,0,0.76225,0.70177,0.73358,0.47153,1.34886,0.68056,0.87922,0,0,0,0,0,0,0,0,0,0,0,0,0,0,0.47153,0.00221563,0.00221563,0.00221563
227,10675.6,1.36141,0.70895,0.88518,0,0,0,0,0,0.68461,0,0,0,0,0,0,0,0,0.76661,0.70166,0.73482,0.47214,1.3479,0.67963,0.87907,0,0,0,0,0,0,0,0,0,0,0,0,0,0,0.47214,0.00220325,0.00220325,0.00220325
228,10731,1.34451,0.69566,0.88245,0,0,0,0,0,0.68173,0,0,0,0,0,0,0,0,0.76771,0.70083,0.73454,0.47243,1.34648,0.67871,0.87871,0,0,0,0,0,0,0,0,0,0,0,0,0,0,0.47243,0.00219088,0.00219088,0.00219088
229,10787.2,1.35173,0.70091,0.88634,0,0,0,0,0,0.68313,0,0,0,0,0,0,0,0,0.76821,0.70259,0.73553,0.47294,1.34495,0.67764,0.8785,0,0,0,0,0,0,0,0,0,0,0,0,0,0,0.47294,0.0021785,0.0021785,0.0021785
230,10844.3,1.35513,0.70304,0.88255,0,0,0,0,0,0.6837,0,0,0,0,0,0,0,0,0.76935,0.702,0.73569,0.47326,1.34462,0.67689,0.8784,0,0,0,0,0,0,0,0,0,0,0,0,0,0,0.47326,0.00216613,0.00216613,0.00216613
231,10900.2,1.34663,0.69884,0.88358,0,0,0,0,0,0.68144,0,0,0,0,0,0,0,0,0.77108,0.70296,0.73625,0.47391,1.3442,0.67603,0.87831,0,0,0,0,0,0,0,0,0,0,0,0,0,0,0.47391,0.00215375,0.00215375,0.00215375
232,10956.8,1.34005,0.69543,0.88198,0,0,0,0,0,0.68019,0,0,0,0,0,0,0,0,0.7706,0.70352,0.7365,0.47409,1.34303,0.67528,0.87808,0,0,0,0,0,0,0,0,0,0,0,0,0,0,0.47409,0.00214138,0.00214138,0.00214138
233,11012.3,1.34276,0.69737,0.88234,0,0,0,0,0,0.68185,0,0,0,0,0,0,0,0,0.77121,0.70393,0.73638,0.47428,1.34214,0.67476,0.87789,0,0,0,0,0,0,0,0,0,0,0,0,0,0,0.47428,0.002129,0.002129,0.002129
234,11068.4,1.334,0.69238,0.88045,0,0,0,0,0,0.67936,0,0,0,0,0,0,0,0,0.77075,0.70344,0.73627,0.47441,1.34174,0.67414,0.87777,0,0,0,0,0,0,0,0,0,0,0,0,0,0,0.47441,0.00211663,0.00211663,0.00211663
235,11124.1,1.33466,0.69333,0.88256,0,0,0,0,0,0.67809,0,0,0,0,0,0,0,0,0.77188,0.70456,0.737,0.47475,1.34059,0.67338,0.87761,0,0,0,0,0,0,0,0,0,0,0,0,0,0,0.47475,0.00210425,0.00210425,0.00210425
236,11179.9,1.33442,0.68961,0.88127,0,0,0,0,0,0.67831,0,0,0,0,0,0,0,0,0.77141,0.70472,0.73767,0.47516,1.33992,0.67265,0.87751,0,0,0,0,0,0,0,0,0,0,0,0,0,0,0.47516,0.00209187,0.00209187,0.00209187
237,11235.8,1.3404,0.69037,0.88134,0,0,0,0,0,0.67868,0,0,0,0,0,0,0,0,0.772,0.70544,0.73773,0.47585,1.3393,0.67188,0.87743,0,0,0,0,0,0,0,0,0,0,0,0,0,0,0.47585,0.0020795,0.0020795,0.0020795
238,11292.6,1.32592,0.68705,0.88171,0,0,0,0,0,0.67444,0,0,0,0,0,0,0,0,0.7732,0.70647,0.73785,0.47583,1.33838,0.671,0.87719,0,0,0,0,0,0,0,0,0,0,0,0,0,0,0.47583,0.00206712,0.00206712,0.00206712
239,11350.1,1.33437,0.69362,0.87973,0,0,0,0,0,0.67737,0,0,0,0,0,0,0,0,0.77455,0.70717,0.73911,0.4759,1.33735,0.67019,0.87696,0,0,0,0,0,0,0,0,0,0,0,0,0,0,0.4759,0.00205475,0.00205475,0.00205475
240,11406.9,1.32777,0.68633,0.87865,0,0,0,0,0,0.67367,0,0,0,0,0,0,0,0,0.77471,0.70741,0.7399,0.4762,1.33552,0.66921,0.87671,0,0,0,0,0,0,0,0,0,0,0,0,0,0,0.4762,0.00204237,0.00204237,0.00204237
241,11463.9,1.33543,0.68693,0.87949,0,0,0,0,0,0.67582,0,0,0,0,0,0,0,0,0.77408,0.7074,0.74037,0.47726,1.33397,0.66815,0.87642,0,0,0,0,0,0,0,0,0,0,0,0,0,0,0.47726,0.00203,0.00203,0.00203
242,11520.8,1.32986,0.68544,0.8775,0,0,0,0,0,0.6727,0,0,0,0,0,0,0,0,0.77513,0.70798,0.74094,0.47742,1.33291,0.66792,0.87622,0,0,0,0,0,0,0,0,0,0,0,0,0,0,0.47742,0.00201762,0.00201762,0.00201762
243,11577.4,1.3203,0.68204,0.87969,0,0,0,0,0,0.67317,0,0,0,0,0,0,0,0,0.77567,0.70852,0.74148,0.47796,1.33133,0.66681,0.87589,0,0,0,0,0,0,0,0,0,0,0,0,0,0,0.47796,0.00200525,0.00200525,0.00200525
244,11627,1.32079,0.68066,0.8773,0,0,0,0,0,0.67334,0,0,0,0,0,0,0,0,0.77562,0.70933,0.74347,0.47826,1.32999,0.66598,0.87578,0,0,0,0,0,0,0,0,0,0,0,0,0,0,0.47826,0.00199287,0.00199287,0.00199287
245,11682,1.30815,0.67543,0.87775,0,0,0,0,0,0.67054,0,0,0,0,0,0,0,0,0.77729,0.71006,0.74372,0.47909,1.32841,0.66511,0.87556,0,0,0,0,0,0,0,0,0,0,0,0,0,0,0.47909,0.0019805,0.0019805,0.0019805
246,11737.7,1.31993,0.6822,0.87955,0,0,0,0,0,0.67272,0,0,0,0,0,0,0,0,0.77538,0.70958,0.7436,0.47914,1.3274,0.66431,0.8754,0,0,0,0,0,0,0,0,0,0,0,0,0,0,0.47914,0.00196812,0.00196812,0.00196812
247,11794.4,1.3153,0.68284,0.87639,0,0,0,0,0,0.67053,0,0,0,0,0,0,0,0,0.77543,0.71025,0.74449,0.47962,1.32641,0.66365,0.87521,0,0,0,0,0,0,0,0,0,0,0,0,0,0,0.47962,0.00195575,0.00195575,0.00195575
248,11851.6,1.31734,0.6801,0.87784,0,0,0,0,0,0.6726,0,0,0,0,0,0,0,0,0.77825,0.70937,0.74486,0.47979,1.32489,0.66287,0.87505,0,0,0,0,0,0,0,0,0,0,0,0,0,0,0.47979,0.00194337,0.00194337,0.00194337
249,11908.5,1.31202,0.67706,0.87696,0,0,0,0,0,0.67087,0,0,0,0,0,0,0,0,0.77487,0.71145,0.74486,0.47999,1.32397,0.6625,0.87483,0,0,0,0,0,0,0,0,0,0,0,0,0,0,0.47999,0.001931,0.001931,0.001931
250,11964.3,1.31241,0.67731,0.87498,0,0,0,0,0,0.67099,0,0,0,0,0,0,0,0,0.77395,0.71097,0.74491,0.4805,1.32307,0.66126,0.87462,0,0,0,0,0,0,0,0,0,0,0,0,0,0,0.4805,0.00191862,0.00191862,0.00191862
251,12020,1.30672,0.67876,0.87577,0,0,0,0,0,0.67184,0,0,0,0,0,0,0,0,0.7777,0.71082,0.74634,0.48148,1.32233,0.66062,0.87438,0,0,0,0,0,0,0,0,0,0,0,0,0,0,0.48148,0.00190625,0.00190625,0.00190625
252,12076,1.30899,0.67606,0.87546,0,0,0,0,0,0.66968,0,0,0,0,0,0,0,0,0.77694,0.71148,0.74567,0.48172,1.32122,0.65967,0.87425,0,0,0,0,0,0,0,0,0,0,0,0,0,0,0.48172,0.00189388,0.00189388,0.00189388
253,12131.8,1.30737,0.67391,0.87623,0,0,0,0,0,0.67057,0,0,0,0,0,0,0,0,0.77548,0.71159,0.74657,0.48199,1.32015,0.65945,0.87409,0,0,0,0,0,0,0,0,0,0,0,0,0,0,0.48199,0.0018815,0.0018815,0.0018815
254,12187.3,1.30772,0.67232,0.87585,0,0,0,0,0,0.66723,0,0,0,0,0,0,0,0,0.77692,0.71201,0.74669,0.4819,1.31919,0.65883,0.87392,0,0,0,0,0,0,0,0,0,0,0,0,0,0,0.4819,0.00186913,0.00186913,0.00186913
255,12243.3,1.30099,0.66793,0.87246,0,0,0,0,0,0.66653,0,0,0,0,0,0,0,0,0.77825,0.71287,0.74692,0.48196,1.31902,0.6582,0.8739,0,0,0,0,0,0,0,0,0,0,0,0,0,0,0.48196,0.00185675,0.00185675,0.00185675
256,12299.3,1.30031,0.67107,0.87431,0,0,0,0,0,0.66701,0,0,0,0,0,0,0,0,0.77791,0.71328,0.74736,0.48255,1.31829,0.65764,0.87375,0,0,0,0,0,0,0,0,0,0,0,0,0,0,0.48255,0.00184438,0.00184438,0.00184438
257,12355.9,1.29654,0.66569,0.87449,0,0,0,0,0,0.66527,0,0,0,0,0,0,0,0,0.77853,0.71351,0.74668,0.48276,1.31701,0.65658,0.87352,0,0,0,0,0,0,0,0,0,0,0,0,0,0,0.48276,0.001832,0.001832,0.001832
258,12411.8,1.29273,0.66854,0.87221,0,0,0,0,0,0.66609,0,0,0,0,0,0,0,0,0.77908,0.71381,0.74737,0.48358,1.31636,0.65615,0.87342,0,0,0,0,0,0,0,0,0,0,0,0,0,0,0.48358,0.00181963,0.00181963,0.00181963
259,12466.7,1.29937,0.67239,0.87651,0,0,0,0,0,0.66679,0,0,0,0,0,0,0,0,0.77818,0.71297,0.7478,0.4843,1.3142,0.65487,0.87309,0,0,0,0,0,0,0,0,0,0,0,0,0,0,0.4843,0.00180725,0.00180725,0.00180725
260,12523.6,1.29794,0.67154,0.87474,0,0,0,0,0,0.6664,0,0,0,0,0,0,0,0,0.77828,0.71363,0.74786,0.48431,1.31381,0.65471,0.87288,0,0,0,0,0,0,0,0,0,0,0,0,0,0,0.48431,0.00179488,0.00179488,0.00179488
261,12579.4,1.29508,0.66866,0.87208,0,0,0,0,0,0.6651,0,0,0,0,0,0,0,0,0.77849,0.71337,0.74773,0.48414,1.31317,0.65386,0.87289,0,0,0,0,0,0,0,0,0,0,0,0,0,0,0.48414,0.0017825,0.0017825,0.0017825
262,12636.5,1.29518,0.66634,0.87516,0,0,0,0,0,0.66691,0,0,0,0,0,0,0,0,0.77901,0.71379,0.7476,0.48431,1.31218,0.65304,0.87276,0,0,0,0,0,0,0,0,0,0,0,0,0,0,0.48431,0.00177013,0.00177013,0.00177013
263,12692.3,1.28741,0.66409,0.87317,0,0,0,0,0,0.66498,0,0,0,0,0,0,0,0,0.77946,0.71397,0.74796,0.48461,1.31104,0.65215,0.87258,0,0,0,0,0,0,0,0,0,0,0,0,0,0,0.48461,0.00175775,0.00175775,0.00175775
264,12749.4,1.29187,0.66572,0.87225,0,0,0,0,0,0.66378,0,0,0,0,0,0,0,0,0.77963,0.71498,0.74858,0.48548,1.31032,0.6517,0.87248,0,0,0,0,0,0,0,0,0,0,0,0,0,0,0.48548,0.00174538,0.00174538,0.00174538
265,12805.5,1.29355,0.66221,0.87414,0,0,0,0,0,0.6634,0,0,0,0,0,0,0,0,0.78055,0.71442,0.74867,0.48552,1.31004,0.65142,0.87246,0,0,0,0,0,0,0,0,0,0,0,0,0,0,0.48552,0.001733,0.001733,0.001733
266,12861.4,1.28718,0.66342,0.87271,0,0,0,0,0,0.66282,0,0,0,0,0,0,0,0,0.78028,0.71347,0.74881,0.48598,1.30936,0.65083,0.87231,0,0,0,0,0,0,0,0,0,0,0,0,0,0,0.48598,0.00172063,0.00172063,0.00172063
267,12916.4,1.28401,0.66246,0.87197,0,0,0,0,0,0.66289,0,0,0,0,0,0,0,0,0.78112,0.71437,0.74925,0.48601,1.30866,0.6502,0.87219,0,0,0,0,0,0,0,0,0,0,0,0,0,0,0.48601,0.00170825,0.00170825,0.00170825
268,12972.9,1.28313,0.66179,0.87122,0,0,0,0,0,0.6638,0,0,0,0,0,0,0,0,0.78098,0.71474,0.74946,0.48615,1.30845,0.64984,0.87213,0,0,0,0,0,0,0,0,0,0,0,0,0,0,0.48615,0.00169588,0.00169588,0.00169588
269,13029.1,1.27832,0.65864,0.86999,0,0,0,0,0,0.66134,0,0,0,0,0,0,0,0,0.78149,0.71494,0.74997,0.48621,1.30773,0.64895,0.87206,0,0,0,0,0,0,0,0,0,0,0,0,0,0,0.48621,0.0016835,0.0016835,0.0016835
270,13084.7,1.27547,0.65713,0.8719,0,0,0,0,0,0.66296,0,0,0,0,0,0,0,0,0.78213,0.71503,0.75017,0.48691,1.30702,0.64849,0.87197,0,0,0,0,0,0,0,0,0,0,0,0,0,0,0.48691,0.00167113,0.00167113,0.00167113
271,13141.8,1.27775,0.65799,0.86869,0,0,0,0,0,0.66035,0,0,0,0,0,0,0,0,0.77911,0.717,0.75062,0.48681,1.30634,0.64783,0.87177,0,0,0,0,0,0,0,0,0,0,0,0,0,0,0.48681,0.00165875,0.00165875,0.00165875
272,13197.3,1.27549,0.65459,0.87129,0,0,0,0,0,0.66146,0,0,0,0,0,0,0,0,0.7805,0.71568,0.75036,0.48728,1.30534,0.64724,0.87159,0,0,0,0,0,0,0,0,0,0,0,0,0,0,0.48728,0.00164638,0.00164638,0.00164638
273,13253.3,1.27504,0.65653,0.87097,0,0,0,0,0,0.65888,0,0,0,0,0,0,0,0,0.78024,0.71723,0.75081,0.48775,1.3037,0.64639,0.87137,0,0,0,0,0,0,0,0,0,0,0,0,0,0,0.48775,0.001634,0.001634,0.001634
274,13309.2,1.27095,0.65897,0.86976,0,0,0,0,0,0.65933,0,0,0,0,0,0,0,0,0.78248,0.71563,0.75151,0.48819,1.30265,0.64559,0.87116,0,0,0,0,0,0,0,0,0,0,0,0,0,0,0.48819,0.00162163,0.00162163,0.00162163
275,13365.3,1.2715,0.65217,0.86774,0,0,0,0,0,0.65925,0,0,0,0,0,0,0,0,0.78047,0.71735,0.75152,0.48836,1.30183,0.64495,0.8711,0,0,0,0,0,0,0,0,0,0,0,0,0,0,0.48836,0.00160925,0.00160925,0.00160925
276,13419.2,1.26145,0.64829,0.86636,0,0,0,0,0,0.65664,0,0,0,0,0,0,0,0,0.78236,0.71811,0.7521,0.48888,1.3015,0.64455,0.87097,0,0,0,0,0,0,0,0,0,0,0,0,0,0,0.48888,0.00159688,0.00159688,0.00159688
277,13474.9,1.26811,0.65124,0.86912,0,0,0,0,0,0.65689,0,0,0,0,0,0,0,0,0.78279,0.71723,0.75183,0.48845,1.30064,0.64408,0.87085,0,0,0,0,0,0,0,0,0,0,0,0,0,0,0.48845,0.0015845,0.0015845,0.0015845
278,13531,1.25462,0.64622,0.86621,0,0,0,0,0,0.65426,0,0,0,0,0,0,0,0,0.78403,0.71803,0.75271,0.48863,1.2999,0.64341,0.87065,0,0,0,0,0,0,0,0,0,0,0,0,0,0,0.48863,0.00157213,0.00157213,0.00157213
279,13587,1.26085,0.64904,0.86771,0,0,0,0,0,0.65737,0,0,0,0,0,0,0,0,0.786,0.71787,0.75303,0.48907,1.2993,0.64272,0.87052,0,0,0,0,0,0,0,0,0,0,0,0,0,0,0.48907,0.00155975,0.00155975,0.00155975
280,13643.5,1.25699,0.6465,0.86641,0,0,0,0,0,0.65523,0,0,0,0,0,0,0,0,0.78281,0.71886,0.75255,0.48964,1.29813,0.642,0.87035,0,0,0,0,0,0,0,0,0,0,0,0,0,0,0.48964,0.00154738,0.00154738,0.00154738
281,13700.6,1.26312,0.64786,0.86675,0,0,0,0,0,0.65484,0,0,0,0,0,0,0,0,0.78424,0.71882,0.75306,0.48989,1.29744,0.64135,0.87011,0,0,0,0,0,0,0,0,0,0,0,0,0,0,0.48989,0.001535,0.001535,0.001535
282,13756,1.25587,0.64942,0.86969,0,0,0,0,0,0.65888,0,0,0,0,0,0,0,0,0.78511,0.71895,0.7529,0.49003,1.29639,0.64108,0.87002,0,0,0,0,0,0,0,0,0,0,0,0,0,0,0.49003,0.00152262,0.00152262,0.00152262
283,13812.5,1.25657,0.64499,0.86565,0,0,0,0,0,0.65478,0,0,0,0,0,0,0,0,0.78565,0.72008,0.75512,0.49074,1.29597,0.64039,0.86989,0,0,0,0,0,0,0,0,0,0,0,0,0,0,0.49074,0.00151025,0.00151025,0.00151025
284,13868.9,1.247,0.64141,0.86319,0,0,0,0,0,0.65225,0,0,0,0,0,0,0,0,0.78404,0.71965,0.75381,0.49113,1.29452,0.63985,0.86975,0,0,0,0,0,0,0,0,0,0,0,0,0,0,0.49113,0.00149787,0.00149787,0.00149787
285,13917.5,1.24942,0.641,0.86444,0,0,0,0,0,0.65444,0,0,0,0,0,0,0,0,0.78573,0.71986,0.75493,0.49124,1.29421,0.63949,0.86951,0,0,0,0,0,0,0,0,0,0,0,0,0,0,0.49124,0.0014855,0.0014855,0.0014855
286,13972.1,1.24495,0.64343,0.86408,0,0,0,0,0,0.65307,0,0,0,0,0,0,0,0,0.78523,0.72012,0.75516,0.49127,1.29337,0.63879,0.8694,0,0,0,0,0,0,0,0,0,0,0,0,0,0,0.49127,0.00147312,0.00147312,0.00147312
287,14028.2,1.25047,0.64398,0.86611,0,0,0,0,0,0.65472,0,0,0,0,0,0,0,0,0.78555,0.72052,0.7558,0.49094,1.29266,0.63823,0.86932,0,0,0,0,0,0,0,0,0,0,0,0,0,0,0.49094,0.00146075,0.00146075,0.00146075
288,14084.1,1.25014,0.64475,0.86538,0,0,0,0,0,0.65258,0,0,0,0,0,0,0,0,0.7867,0.72121,0.75671,0.49219,1.29232,0.63786,0.86928,0,0,0,0,0,0,0,0,0,0,0,0,0,0,0.49219,0.00144837,0.00144837,0.00144837
289,14139.9,1.24595,0.63497,0.86796,0,0,0,0,0,0.6515,0,0,0,0,0,0,0,0,0.78628,0.72102,0.75732,0.49163,1.29171,0.63718,0.86917,0,0,0,0,0,0,0,0,0,0,0,0,0,0,0.49163,0.001436,0.001436,0.001436
290,14196,1.24091,0.63782,0.86391,0,0,0,0,0,0.65304,0,0,0,0,0,0,0,0,0.78872,0.71945,0.7563,0.49204,1.29084,0.63703,0.86897,0,0,0,0,0,0,0,0,0,0,0,0,0,0,0.49204,0.00142362,0.00142362,0.00142362
291,14251.8,1.2424,0.64115,0.8648,0,0,0,0,0,0.65253,0,0,0,0,0,0,0,0,0.78574,0.72165,0.75674,0.49225,1.29018,0.63636,0.86887,0,0,0,0,0,0,0,0,0,0,0,0,0,0,0.49225,0.00141125,0.00141125,0.00141125
292,14307.2,1.23872,0.63577,0.86351,0,0,0,0,0,0.64905,0,0,0,0,0,0,0,0,0.78924,0.71948,0.75596,0.49211,1.28988,0.63614,0.86879,0,0,0,0,0,0,0,0,0,0,0,0,0,0,0.49211,0.00139887,0.00139887,0.00139887
293,14361.2,1.23511,0.6351,0.86235,0,0,0,0,0,0.65118,0,0,0,0,0,0,0,0,0.7875,0.72058,0.75615,0.49233,1.28932,0.63574,0.86875,0,0,0,0,0,0,0,0,0,0,0,0,0,0,0.49233,0.0013865,0.0013865,0.0013865
294,14418.1,1.24051,0.6379,0.86288,0,0,0,0,0,0.6502,0,0,0,0,0,0,0,0,0.78963,0.7205,0.75669,0.49258,1.28892,0.63519,0.86852,0,0,0,0,0,0,0,0,0,0,0,0,0,0,0.49258,0.00137412,0.00137412,0.00137412
295,14474.5,1.23378,0.63553,0.86149,0,0,0,0,0,0.64935,0,0,0,0,0,0,0,0,0.78591,0.72253,0.7569,0.49314,1.28755,0.63484,0.86838,0,0,0,0,0,0,0,0,0,0,0,0,0,0,0.49314,0.00136175,0.00136175,0.00136175
296,14530.1,1.22543,0.63037,0.86141,0,0,0,0,0,0.64787,0,0,0,0,0,0,0,0,0.78553,0.7227,0.75813,0.49338,1.28678,0.63442,0.86818,0,0,0,0,0,0,0,0,0,0,0,0,0,0,0.49338,0.00134937,0.00134937,0.00134937
297,14586.2,1.22703,0.62986,0.86184,0,0,0,0,0,0.6464,0,0,0,0,0,0,0,0,0.78645,0.72346,0.75756,0.49345,1.28633,0.6339,0.86794,0,0,0,0,0,0,0,0,0,0,0,0,0,0,0.49345,0.001337,0.001337,0.001337
298,14642.2,1.23345,0.63107,0.86077,0,0,0,0,0,0.64825,0,0,0,0,0,0,0,0,0.78841,0.72397,0.75808,0.49391,1.28543,0.6336,0.86784,0,0,0,0,0,0,0,0,0,0,0,0,0,0,0.49391,0.00132462,0.00132462,0.00132462
299,14697.8,1.22566,0.62936,0.86287,0,0,0,0,0,0.64713,0,0,0,0,0,0,0,0,0.78961,0.72322,0.75893,0.49423,1.28454,0.63306,0.86774,0,0,0,0,0,0,0,0,0,0,0,0,0,0,0.49423,0.00131225,0.00131225,0.00131225
300,14752.2,1.23185,0.63123,0.85993,0,0,0,0,0,0.64559,0,0,0,0,0,0,0,0,0.78769,0.7251,0.7595,0.49462,1.28353,0.63227,0.8676,0,0,0,0,0,0,0,0,0,0,0,0,0,0,0.49462,0.00129987,0.00129987,0.00129987
301,14807.6,1.22223,0.62721,0.85866,0,0,0,0,0,0.64527,0,0,0,0,0,0,0,0,0.78867,0.72553,0.7596,0.49494,1.28285,0.63193,0.86751,0,0,0,0,0,0,0,0,0,0,0,0,0,0,0.49494,0.0012875,0.0012875,0.0012875
302,14862.9,1.22876,0.63021,0.86093,0,0,0,0,0,0.64559,0,0,0,0,0,0,0,0,0.78911,0.72601,0.76012,0.49507,1.28181,0.63127,0.86733,0,0,0,0,0,0,0,0,0,0,0,0,0,0,0.49507,0.00127513,0.00127513,0.00127513
303,14920.2,1.2248,0.63155,0.86195,0,0,0,0,0,0.64707,0,0,0,0,0,0,0,0,0.78851,0.72609,0.76049,0.49509,1.28207,0.63079,0.86728,0,0,0,0,0,0,0,0,0,0,0,0,0,0,0.49509,0.00126275,0.00126275,0.00126275
304,14977.3,1.21822,0.62927,0.86086,0,0,0,0,0,0.64602,0,0,0,0,0,0,0,0,0.78905,0.7268,0.76097,0.4953,1.28149,0.63045,0.86723,0,0,0,0,0,0,0,0,0,0,0,0,0,0,0.4953,0.00125038,0.00125038,0.00125038
305,15033.9,1.21406,0.62497,0.85663,0,0,0,0,0,0.64404,0,0,0,0,0,0,0,0,0.7887,0.72566,0.76059,0.49578,1.28112,0.63004,0.86713,0,0,0,0,0,0,0,0,0,0,0,0,0,0,0.49578,0.001238,0.001238,0.001238
306,15089.8,1.21202,0.6242,0.85993,0,0,0,0,0,0.64467,0,0,0,0,0,0,0,0,0.78866,0.7259,0.76064,0.49574,1.28099,0.62978,0.86717,0,0,0,0,0,0,0,0,0,0,0,0,0,0,0.49574,0.00122563,0.00122563,0.00122563
307,15147.8,1.20842,0.6191,0.85908,0,0,0,0,0,0.64317,0,0,0,0,0,0,0,0,0.78916,0.72641,0.76142,0.49627,1.28086,0.62928,0.86701,0,0,0,0,0,0,0,0,0,0,0,0,0,0,0.49627,0.00121325,0.00121325,0.00121325
308,15202.9,1.20733,0.61801,0.85836,0,0,0,0,0,0.64285,0,0,0,0,0,0,0,0,0.78542,0.72762,0.76139,0.49649,1.28022,0.62903,0.86684,0,0,0,0,0,0,0,0,0,0,0,0,0,0,0.49649,0.00120088,0.00120088,0.00120088
309,15259.7,1.21487,0.62298,0.85946,0,0,0,0,0,0.6446,0,0,0,0,0,0,0,0,0.78808,0.72641,0.76144,0.49635,1.27972,0.62834,0.86681,0,0,0,0,0,0,0,0,0,0,0,0,0,0,0.49635,0.0011885,0.0011885,0.0011885
310,15314.9,1.20671,0.61975,0.8548,0,0,0,0,0,0.64169,0,0,0,0,0,0,0,0,0.789,0.72641,0.76154,0.49686,1.27906,0.62774,0.86669,0,0,0,0,0,0,0,0,0,0,0,0,0,0,0.49686,0.00117613,0.00117613,0.00117613
311,15372,1.20684,0.61973,0.85539,0,0,0,0,0,0.64247,0,0,0,0,0,0,0,0,0.79139,0.72664,0.76247,0.49706,1.27888,0.62735,0.86664,0,0,0,0,0,0,0,0,0,0,0,0,0,0,0.49706,0.00116375,0.00116375,0.00116375
312,15428.1,1.21058,0.62204,0.85631,0,0,0,0,0,0.64279,0,0,0,0,0,0,0,0,0.79177,0.72672,0.76241,0.49728,1.27803,0.62697,0.8665,0,0,0,0,0,0,0,0,0,0,0,0,0,0,0.49728,0.00115138,0.00115138,0.00115138
313,15484.6,1.20217,0.61756,0.85602,0,0,0,0,0,0.64032,0,0,0,0,0,0,0,0,0.79227,0.72673,0.76308,0.49749,1.2775,0.62699,0.86642,0,0,0,0,0,0,0,0,0,0,0,0,0,0,0.49749,0.001139,0.001139,0.001139
314,15539.8,1.19412,0.61235,0.85845,0,0,0,0,0,0.63902,0,0,0,0,0,0,0,0,0.79175,0.72825,0.76357,0.4979,1.27632,0.62612,0.86625,0,0,0,0,0,0,0,0,0,0,0,0,0,0,0.4979,0.00112663,0.00112663,0.00112663
315,15594,1.20725,0.61877,0.8575,0,0,0,0,0,0.64129,0,0,0,0,0,0,0,0,0.79398,0.72706,0.76404,0.49805,1.27576,0.62603,0.86609,0,0,0,0,0,0,0,0,0,0,0,0,0,0,0.49805,0.00111425,0.00111425,0.00111425
316,15650.3,1.19249,0.61612,0.85601,0,0,0,0,0,0.64018,0,0,0,0,0,0,0,0,0.79317,0.72789,0.76356,0.49856,1.27542,0.62548,0.86612,0,0,0,0,0,0,0,0,0,0,0,0,0,0,0.49856,0.00110188,0.00110188,0.00110188
317,15706.7,1.18927,0.61198,0.85369,0,0,0,0,0,0.64075,0,0,0,0,0,0,0,0,0.79454,0.72853,0.76446,0.49872,1.27421,0.62496,0.86594,0,0,0,0,0,0,0,0,0,0,0,0,0,0,0.49872,0.0010895,0.0010895,0.0010895
318,15761.7,1.19395,0.6138,0.85756,0,0,0,0,0,0.63962,0,0,0,0,0,0,0,0,0.79411,0.7285,0.76427,0.49971,1.27313,0.62459,0.86581,0,0,0,0,0,0,0,0,0,0,0,0,0,0,0.49971,0.00107713,0.00107713,0.00107713
319,15817.4,1.18148,0.60842,0.85476,0,0,0,0,0,0.63789,0,0,0,0,0,0,0,0,0.79459,0.72797,0.76403,0.50027,1.2713,0.6238,0.86562,0,0,0,0,0,0,0,0,0,0,0,0,0,0,0.50027,0.00106475,0.00106475,0.00106475
320,15873.8,1.18987,0.61044,0.85766,0,0,0,0,0,0.63993,0,0,0,0,0,0,0,0,0.7947,0.72936,0.76484,0.50045,1.27051,0.62328,0.86552,0,0,0,0,0,0,0,0,0,0,0,0,0,0,0.50045,0.00105238,0.00105238,0.00105238
321,15930.4,1.18484,0.60716,0.85292,0,0,0,0,0,0.63753,0,0,0,0,0,0,0,0,0.79414,0.72974,0.76499,0.50055,1.27011,0.62275,0.86542,0,0,0,0,0,0,0,0,0,0,0,0,0,0,0.50055,0.00104,0.00104,0.00104
322,15985.4,1.18445,0.61028,0.85613,0,0,0,0,0,0.63621,0,0,0,0,0,0,0,0,0.79469,0.72989,0.76503,0.50097,1.26883,0.62196,0.86536,0,0,0,0,0,0,0,0,0,0,0,0,0,0,0.50097,0.00102763,0.00102763,0.00102763
323,16039,1.18251,0.60697,0.85192,0,0,0,0,0,0.63545,0,0,0,0,0,0,0,0,0.79457,0.73053,0.7658,0.50104,1.26856,0.6216,0.86531,0,0,0,0,0,0,0,0,0,0,0,0,0,0,0.50104,0.00101525,0.00101525,0.00101525
324,16094.6,1.17837,0.6064,0.8517,0,0,0,0,0,0.63507,0,0,0,0,0,0,0,0,0.79519,0.73087,0.76595,0.50168,1.26744,0.62095,0.86525,0,0,0,0,0,0,0,0,0,0,0,0,0,0,0.50168,0.00100288,0.00100288,0.00100288
325,16151.7,1.17775,0.60505,0.85227,0,0,0,0,0,0.63514,0,0,0,0,0,0,0,0,0.79311,0.7317,0.76585,0.50158,1.26678,0.62043,0.86504,0,0,0,0,0,0,0,0,0,0,0,0,0,0,0.50158,0.0009905,0.0009905,0.0009905
326,16205.2,1.18183,0.6059,0.8555,0,0,0,0,0,0.63448,0,0,0,0,0,0,0,0,0.79351,0.73202,0.76593,0.50165,1.26695,0.62012,0.86516,0,0,0,0,0,0,0,0,0,0,0,0,0,0,0.50165,0.000978125,0.000978125,0.000978125
327,16251.6,1.17106,0.60055,0.85353,0,0,0,0,0,0.63297,0,0,0,0,0,0,0,0,0.79467,0.73105,0.76578,0.50155,1.26635,0.61962,0.86513,0,0,0,0,0,0,0,0,0,0,0,0,0,0,0.50155,0.00096575,0.00096575,0.00096575
328,16306.6,1.1722,0.60253,0.85427,0,0,0,0,0,0.63412,0,0,0,0,0,0,0,0,0.7943,0.7311,0.76567,0.50175,1.2653,0.61898,0.86495,0,0,0,0,0,0,0,0,0,0,0,0,0,0,0.50175,0.000953375,0.000953375,0.000953375
329,16362.7,1.17186,0.60512,0.85441,0,0,0,0,0,0.63378,0,0,0,0,0,0,0,0,0.7961,0.73091,0.766,0.50205,1.26437,0.61862,0.8648,0,0,0,0,0,0,0,0,0,0,0,0,0,0,0.50205,0.000941,0.000941,0.000941
330,16418.6,1.17366,0.60061,0.85317,0,0,0,0,0,0.63185,0,0,0,0,0,0,0,0,0.79663,0.73025,0.76643,0.50293,1.26358,0.61808,0.8647,0,0,0,0,0,0,0,0,0,0,0,0,0,0,0.50293,0.000928625,0.000928625,0.000928625
331,16473.4,1.17711,0.60415,0.84936,0,0,0,0,0,0.63392,0,0,0,0,0,0,0,0,0.79707,0.73127,0.76737,0.50325,1.26321,0.61763,0.86466,0,0,0,0,0,0,0,0,0,0,0,0,0,0,0.50325,0.00091625,0.00091625,0.00091625
332,16527.6,1.16556,0.59953,0.85418,0,0,0,0,0,0.63334,0,0,0,0,0,0,0,0,0.79767,0.73149,0.76801,0.50323,1.2627,0.61745,0.86451,0,0,0,0,0,0,0,0,0,0,0,0,0,0,0.50323,0.000903875,0.000903875,0.000903875
333,16583.1,1.16822,0.59767,0.85157,0,0,0,0,0,0.63179,0,0,0,0,0,0,0,0,0.79708,0.73095,0.76809,0.50322,1.26184,0.61682,0.8644,0,0,0,0,0,0,0,0,0,0,0,0,0,0,0.50322,0.0008915,0.0008915,0.0008915
334,16639.5,1.17321,0.6051,0.8516,0,0,0,0,0,0.63297,0,0,0,0,0,0,0,0,0.79947,0.73108,0.76821,0.50314,1.2616,0.6164,0.86433,0,0,0,0,0,0,0,0,0,0,0,0,0,0,0.50314,0.000879125,0.000879125,0.000879125
335,16696.4,1.16299,0.59609,0.85244,0,0,0,0,0,0.63222,0,0,0,0,0,0,0,0,0.79852,0.73108,0.76781,0.50348,1.26187,0.61617,0.8643,0,0,0,0,0,0,0,0,0,0,0,0,0,0,0.50348,0.00086675,0.00086675,0.00086675
336,16752.9,1.16267,0.59512,0.84974,0,0,0,0,0,0.6301,0,0,0,0,0,0,0,0,0.79851,0.73165,0.76825,0.50333,1.26186,0.61595,0.86434,0,0,0,0,0,0,0,0,0,0,0,0,0,0,0.50333,0.000854375,0.000854375,0.000854375
337,16810.7,1.15627,0.59332,0.84921,0,0,0,0,0,0.63068,0,0,0,0,0,0,0,0,0.79848,0.7297,0.76796,0.50406,1.2611,0.61513,0.86423,0,0,0,0,0,0,0,0,0,0,0,0,0,0,0.50406,0.000842,0.000842,0.000842
338,16866.9,1.14856,0.59196,0.84966,0,0,0,0,0,0.62929,0,0,0,0,0,0,0,0,0.79869,0.72999,0.76865,0.50421,1.26024,0.61495,0.86412,0,0,0,0,0,0,0,0,0,0,0,0,0,0,0.50421,0.000829625,0.000829625,0.000829625
339,16923.2,1.15881,0.59689,0.85139,0,0,0,0,0,0.63331,0,0,0,0,0,0,0,0,0.79986,0.73037,0.76871,0.50463,1.26029,0.61418,0.86409,0,0,0,0,0,0,0,0,0,0,0,0,0,0,0.50463,0.00081725,0.00081725,0.00081725
340,16979.3,1.15832,0.59221,0.84923,0,0,0,0,0,0.62905,0,0,0,0,0,0,0,0,0.79951,0.73048,0.76858,0.50497,1.26097,0.61403,0.86412,0,0,0,0,0,0,0,0,0,0,0,0,0,0,0.50497,0.000804875,0.000804875,0.000804875
341,17035.3,1.15014,0.59159,0.84836,0,0,0,0,0,0.62815,0,0,0,0,0,0,0,0,0.79987,0.73054,0.76906,0.50505,1.26074,0.6138,0.86409,0,0,0,0,0,0,0,0,0,0,0,0,0,0,0.50505,0.0007925,0.0007925,0.0007925
342,17091.3,1.15155,0.59018,0.84981,0,0,0,0,0,0.62901,0,0,0,0,0,0,0,0,0.79967,0.73068,0.76988,0.50495,1.26104,0.61393,0.86405,0,0,0,0,0,0,0,0,0,0,0,0,0,0,0.50495,0.000780125,0.000780125,0.000780125
343,17146.9,1.14975,0.59122,0.84831,0,0,0,0,0,0.6278,0,0,0,0,0,0,0,0,0.79823,0.73133,0.76945,0.50536,1.26059,0.61346,0.86403,0,0,0,0,0,0,0,0,0,0,0,0,0,0,0.50536,0.00076775,0.00076775,0.00076775
344,17204.1,1.15519,0.59278,0.85004,0,0,0,0,0,0.62699,0,0,0,0,0,0,0,0,0.79827,0.73213,0.77069,0.50543,1.25979,0.61303,0.86378,0,0,0,0,0,0,0,0,0,0,0,0,0,0,0.50543,0.000755375,0.000755375,0.000755375
345,17260.4,1.14027,0.58534,0.84649,0,0,0,0,0,0.6258,0,0,0,0,0,0,0,0,0.79881,0.73242,0.7703,0.50546,1.25959,0.61233,0.86376,0,0,0,0,0,0,0,0,0,0,0,0,0,0,0.50546,0.000743,0.000743,0.000743
346,17316,1.1395,0.58633,0.84898,0,0,0,0,0,0.62632,0,0,0,0,0,0,0,0,0.79758,0.73354,0.7706,0.5056,1.25987,0.6123,0.86371,0,0,0,0,0,0,0,0,0,0,0,0,0,0,0.5056,0.000730625,0.000730625,0.000730625
347,17372.3,1.1378,0.58365,0.84899,0,0,0,0,0,0.62644,0,0,0,0,0,0,0,0,0.79944,0.73373,0.77144,0.50614,1.25945,0.61206,0.86349,0,0,0,0,0,0,0,0,0,0,0,0,0,0,0.50614,0.00071825,0.00071825,0.00071825
348,17427.9,1.1433,0.58558,0.8466,0,0,0,0,0,0.62647,0,0,0,0,0,0,0,0,0.79933,0.73386,0.7718,0.50615,1.25917,0.61171,0.86366,0,0,0,0,0,0,0,0,0,0,0,0,0,0,0.50615,0.000705875,0.000705875,0.000705875
349,17483,1.13177,0.5801,0.8464,0,0,0,0,0,0.6244,0,0,0,0,0,0,0,0,0.79908,0.73382,0.77187,0.50613,1.26011,0.6116,0.86353,0,0,0,0,0,0,0,0,0,0,0,0,0,0,0.50613,0.0006935,0.0006935,0.0006935
350,17538.3,1.13678,0.58466,0.84586,0,0,0,0,0,0.62586,0,0,0,0,0,0,0,0,0.79895,0.73401,0.77225,0.5062,1.25997,0.6113,0.86349,0,0,0,0,0,0,0,0,0,0,0,0,0,0,0.5062,0.000681125,0.000681125,0.000681125
351,17594,1.1371,0.58253,0.8453,0,0,0,0,0,0.62423,0,0,0,0,0,0,0,0,0.79922,0.73408,0.7722,0.50637,1.2603,0.61085,0.8634,0,0,0,0,0,0,0,0,0,0,0,0,0,0,0.50637,0.00066875,0.00066875,0.00066875
352,17649.6,1.13038,0.58109,0.8464,0,0,0,0,0,0.62442,0,0,0,0,0,0,0,0,0.79906,0.73456,0.7718,0.50617,1.26026,0.61082,0.86341,0,0,0,0,0,0,0,0,0,0,0,0,0,0,0.50617,0.000656375,0.000656375,0.000656375
353,17702.8,1.12884,0.57973,0.84627,0,0,0,0,0,0.62417,0,0,0,0,0,0,0,0,0.79892,0.7345,0.77245,0.50583,1.26068,0.61032,0.86344,0,0,0,0,0,0,0,0,0,0,0,0,0,0,0.50583,0.000644,0.000644,0.000644
354,17759.2,1.12209,0.57883,0.84697,0,0,0,0,0,0.62342,0,0,0,0,0,0,0,0,0.79843,0.73482,0.77247,0.506,1.25988,0.61008,0.86334,0,0,0,0,0,0,0,0,0,0,0,0,0,0,0.506,0.000631625,0.000631625,0.000631625
355,17815,1.12383,0.57737,0.84376,0,0,0,0,0,0.6208,0,0,0,0,0,0,0,0,0.79772,0.73464,0.77217,0.50611,1.25904,0.60951,0.8632,0,0,0,0,0,0,0,0,0,0,0,0,0,0,0.50611,0.00061925,0.00061925,0.00061925
356,17869.9,1.12648,0.57877,0.8468,0,0,0,0,0,0.62239,0,0,0,0,0,0,0,0,0.80211,0.73374,0.77248,0.5065,1.25906,0.60932,0.86312,0,0,0,0,0,0,0,0,0,0,0,0,0,0,0.5065,0.000606875,0.000606875,0.000606875
357,17924.2,1.11472,0.57573,0.84445,0,0,0,0,0,0.62207,0,0,0,0,0,0,0,0,0.79717,0.73502,0.77262,0.50635,1.25921,0.60912,0.86313,0,0,0,0,0,0,0,0,0,0,0,0,0,0,0.50635,0.0005945,0.0005945,0.0005945
358,17979,1.11845,0.5778,0.84575,0,0,0,0,0,0.6236,0,0,0,0,0,0,0,0,0.79784,0.73526,0.77284,0.50632,1.25831,0.60845,0.86306,0,0,0,0,0,0,0,0,0,0,0,0,0,0,0.50632,0.000582125,0.000582125,0.000582125
359,18033.2,1.11494,0.57448,0.84417,0,0,0,0,0,0.6217,0,0,0,0,0,0,0,0,0.79886,0.73546,0.77331,0.50686,1.25751,0.60836,0.86295,0,0,0,0,0,0,0,0,0,0,0,0,0,0,0.50686,0.00056975,0.00056975,0.00056975
360,18087.8,1.11581,0.57278,0.84369,0,0,0,0,0,0.62187,0,0,0,0,0,0,0,0,0.79833,0.73598,0.77351,0.50696,1.25784,0.60798,0.86291,0,0,0,0,0,0,0,0,0,0,0,0,0,0,0.50696,0.000557375,0.000557375,0.000557375
361,18142.6,1.12164,0.57372,0.84253,0,0,0,0,0,0.62089,0,0,0,0,0,0,0,0,0.79953,0.73525,0.7726,0.50677,1.25761,0.60771,0.86289,0,0,0,0,0,0,0,0,0,0,0,0,0,0,0.50677,0.000545,0.000545,0.000545
362,18195.3,1.10966,0.57186,0.84234,0,0,0,0,0,0.62018,0,0,0,0,0,0,0,0,0.79847,0.73569,0.77279,0.50685,1.25776,0.60763,0.86287,0,0,0,0,0,0,0,0,0,0,0,0,0,0,0.50685,0.000532625,0.000532625,0.000532625
363,18251,1.11946,0.57612,0.84228,0,0,0,0,0,0.62041,0,0,0,0,0,0,0,0,0.7977,0.73604,0.77276,0.50692,1.25714,0.60691,0.86278,0,0,0,0,0,0,0,0,0,0,0,0,0,0,0.50692,0.00052025,0.00052025,0.00052025
364,18306.4,1.11582,0.57276,0.84299,0,0,0,0,0,0.62105,0,0,0,0,0,0,0,0,0.79818,0.73609,0.77251,0.50714,1.25654,0.60676,0.86274,0,0,0,0,0,0,0,0,0,0,0,0,0,0,0.50714,0.000507875,0.000507875,0.000507875
365,18361.9,1.10426,0.57235,0.843,0,0,0,0,0,0.62011,0,0,0,0,0,0,0,0,0.797,0.73641,0.77292,0.50716,1.25689,0.60637,0.86313,0,0,0,0,0,0,0,0,0,0,0,0,0,0,0.50716,0.0004955,0.0004955,0.0004955
366,18417.7,1.10963,0.57873,0.84236,0,0,0,0,0,0.62123,0,0,0,0,0,0,0,0,0.79867,0.73642,0.77312,0.50737,1.25649,0.6062,0.86305,0,0,0,0,0,0,0,0,0,0,0,0,0,0,0.50737,0.000483125,0.000483125,0.000483125
367,18472.6,1.10418,0.56923,0.84246,0,0,0,0,0,0.61875,0,0,0,0,0,0,0,0,0.79788,0.7364,0.77327,0.5078,1.25644,0.60588,0.86296,0,0,0,0,0,0,0,0,0,0,0,0,0,0,0.5078,0.00047075,0.00047075,0.00047075
368,18527.6,1.10158,0.56683,0.84153,0,0,0,0,0,0.61807,0,0,0,0,0,0,0,0,0.79735,0.73602,0.7728,0.50751,1.25574,0.60553,0.86286,0,0,0,0,0,0,0,0,0,0,0,0,0,0,0.50751,0.000458375,0.000458375,0.000458375
369,18573.5,1.10386,0.56971,0.84185,0,0,0,0,0,0.62024,0,0,0,0,0,0,0,0,0.79954,0.73597,0.77353,0.50763,1.25526,0.60513,0.86286,0,0,0,0,0,0,0,0,0,0,0,0,0,0,0.50763,0.000446,0.000446,0.000446
370,18630.1,1.08954,0.56287,0.84207,0,0,0,0,0,0.61561,0,0,0,0,0,0,0,0,0.79881,0.73659,0.77367,0.50791,1.25424,0.60454,0.86271,0,0,0,0,0,0,0,0,0,0,0,0,0,0,0.50791,0.000433625,0.000433625,0.000433625
371,18686.1,1.09261,0.56174,0.84126,0,0,0,0,0,0.61715,0,0,0,0,0,0,0,0,0.80088,0.73689,0.77373,0.50799,1.25364,0.6043,0.86261,0,0,0,0,0,0,0,0,0,0,0,0,0,0,0.50799,0.00042125,0.00042125,0.00042125
372,18741.9,1.09376,0.5648,0.84173,0,0,0,0,0,0.61669,0,0,0,0,0,0,0,0,0.80065,0.73744,0.77451,0.50862,1.25264,0.60377,0.86253,0,0,0,0,0,0,0,0,0,0,0,0,0,0,0.50862,0.000408875,0.000408875,0.000408875
373,18797.6,1.09676,0.56551,0.83916,0,0,0,0,0,0.61682,0,0,0,0,0,0,0,0,0.79985,0.73809,0.77472,0.5091,1.25183,0.60327,0.86221,0,0,0,0,0,0,0,0,0,0,0,0,0,0,0.5091,0.0003965,0.0003965,0.0003965
374,18853.7,1.09002,0.5612,0.8394,0,0,0,0,0,0.61534,0,0,0,0,0,0,0,0,0.80042,0.73696,0.77411,0.50917,1.25175,0.60291,0.86224,0,0,0,0,0,0,0,0,0,0,0,0,0,0,0.50917,0.000384125,0.000384125,0.000384125
375,18907.7,1.08788,0.56251,0.83782,0,0,0,0,0,0.6153,0,0,0,0,0,0,0,0,0.79971,0.73786,0.77456,0.50912,1.25126,0.60276,0.86218,0,0,0,0,0,0,0,0,0,0,0,0,0,0,0.50912,0.00037175,0.00037175,0.00037175
376,18964.6,1.09047,0.56149,0.84063,0,0,0,0,0,0.61485,0,0,0,0,0,0,0,0,0.79966,0.73774,0.77466,0.50934,1.25112,0.60244,0.8621,0,0,0,0,0,0,0,0,0,0,0,0,0,0,0.50934,0.000359375,0.000359375,0.000359375
377,19020.1,1.07986,0.55875,0.83925,0,0,0,0,0,0.61313,0,0,0,0,0,0,0,0,0.79987,0.73784,0.77464,0.50935,1.25016,0.60247,0.86192,0,0,0,0,0,0,0,0,0,0,0,0,0,0,0.50935,0.000347,0.000347,0.000347
378,19075.9,1.08639,0.56402,0.8385,0,0,0,0,0,0.61789,0,0,0,0,0,0,0,0,0.79945,0.73791,0.77439,0.50942,1.24984,0.60201,0.86195,0,0,0,0,0,0,0,0,0,0,0,0,0,0,0.50942,0.000334625,0.000334625,0.000334625
379,19130.6,1.08759,0.56102,0.83917,0,0,0,0,0,0.61255,0,0,0,0,0,0,0,0,0.79926,0.73809,0.77378,0.50953,1.25038,0.60196,0.86191,0,0,0,0,0,0,0,0,0,0,0,0,0,0,0.50953,0.00032225,0.00032225,0.00032225
380,19184.5,1.07925,0.55456,0.83693,0,0,0,0,0,0.61235,0,0,0,0,0,0,0,0,0.79915,0.73855,0.77394,0.50949,1.24975,0.60135,0.86188,0,0,0,0,0,0,0,0,0,0,0,0,0,0,0.50949,0.000309875,0.000309875,0.000309875
381,19239.8,1.08224,0.5581,0.83964,0,0,0,0,0,0.61255,0,0,0,0,0,0,0,0,0.79783,0.73945,0.77434,0.5096,1.25019,0.60116,0.86194,0,0,0,0,0,0,0,0,0,0,0,0,0,0,0.5096,0.0002975,0.0002975,0.0002975
382,19295.6,1.07079,0.55183,0.83521,0,0,0,0,0,0.61137,0,0,0,0,0,0,0,0,0.80108,0.73655,0.77412,0.50975,1.25001,0.60111,0.86192,0,0,0,0,0,0,0,0,0,0,0,0,0,0,0.50975,0.000285125,0.000285125,0.000285125
383,19352.5,1.07711,0.5577,0.83793,0,0,0,0,0,0.61349,0,0,0,0,0,0,0,0,0.80365,0.73657,0.77467,0.50976,1.24968,0.60057,0.86183,0,0,0,0,0,0,0,0,0,0,0,0,0,0,0.50976,0.00027275,0.00027275,0.00027275
384,19408.2,1.07176,0.55283,0.83697,0,0,0,0,0,0.61319,0,0,0,0,0,0,0,0,0.79968,0.739,0.77512,0.50983,1.24864,0.59994,0.86176,0,0,0,0,0,0,0,0,0,0,0,0,0,0,0.50983,0.000260375,0.000260375,0.000260375
385,19463.9,1.06759,0.55012,0.83746,0,0,0,0,0,0.61046,0,0,0,0,0,0,0,0,0.80284,0.73755,0.77496,0.51015,1.24853,0.59965,0.86178,0,0,0,0,0,0,0,0,0,0,0,0,0,0,0.51015,0.000248,0.000248,0.000248
386,19519.7,1.07048,0.55129,0.83669,0,0,0,0,0,0.61103,0,0,0,0,0,0,0,0,0.79955,0.73907,0.77525,0.50992,1.24829,0.59961,0.86173,0,0,0,0,0,0,0,0,0,0,0,0,0,0,0.50992,0.000235625,0.000235625,0.000235625
387,19575.8,1.07075,0.55441,0.8354,0,0,0,0,0,0.61128,0,0,0,0,0,0,0,0,0.80105,0.73843,0.77542,0.51,1.24837,0.59894,0.8618,0,0,0,0,0,0,0,0,0,0,0,0,0,0,0.51,0.00022325,0.00022325,0.00022325
388,19632.8,1.07128,0.55228,0.83718,0,0,0,0,0,0.61126,0,0,0,0,0,0,0,0,0.79955,0.73997,0.77547,0.50966,1.2482,0.59889,0.86169,0,0,0,0,0,0,0,0,0,0,0,0,0,0,0.50966,0.000210875,0.000210875,0.000210875
389,19689.2,1.0682,0.5494,0.83515,0,0,0,0,0,0.61023,0,0,0,0,0,0,0,0,0.79808,0.73964,0.77533,0.50986,1.24858,0.59873,0.86175,0,0,0,0,0,0,0,0,0,0,0,0,0,0,0.50986,0.0001985,0.0001985,0.0001985
390,19744.9,1.06571,0.54852,0.83587,0,0,0,0,0,0.61181,0,0,0,0,0,0,0,0,0.79789,0.73946,0.77497,0.50979,1.24867,0.59839,0.86178,0,0,0,0,0,0,0,0,0,0,0,0,0,0,0.50979,0.000186125,0.000186125,0.000186125
391,19801.9,1.05907,0.5475,0.83592,0,0,0,0,0,0.60761,0,0,0,0,0,0,0,0,0.79703,0.73999,0.77491,0.50957,1.24881,0.59832,0.86179,0,0,0,0,0,0,0,0,0,0,0,0,0,0,0.50957,0.00017375,0.00017375,0.00017375
392,19858.7,1.05558,0.54541,0.83299,0,0,0,0,0,0.60806,0,0,0,0,0,0,0,0,0.79665,0.74016,0.77508,0.50957,1.24865,0.59815,0.86171,0,0,0,0,0,0,0,0,0,0,0,0,0,0,0.50957,0.000161375,0.000161375,0.000161375
393,19914.2,1.06213,0.55002,0.83535,0,0,0,0,0,0.61114,0,0,0,0,0,0,0,0,0.79483,0.73992,0.77464,0.50958,1.24882,0.59826,0.86175,0,0,0,0,0,0,0,0,0,0,0,0,0,0,0.50958,0.000149,0.000149,0.000149
394,19969.3,1.0555,0.54524,0.83564,0,0,0,0,0,0.60952,0,0,0,0,0,0,0,0,0.79597,0.74014,0.77502,0.50961,1.24901,0.59847,0.8617,0,0,0,0,0,0,0,0,0,0,0,0,0,0,0.50961,0.000136625,0.000136625,0.000136625
395,20024.5,1.06129,0.54986,0.83533,0,0,0,0,0,0.60979,0,0,0,0,0,0,0,0,0.79794,0.74007,0.77559,0.50999,1.24912,0.59812,0.8617,0,0,0,0,0,0,0,0,0,0,0,0,0,0,0.50999,0.00012425,0.00012425,0.00012425
396,20080.9,1.0547,0.54808,0.83505,0,0,0,0,0,0.61075,0,0,0,0,0,0,0,0,0.79699,0.73942,0.77522,0.51022,1.24889,0.59779,0.86163,0,0,0,0,0,0,0,0,0,0,0,0,0,0,0.51022,0.000111875,0.000111875,0.000111875
397,20136.4,1.04823,0.5437,0.83492,0,0,0,0,0,0.60929,0,0,0,0,0,0,0,0,0.79617,0.74037,0.77565,0.51003,1.24948,0.59763,0.86167,0,0,0,0,0,0,0,0,0,0,0,0,0,0,0.51003,9.95e-05,9.95e-05,9.95e-05
398,20191.1,1.04485,0.54141,0.83659,0,0,0,0,0,0.60837,0,0,0,0,0,0,0,0,0.7979,0.74004,0.77565,0.51006,1.24949,0.59761,0.8617,0,0,0,0,0,0,0,0,0,0,0,0,0,0,0.51006,8.7125e-05,8.7125e-05,8.7125e-05
399,20246.6,1.04923,0.54217,0.83369,0,0,0,0,0,0.60959,0,0,0,0,0,0,0,0,0.79798,0.74092,0.77615,0.51007,1.24976,0.59728,0.86174,0,0,0,0,0,0,0,0,0,0,0,0,0,0,0.51007,7.475e-05,7.475e-05,7.475e-05
400,20302.4,1.04463,0.54114,0.8349,0,0,0,0,0,0.60774,0,0,0,0,0,0,0,0,0.79727,0.74099,0.77615,0.51042,1.25,0.59724,0.86184,0,0,0,0,0,0,0,0,0,0,0,0,0,0,0.51042,6.2375e-05,6.2375e-05,6.2375e-05
