epoch,time,train/box_loss,train/cls_loss,train/dfl_loss,metrics/precision(B),metrics/recall(B),metrics/mAP50(B),metrics/mAP50-95(B),val/box_loss,val/cls_loss,val/dfl_loss,phase_stop_fitness,lr/pg0,lr/pg1,lr/pg2
1,156.398,2.84671,3.92865,1.6763,0.56606,0.17618,0.13124,0.04757,2.83253,2.43727,1.4495,0.04757,0.00165942,0.00165942,0.068471
2,286.738,2.77003,2.52727,1.38062,0.25674,0.1824,0.13623,0.04969,2.71475,2.34551,1.36428,0.04969,0.00331785,0.00331785,0.0367961
3,370.031,2.75613,2.30351,1.37015,0.54481,0.17519,0.12693,0.04485,2.81518,2.16863,1.41913,0.04485,0.00496804,0.00496804,0.00511297
4,496.999,2.81725,2.28874,1.40873,0.29991,0.20167,0.1591,0.05798,2.8203,2.1731,1.40963,0.05798,0.00496288,0.00496288,0.00496288
5,528.153,2.72878,2.13043,1.36955,0.34032,0.22998,0.19406,0.07587,2.66141,2.01755,1.28737,0.07587,0.0049505,0.0049505,0.0049505
6,576.288,2.66523,2.04083,1.3407,0.34169,0.26785,0.22861,0.0871,2.67285,1.99917,1.33602,0.0871,0.00493813,0.00493813,0.00493813
7,682.531,2.61821,1.9769,1.32646,0.37031,0.24493,0.24593,0.10064,2.55725,1.88143,1.2747,0.10064,0.00492575,0.00492575,0.00492575
8,805.836,2.5702,1.93376,1.30014,0.42488,0.26893,0.26381,0.11164,2.53963,1.79965,1.24046,0.11164,0.00491338,0.00491338,0.00491338
9,936.085,2.53232,1.86597,1.27574,0.34896,0.23995,0.21781,0.09304,2.59372,2.40106,1.23516,0.09304,0.004901,0.004901,0.004901
10,1063.89,2.50242,1.81388,1.27248,0.4463,0.27413,0.28798,0.12321,2.49522,1.74354,1.23124,0.12321,0.00488863,0.00488863,0.00488863
11,1150.52,2.47722,1.78116,1.25846,0.37746,0.30018,0.2854,0.12864,2.49569,1.85629,1.20669,0.12864,0.00487625,0.00487625,0.00487625
12,1222.98,2.46004,1.76121,1.2495,0.4397,0.32096,0.32114,0.1368,2.41504,1.65649,1.19101,0.1368,0.00486388,0.00486388,0.00486388
13,1253.97,2.43417,1.73425,1.24421,0.44808,0.32009,0.31412,0.13512,2.41728,1.63102,1.18776,0.13512,0.0048515,0.0048515,0.0048515
14,1285.41,2.42511,1.6978,1.22723,0.40727,0.33758,0.3194,0.14211,2.42034,1.91837,1.18869,0.14211,0.00483913,0.00483913,0.00483913
15,1317.93,2.40324,1.66559,1.22162,0.46839,0.30828,0.30305,0.13588,2.41543,1.66939,1.20055,0.13588,0.00482675,0.00482675,0.00482675
16,1350.4,2.3944,1.65468,1.2155,0.4643,0.36025,0.35417,0.16001,2.34386,1.61248,1.1687,0.16001,0.00481438,0.00481438,0.00481438
17,1387.79,2.37585,1.6353,1.20903,0.46045,0.35667,0.35311,0.16436,2.36288,1.57443,1.16991,0.16436,0.004802,0.004802,0.004802
18,1525.97,2.35401,1.61385,1.20008,0.5014,0.34231,0.35537,0.16453,2.34623,1.55094,1.16513,0.16453,0.00478963,0.00478963,0.00478963
19,1560.62,2.34758,1.58235,1.19428,0.43594,0.36921,0.36399,0.16657,2.32629,1.50766,1.16505,0.16657,0.00477725,0.00477725,0.00477725
20,1593.5,2.33526,1.56656,1.18726,0.48377,0.36913,0.38118,0.17803,2.2702,1.45905,1.14603,0.17803,0.00476488,0.00476488,0.00476488
21,1623.97,2.29584,1.54511,1.18207,0.46812,0.36844,0.37344,0.1765,2.27103,1.47057,1.1352,0.1765,0.0047525,0.0047525,0.0047525
22,1656.37,2.28449,1.52919,1.17379,0.4999,0.4103,0.41304,0.19662,2.23471,1.41672,1.13013,0.19662,0.00474013,0.00474013,0.00474013
23,1728.09,2.29101,1.51753,1.17268,0.44545,0.3815,0.366,0.17799,2.38161,1.62699,1.16441,0.17799,0.00472775,0.00472775,0.00472775
24,1760.35,2.26635,1.49274,1.164,0.49327,0.40155,0.40917,0.19872,2.22058,1.38695,1.12031,0.19872,0.00471537,0.00471537,0.00471537
25,1791.06,2.2597,1.48442,1.16455,0.50175,0.43095,0.42448,0.20836,2.19592,1.38809,1.11576,0.20836,0.004703,0.004703,0.004703
26,1824.87,2.25335,1.46076,1.15942,0.51815,0.40932,0.42393,0.20892,2.20345,1.36914,1.11636,0.20892,0.00469063,0.00469063,0.00469063
27,1935.36,2.23984,1.45392,1.1525,0.52934,0.4313,0.44416,0.2222,2.16309,1.34247,1.10271,0.2222,0.00467825,0.00467825,0.00467825
28,1980.16,2.22725,1.44166,1.14369,0.52576,0.44249,0.44893,0.22634,2.14982,1.33548,1.10449,0.22634,0.00466587,0.00466587,0.00466587
29,2012.91,2.22649,1.42679,1.15035,0.52897,0.4353,0.45393,0.22686,2.13037,1.31718,1.09113,0.22686,0.0046535,0.0046535,0.0046535
30,2042.57,2.19807,1.4028,1.13945,0.52862,0.44559,0.45301,0.23295,2.15559,1.31256,1.09721,0.23295,0.00464113,0.00464113,0.00464113
31,2074.31,2.19653,1.40188,1.13335,0.50357,0.45409,0.45136,0.22842,2.14828,1.31398,1.10199,0.22842,0.00462875,0.00462875,0.00462875
32,2104.82,2.17761,1.38776,1.13107,0.57864,0.45706,0.48,0.24598,2.08413,1.25222,1.07905,0.24598,0.00461637,0.00461637,0.00461637
33,2134.99,2.1618,1.36873,1.12469,0.55073,0.46385,0.48158,0.2484,2.08106,1.24532,1.07979,0.2484,0.004604,0.004604,0.004604
34,2167.04,2.16547,1.36089,1.12642,0.5469,0.45994,0.47217,0.24665,2.0868,1.24592,1.07407,0.24665,0.00459163,0.00459163,0.00459163
35,2197.92,2.15808,1.35716,1.1212,0.54346,0.47232,0.48335,0.25024,2.06104,1.23688,1.07564,0.25024,0.00457925,0.00457925,0.00457925
36,2240.25,2.14077,1.33255,1.11404,0.54795,0.47961,0.4913,0.25953,2.04928,1.215,1.07211,0.25953,0.00456687,0.00456687,0.00456687
37,2281.54,2.12825,1.32878,1.11539,0.56705,0.47977,0.49668,0.26357,2.02038,1.19801,1.06099,0.26357,0.0045545,0.0045545,0.0045545
38,2417.39,2.12249,1.31575,1.10756,0.55775,0.49052,0.50217,0.26704,2.00252,1.17323,1.05646,0.26704,0.00454213,0.00454213,0.00454213
39,2523.35,2.11378,1.30242,1.10753,0.5608,0.49498,0.50576,0.26993,1.98968,1.17307,1.05057,0.26993,0.00452975,0.00452975,0.00452975
40,2638.39,2.107,1.29847,1.10332,0.56909,0.49553,0.50761,0.27116,1.99033,1.17001,1.0492,0.27116,0.00451737,0.00451737,0.00451737
41,2721.95,2.10283,1.29304,1.09826,0.5647,0.5015,0.51143,0.27313,1.99516,1.14858,1.04522,0.27313,0.004505,0.004505,0.004505
42,2754.34,2.08148,1.27987,1.09515,0.57063,0.50842,0.52191,0.28054,1.97158,1.14104,1.04239,0.28054,0.00449263,0.00449263,0.00449263
43,2786.41,2.07681,1.27023,1.09755,0.5674,0.51176,0.52478,0.28274,1.95578,1.13313,1.03908,0.28274,0.00448025,0.00448025,0.00448025
44,2838.99,2.06598,1.26908,1.09291,0.57066,0.51557,0.52564,0.28318,1.9438,1.12585,1.03606,0.28318,0.00446788,0.00446788,0.00446788
45,2870.14,2.06691,1.25836,1.08605,0.55608,0.51584,0.52476,0.28437,1.96276,1.12504,1.03823,0.28437,0.0044555,0.0044555,0.0044555
46,2901.58,2.0555,1.25085,1.08373,0.58704,0.52624,0.53559,0.29378,1.93937,1.10891,1.03049,0.29378,0.00444313,0.00444313,0.00444313
47,2932.68,2.05711,1.24369,1.08139,0.58145,0.52889,0.54016,0.29544,1.92626,1.1072,1.02657,0.29544,0.00443075,0.00443075,0.00443075
48,2963.54,2.052,1.23702,1.07888,0.58167,0.53616,0.54333,0.29982,1.91339,1.09304,1.02497,0.29982,0.00441838,0.00441838,0.00441838
49,2994.32,2.03216,1.21967,1.07351,0.57553,0.53473,0.54296,0.29993,1.90931,1.0844,1.0231,0.29993,0.004406,0.004406,0.004406
50,3025.34,2.02715,1.22312,1.071,0.58612,0.53534,0.5451,0.30117,1.90048,1.07675,1.02059,0.30117,0.00439362,0.00439362,0.00439362
51,3056.03,2.01864,1.20735,1.06944,0.58694,0.53733,0.54493,0.30196,1.89644,1.07057,1.01839,0.30196,0.00438125,0.00438125,0.00438125
52,3086.28,2.01003,1.19683,1.0681,0.58278,0.54079,0.54794,0.30502,1.88732,1.0652,1.01577,0.30502,0.00436888,0.00436888,0.00436888
53,3130.16,2.01126,1.19727,1.06244,0.58769,0.53716,0.54995,0.30747,1.87395,1.05849,1.01121,0.30747,0.0043565,0.0043565,0.0043565
54,3160.49,2.00693,1.18767,1.06017,0.58913,0.5442,0.55341,0.31086,1.85926,1.05327,1.00844,0.31086,0.00434412,0.00434412,0.00434412
55,3193.71,1.98988,1.18107,1.06109,0.59324,0.54849,0.55618,0.31239,1.85085,1.04819,1.00518,0.31239,0.00433175,0.00433175,0.00433175
56,3228.05,1.98338,1.1749,1.05768,0.59496,0.54646,0.55772,0.31566,1.8433,1.04162,1.00173,0.31566,0.00431938,0.00431938,0.00431938
57,3328.64,1.9684,1.15937,1.05415,0.59818,0.54753,0.55877,0.31698,1.84121,1.03722,1.00041,0.31698,0.004307,0.004307,0.004307
58,3360.07,1.96889,1.15238,1.05492,0.6028,0.54828,0.56057,0.31991,1.83362,1.02852,0.99858,0.31991,0.00429463,0.00429463,0.00429463
59,3390.48,1.97485,1.15215,1.05351,0.60812,0.54613,0.56408,0.32235,1.83068,1.02553,0.99692,0.32235,0.00428225,0.00428225,0.00428225
60,3421.86,1.95679,1.14558,1.05218,0.60538,0.54872,0.56526,0.32286,1.82905,1.02259,0.9958,0.32286,0.00426988,0.00426988,0.00426988
61,3456.43,1.9493,1.13621,1.04114,0.60364,0.55268,0.56638,0.32356,1.82403,1.01779,0.99441,0.32356,0.0042575,0.0042575,0.0042575
62,3496.45,1.95099,1.14075,1.0459,0.60236,0.55374,0.5688,0.32544,1.81738,1.0154,0.99228,0.32544,0.00424513,0.00424513,0.00424513
63,3629.85,1.93458,1.13302,1.03927,0.60557,0.55486,0.56843,0.32561,1.81174,1.0109,0.99081,0.32561,0.00423275,0.00423275,0.00423275
64,3756.01,1.94227,1.13008,1.03691,0.60699,0.5569,0.56895,0.32639,1.80855,1.00703,0.98944,0.32639,0.00422038,0.00422038,0.00422038
65,3854.67,1.92439,1.11531,1.03485,0.60718,0.55882,0.57043,0.32782,1.80385,1.00313,0.98764,0.32782,0.004208,0.004208,0.004208
66,3924.22,1.92716,1.11883,1.03384,0.61373,0.55623,0.57233,0.32977,1.79819,0.99934,0.98576,0.32977,0.00419563,0.00419563,0.00419563
67,3971.24,1.91538,1.11253,1.03774,0.61885,0.5567,0.57358,0.33177,1.79279,0.99675,0.98418,0.33177,0.00418325,0.00418325,0.00418325
68,4000.98,1.9062,1.10471,1.03092,0.62139,0.55895,0.57579,0.33363,1.78836,0.99269,0.9831,0.33363,0.00417088,0.00417088,0.00417088
69,4030.48,1.89991,1.10015,1.02948,0.62421,0.55759,0.57654,0.33588,1.7837,0.98948,0.98181,0.33588,0.0041585,0.0041585,0.0041585
70,4061.66,1.89547,1.09723,1.02819,0.62552,0.55832,0.57729,0.33726,1.77688,0.98547,0.98039,0.33726,0.00414612,0.00414612,0.00414612
71,4103.11,1.90282,1.09243,1.02646,0.63056,0.55826,0.57897,0.33791,1.77114,0.9824,0.97884,0.33791,0.00413375,0.00413375,0.00413375
72,4134.18,1.88971,1.09274,1.02399,0.63321,0.56076,0.58118,0.33922,1.76651,0.97982,0.97766,0.33922,0.00412138,0.00412138,0.00412138
73,4252.14,1.88379,1.0772,1.0277,0.6304,0.5626,0.58125,0.34022,1.76144,0.97695,0.97619,0.34022,0.004109,0.004109,0.004109
74,4313.49,1.87517,1.07892,1.02252,0.63098,0.56705,0.58316,0.34131,1.75758,0.97344,0.97532,0.34131,0.00409662,0.00409662,0.00409662
75,4433.84,1.872,1.07174,1.01862,0.63134,0.56605,0.58276,0.34146,1.75498,0.97096,0.97451,0.34146,0.00408425,0.00408425,0.00408425
76,4499.77,1.8645,1.06375,1.01832,0.63603,0.56464,0.58409,0.34261,1.75034,0.96769,0.97343,0.34261,0.00407187,0.00407187,0.00407187
77,4556.39,1.85897,1.06319,1.0135,0.63465,0.5681,0.58482,0.34304,1.74807,0.96553,0.9728,0.34304,0.0040595,0.0040595,0.0040595
78,4595.5,1.85266,1.05801,1.01794,0.63405,0.56727,0.58531,0.34339,1.74596,0.96334,0.97192,0.34339,0.00404712,0.00404712,0.00404712
79,4660.9,1.84814,1.0496,1.01061,0.63703,0.56801,0.58637,0.34446,1.74356,0.96047,0.97151,0.34446,0.00403475,0.00403475,0.00403475
80,4693.03,1.84562,1.04875,1.00873,0.63486,0.56841,0.58649,0.34504,1.74076,0.95843,0.9706,0.34504,0.00402237,0.00402237,0.00402237
81,4728.61,1.84622,1.04874,1.00767,0.6325,0.57027,0.58817,0.34627,1.73785,0.95647,0.96979,0.34627,0.00401,0.00401,0.00401
82,4838.96,1.83027,1.04384,1.00894,0.63608,0.56945,0.58791,0.3476,1.73483,0.95453,0.9688,0.3476,0.00399763,0.00399763,0.00399763
83,4942.26,1.82252,1.0328,1.00501,0.63521,0.57023,0.58814,0.34786,1.73187,0.95223,0.96801,0.34786,0.00398525,0.00398525,0.00398525
84,5080.41,1.81232,1.02325,1.00299,0.63682,0.57111,0.58889,0.34888,1.72946,0.9502,0.96754,0.34888,0.00397287,0.00397287,0.00397287
85,5122.1,1.8188,1.03962,1.00301,0.6373,0.5717,0.5886,0.34933,1.72715,0.9481,0.96688,0.34933,0.0039605,0.0039605,0.0039605
86,5203.22,1.81635,1.02545,1.00024,0.63726,0.57264,0.5889,0.35001,1.72484,0.94619,0.96636,0.35001,0.00394813,0.00394813,0.00394813
87,5271.43,1.80841,1.02991,1.00193,0.63716,0.57251,0.58948,0.35043,1.72269,0.94382,0.9658,0.35043,0.00393575,0.00393575,0.00393575
88,5330.9,1.80601,1.02047,0.99803,0.64313,0.57237,0.59044,0.35103,1.72066,0.94232,0.96531,0.35103,0.00392337,0.00392337,0.00392337
89,5371.92,1.79514,1.01259,0.99485,0.64446,0.57445,0.59249,0.352,1.71914,0.94065,0.96474,0.352,0.003911,0.003911,0.003911
90,5424.48,1.78677,1.0096,0.99453,0.64447,0.57239,0.59202,0.35282,1.71715,0.93862,0.96444,0.35282,0.00389863,0.00389863,0.00389863
91,5456.05,1.78885,1.00242,0.99765,0.64881,0.57436,0.59497,0.35355,1.71415,0.93629,0.96381,0.35355,0.00388625,0.00388625,0.00388625
92,5590.5,1.78323,1.00092,0.9942,0.64744,0.57451,0.59543,0.35444,1.7121,0.93454,0.96322,0.35444,0.00387388,0.00387388,0.00387388
93,5721.87,1.78197,0.99999,0.98872,0.64796,0.57435,0.59537,0.35487,1.70979,0.93308,0.96252,0.35487,0.0038615,0.0038615,0.0038615
94,5796.27,1.77664,0.9957,0.98783,0.64938,0.57439,0.59618,0.3549,1.70742,0.93083,0.96195,0.3549,0.00384913,0.00384913,0.00384913
95,5828.62,1.77501,0.99146,0.98839,0.64916,0.57474,0.59715,0.35563,1.70483,0.92909,0.96131,0.35563,0.00383675,0.00383675,0.00383675
96,5858.88,1.7741,0.99709,0.98699,0.65312,0.57615,0.59821,0.35673,1.70316,0.92721,0.9607,0.35673,0.00382438,0.00382438,0.00382438
97,5888.74,1.76721,0.98645,0.98744,0.65449,0.5767,0.59929,0.35723,1.70122,0.92602,0.9601,0.35723,0.003812,0.003812,0.003812
98,5919.44,1.76263,0.99133,0.98656,0.66246,0.57429,0.5994,0.35792,1.69889,0.92398,0.9594,0.35792,0.00379963,0.00379963,0.00379963
99,5954.33,1.75775,0.98585,0.9826,0.66519,0.57549,0.60054,0.35908,1.69666,0.92234,0.95899,0.35908,0.00378725,0.00378725,0.00378725
100,5989.59,1.75757,0.97445,0.98238,0.66421,0.57553,0.6008,0.35904,1.69485,0.92104,0.95836,0.35904,0.00377488,0.00377488,0.00377488
101,6035.77,1.7493,0.9714,0.97961,0.66584,0.57556,0.60188,0.35972,1.69291,0.91952,0.958,0.35972,0.0037625,0.0037625,0.0037625
102,6074.4,1.75723,0.97804,0.98164,0.66146,0.57648,0.60226,0.36068,1.69134,0.91823,0.95761,0.36068,0.00375013,0.00375013,0.00375013
103,6188.72,1.74078,0.97197,0.98126,0.66412,0.57784,0.60431,0.3611,1.68936,0.91639,0.95704,0.3611,0.00373775,0.00373775,0.00373775
104,6232.28,1.74144,0.96626,0.98048,0.66369,0.57976,0.60466,0.36188,1.68708,0.91471,0.95636,0.36188,0.00372537,0.00372537,0.00372537
105,6276.03,1.73395,0.9595,0.97869,0.66361,0.57888,0.6054,0.36275,1.68521,0.91277,0.95581,0.36275,0.003713,0.003713,0.003713
106,6318.03,1.72321,0.95779,0.9761,0.66498,0.57853,0.60604,0.36311,1.68268,0.91134,0.95522,0.36311,0.00370063,0.00370063,0.00370063
107,6385.47,1.73239,0.95743,0.97458,0.66264,0.58114,0.6068,0.36379,1.68086,0.90943,0.95451,0.36379,0.00368825,0.00368825,0.00368825
108,6511.26,1.72188,0.95199,0.96751,0.65879,0.58337,0.60683,0.36414,1.67801,0.90727,0.95383,0.36414,0.00367587,0.00367587,0.00367587
109,6554.2,1.71588,0.95421,0.97142,0.66054,0.58366,0.6073,0.36477,1.67571,0.9057,0.95303,0.36477,0.0036635,0.0036635,0.0036635
110,6583.84,1.7149,0.94416,0.96908,0.66102,0.58375,0.60861,0.36587,1.67293,0.90389,0.95216,0.36587,0.00365113,0.00365113,0.00365113
111,6614.13,1.70463,0.94363,0.96795,0.66358,0.58496,0.60953,0.36606,1.67067,0.90178,0.95149,0.36606,0.00363875,0.00363875,0.00363875
112,6644.19,1.71523,0.94658,0.9694,0.66424,0.58567,0.61059,0.36685,1.66854,0.90019,0.95093,0.36685,0.00362637,0.00362637,0.00362637
113,6675.6,1.71452,0.94363,0.97047,0.66343,0.58873,0.6119,0.36769,1.66582,0.89826,0.95013,0.36769,0.003614,0.003614,0.003614
114,6724.3,1.69639,0.93565,0.96935,0.66487,0.58865,0.61268,0.36868,1.66356,0.89607,0.94954,0.36868,0.00360163,0.00360163,0.00360163
115,6780.43,1.70332,0.93654,0.96918,0.66099,0.5899,0.61313,0.36885,1.66117,0.89415,0.94894,0.36885,0.00358925,0.00358925,0.00358925
116,6833.33,1.69273,0.93255,0.96844,0.66479,0.58937,0.61387,0.36898,1.659,0.89238,0.94839,0.36898,0.00357688,0.00357688,0.00357688
117,6873.59,1.6939,0.93602,0.96169,0.66308,0.59028,0.61444,0.36978,1.65646,0.89016,0.94769,0.36978,0.0035645,0.0035645,0.0035645
118,6941.82,1.69282,0.92787,0.96425,0.66219,0.59017,0.61436,0.37022,1.6543,0.88809,0.94709,0.37022,0.00355212,0.00355212,0.00355212
119,7012.8,1.68286,0.92612,0.9638,0.66287,0.58991,0.61476,0.37073,1.65149,0.88604,0.94651,0.37073,0.00353975,0.00353975,0.00353975
120,7158.13,1.67308,0.91844,0.96186,0.66578,0.59129,0.61663,0.37161,1.6496,0.88442,0.94609,0.37161,0.00352737,0.00352737,0.00352737
121,7204.8,1.67884,0.9264,0.96133,0.6674,0.59309,0.6187,0.37265,1.64726,0.88225,0.94538,0.37265,0.003515,0.003515,0.003515
122,7249.46,1.6795,0.91831,0.9627,0.66918,0.59385,0.61984,0.37313,1.6451,0.88052,0.9448,0.37313,0.00350263,0.00350263,0.00350263
123,7294.77,1.67528,0.917,0.95902,0.66791,0.59376,0.61976,0.37396,1.64271,0.87856,0.94409,0.37396,0.00349025,0.00349025,0.00349025
124,7356.6,1.66505,0.90982,0.95712,0.66998,0.59346,0.62081,0.37398,1.64048,0.87708,0.94365,0.37398,0.00347788,0.00347788,0.00347788
125,7490.66,1.67711,0.91717,0.95893,0.66967,0.59484,0.62026,0.37521,1.63853,0.8749,0.94309,0.37521,0.0034655,0.0034655,0.0034655
126,7622.94,1.66963,0.91036,0.95953,0.66982,0.59496,0.62141,0.37607,1.63602,0.87316,0.94249,0.37607,0.00345313,0.00345313,0.00345313
127,7752.03,1.65757,0.90198,0.95623,0.67076,0.59619,0.62257,0.37657,1.63394,0.87129,0.94192,0.37657,0.00344075,0.00344075,0.00344075
128,7887.67,1.65748,0.90414,0.95683,0.67222,0.59666,0.62351,0.37744,1.63137,0.86962,0.94133,0.37744,0.00342838,0.00342838,0.00342838
129,7954.94,1.65539,0.90878,0.958,0.67303,0.59601,0.62374,0.37812,1.62853,0.86787,0.94059,0.37812,0.003416,0.003416,0.003416
130,7987.18,1.66051,0.90642,0.95117,0.67481,0.59742,0.62479,0.37894,1.6261,0.86599,0.93997,0.37894,0.00340363,0.00340363,0.00340363
131,8047.15,1.64624,0.89773,0.95127,0.67869,0.59627,0.62526,0.37964,1.62404,0.86441,0.93953,0.37964,0.00339125,0.00339125,0.00339125
132,8120.03,1.64472,0.89633,0.95194,0.6824,0.59679,0.62666,0.38065,1.62132,0.86253,0.93895,0.38065,0.00337887,0.00337887,0.00337887
133,8153.58,1.63709,0.89125,0.95352,0.67701,0.59875,0.62711,0.38155,1.61891,0.86057,0.9384,0.38155,0.0033665,0.0033665,0.0033665
134,8186.23,1.64536,0.89351,0.95446,0.6777,0.60009,0.62792,0.38205,1.61642,0.85872,0.93799,0.38205,0.00335412,0.00335412,0.00335412
135,8220.03,1.64138,0.88617,0.95437,0.67804,0.60009,0.62876,0.38301,1.61399,0.85701,0.93741,0.38301,0.00334175,0.00334175,0.00334175
136,8257.74,1.63373,0.88323,0.95122,0.67709,0.60233,0.63,0.38378,1.6116,0.85516,0.93679,0.38378,0.00332937,0.00332937,0.00332937
137,8370.85,1.62856,0.88506,0.94646,0.68139,0.60198,0.63049,0.38439,1.60963,0.85326,0.93625,0.38439,0.003317,0.003317,0.003317
138,8410.92,1.62486,0.87782,0.94354,0.67903,0.604,0.63139,0.38508,1.60762,0.85194,0.93563,0.38508,0.00330462,0.00330462,0.00330462
139,8447.9,1.62393,0.87902,0.94733,0.67801,0.60566,0.63183,0.38567,1.60478,0.84972,0.93519,0.38567,0.00329225,0.00329225,0.00329225
140,8485.29,1.62833,0.88313,0.9466,0.67935,0.60609,0.63287,0.3865,1.60223,0.84807,0.93444,0.3865,0.00327988,0.00327988,0.00327988
141,8524.07,1.61829,0.87608,0.94587,0.67956,0.606,0.63348,0.38712,1.59972,0.84605,0.93386,0.38712,0.0032675,0.0032675,0.0032675
142,8574.36,1.61668,0.87544,0.94326,0.68001,0.60912,0.63555,0.38775,1.59794,0.84461,0.93343,0.38775,0.00325512,0.00325512,0.00325512
143,8681.02,1.61331,0.87663,0.94603,0.68124,0.60828,0.63609,0.38876,1.59521,0.84288,0.93261,0.38876,0.00324275,0.00324275,0.00324275
144,8753.88,1.60932,0.86947,0.94272,0.68087,0.60962,0.637,0.38895,1.59355,0.84164,0.93219,0.38895,0.00323038,0.00323038,0.00323038
145,8792.88,1.61225,0.87078,0.9419,0.68376,0.60797,0.63795,0.38962,1.59121,0.83976,0.93161,0.38962,0.003218,0.003218,0.003218
146,8854.59,1.59938,0.8641,0.94023,0.68644,0.60628,0.63785,0.39066,1.58898,0.83836,0.93106,0.39066,0.00320562,0.00320562,0.00320562
147,8955.21,1.60958,0.87168,0.94297,0.68485,0.60758,0.63869,0.3912,1.58691,0.83671,0.93048,0.3912,0.00319325,0.00319325,0.00319325
148,9072.36,1.60558,0.86492,0.94256,0.68687,0.60808,0.63944,0.39185,1.58471,0.83485,0.92987,0.39185,0.00318088,0.00318088,0.00318088
149,9105.99,1.59528,0.85795,0.93934,0.68693,0.60869,0.63997,0.39218,1.58221,0.83298,0.92921,0.39218,0.0031685,0.0031685,0.0031685
150,9151.4,1.59903,0.8597,0.94082,0.6896,0.60932,0.64121,0.39312,1.57973,0.8314,0.92874,0.39312,0.00315612,0.00315612,0.00315612
151,9185.46,1.59228,0.86114,0.94097,0.68862,0.60894,0.64135,0.39379,1.57707,0.8296,0.92814,0.39379,0.00314375,0.00314375,0.00314375
152,9219.58,1.593,0.85818,0.94035,0.6894,0.61186,0.64254,0.39433,1.57479,0.8278,0.92751,0.39433,0.00313138,0.00313138,0.00313138
153,9312.8,1.58228,0.85626,0.93679,0.69163,0.61121,0.64187,0.39486,1.57239,0.82622,0.92703,0.39486,0.003119,0.003119,0.003119
154,9371.72,1.58997,0.85064,0.9376,0.69159,0.61162,0.64225,0.39531,1.57009,0.82451,0.92637,0.39531,0.00310662,0.00310662,0.00310662
155,9418.27,1.57056,0.84618,0.93311,0.6923,0.61304,0.64341,0.39627,1.56774,0.82274,0.92583,0.39627,0.00309425,0.00309425,0.00309425
156,9455.23,1.57537,0.84677,0.93714,0.69369,0.61469,0.64461,0.39721,1.56559,0.8212,0.92518,0.39721,0.00308187,0.00308187,0.00308187
157,9491.83,1.57838,0.85175,0.93451,0.69431,0.61407,0.64482,0.39784,1.56337,0.81971,0.92466,0.39784,0.0030695,0.0030695,0.0030695
158,9622.97,1.57839,0.84754,0.93424,0.69583,0.61425,0.64563,0.39852,1.56035,0.81784,0.92398,0.39852,0.00305712,0.00305712,0.00305712
159,9691.44,1.57996,0.85272,0.93692,0.69517,0.61579,0.6462,0.39908,1.55833,0.81603,0.92352,0.39908,0.00304475,0.00304475,0.00304475
160,9728.05,1.5654,0.83812,0.93207,0.69761,0.61689,0.64673,0.39974,1.5563,0.81424,0.92311,0.39974,0.00303237,0.00303237,0.00303237
161,9761.62,1.569,0.83927,0.93371,0.69987,0.61754,0.64779,0.40065,1.55439,0.81251,0.92265,0.40065,0.00302,0.00302,0.00302
162,9848.3,1.56716,0.83678,0.92718,0.70197,0.61764,0.64865,0.40148,1.55176,0.81056,0.92205,0.40148,0.00300762,0.00300762,0.00300762
163,9967.92,1.56326,0.84063,0.93123,0.69919,0.61849,0.64889,0.40219,1.5493,0.80896,0.92149,0.40219,0.00299525,0.00299525,0.00299525
164,10004.9,1.55995,0.83597,0.93005,0.69917,0.62023,0.65041,0.40269,1.54721,0.80748,0.92107,0.40269,0.00298288,0.00298288,0.00298288
165,10062.1,1.55649,0.83354,0.92686,0.70091,0.62039,0.65082,0.40314,1.54576,0.80594,0.92054,0.40314,0.0029705,0.0029705,0.0029705
166,10092,1.54914,0.82765,0.92572,0.69999,0.62023,0.65077,0.40418,1.54407,0.80441,0.92009,0.40418,0.00295813,0.00295813,0.00295813
167,10124.1,1.5503,0.82762,0.93006,0.69816,0.62102,0.65161,0.40477,1.54191,0.80291,0.91968,0.40477,0.00294575,0.00294575,0.00294575
168,10156.5,1.55038,0.82951,0.92889,0.70065,0.62278,0.65284,0.40552,1.53945,0.80156,0.91912,0.40552,0.00293338,0.00293338,0.00293338
169,10191.6,1.5531,0.83004,0.9298,0.70149,0.62273,0.65321,0.4063,1.53737,0.79989,0.91868,0.4063,0.002921,0.002921,0.002921
170,10226.2,1.54406,0.83155,0.92962,0.70303,0.62394,0.65425,0.40697,1.53503,0.79764,0.9182,0.40697,0.00290863,0.00290863,0.00290863
171,10261.9,1.54281,0.82308,0.92335,0.70147,0.62455,0.65427,0.40742,1.53201,0.79605,0.91751,0.40742,0.00289625,0.00289625,0.00289625
172,10294.5,1.5401,0.81875,0.92522,0.69997,0.62535,0.65528,0.40851,1.5289,0.7938,0.91693,0.40851,0.00288388,0.00288388,0.00288388
173,10429.1,1.54335,0.82739,0.9243,0.70126,0.62501,0.65556,0.40878,1.52642,0.79234,0.91631,0.40878,0.0028715,0.0028715,0.0028715
174,10565.1,1.5318,0.81585,0.92376,0.70137,0.62479,0.65629,0.40971,1.5238,0.79093,0.91578,0.40971,0.00285913,0.00285913,0.00285913
175,10636.1,1.53575,0.81952,0.92306,0.70347,0.62476,0.65648,0.40983,1.52143,0.78964,0.91515,0.40983,0.00284675,0.00284675,0.00284675
176,10673.4,1.52282,0.80925,0.92214,0.70385,0.62668,0.65703,0.41031,1.51936,0.78779,0.91469,0.41031,0.00283438,0.00283438,0.00283438
177,10712.2,1.53202,0.80971,0.92434,0.70617,0.62497,0.65763,0.41084,1.51729,0.78629,0.91419,0.41084,0.002822,0.002822,0.002822
178,10749.5,1.52847,0.81033,0.92099,0.70616,0.62616,0.65853,0.41182,1.51505,0.78466,0.91367,0.41182,0.00280963,0.00280963,0.00280963
179,10817.2,1.52032,0.81261,0.91914,0.70718,0.62708,0.65948,0.41273,1.51226,0.78333,0.91308,0.41273,0.00279725,0.00279725,0.00279725
180,10858,1.51731,0.80635,0.92284,0.70422,0.63199,0.66145,0.41356,1.51019,0.7812,0.91268,0.41356,0.00278488,0.00278488,0.00278488
181,10896.3,1.51303,0.80497,0.91934,0.70743,0.63175,0.6626,0.41416,1.50788,0.7796,0.91216,0.41416,0.0027725,0.0027725,0.0027725
182,10934.4,1.51839,0.80879,0.92025,0.70621,0.63137,0.6625,0.41464,1.50524,0.77794,0.91171,0.41464,0.00276012,0.00276012,0.00276012
183,10973.4,1.51031,0.803,0.91867,0.71033,0.63318,0.66414,0.41542,1.50314,0.7769,0.91121,0.41542,0.00274775,0.00274775,0.00274775
184,11011.3,1.51394,0.80521,0.91993,0.70544,0.63416,0.66392,0.41584,1.50075,0.77518,0.91068,0.41584,0.00273537,0.00273537,0.00273537
185,11049,1.50719,0.80037,0.91862,0.71059,0.63167,0.6638,0.4163,1.49896,0.77369,0.91027,0.4163,0.002723,0.002723,0.002723
186,11097.3,1.50193,0.79655,0.91488,0.71175,0.63345,0.66472,0.41672,1.49686,0.77228,0.90986,0.41672,0.00271062,0.00271062,0.00271062
187,11133.5,1.49765,0.79183,0.91382,0.71261,0.63388,0.66552,0.41728,1.49511,0.77067,0.90945,0.41728,0.00269825,0.00269825,0.00269825
188,11191.4,1.49137,0.78765,0.91521,0.71335,0.63646,0.66631,0.41776,1.49293,0.76922,0.90903,0.41776,0.00268587,0.00268587,0.00268587
189,11287.5,1.49263,0.78841,0.91383,0.7174,0.63589,0.66722,0.41869,1.49095,0.76777,0.90859,0.41869,0.0026735,0.0026735,0.0026735
190,11388.7,1.49533,0.78846,0.91489,0.71849,0.63665,0.66807,0.41968,1.48783,0.76616,0.90807,0.41968,0.00266113,0.00266113,0.00266113
191,11428.1,1.49381,0.79224,0.91471,0.71718,0.6388,0.66854,0.42012,1.48607,0.76476,0.90756,0.42012,0.00264875,0.00264875,0.00264875
192,11460.9,1.49996,0.78789,0.91595,0.71619,0.63816,0.6692,0.42058,1.48414,0.76325,0.90729,0.42058,0.00263637,0.00263637,0.00263637
193,11500.7,1.49037,0.78982,0.91368,0.71922,0.63949,0.67119,0.42149,1.48169,0.76191,0.90693,0.42149,0.002624,0.002624,0.002624
194,11533,1.48893,0.78934,0.91359,0.71977,0.63985,0.67193,0.42211,1.4798,0.76041,0.90633,0.42211,0.00261163,0.00261163,0.00261163
195,11566.2,1.48991,0.7897,0.91033,0.72076,0.6403,0.67221,0.42265,1.47808,0.75875,0.90612,0.42265,0.00259925,0.00259925,0.00259925
196,11598.8,1.48139,0.78438,0.9109,0.72126,0.64219,0.67346,0.4235,1.47605,0.75747,0.90571,0.4235,0.00258687,0.00258687,0.00258687
197,11632.9,1.48502,0.78061,0.91097,0.7206,0.64412,0.67416,0.42406,1.47434,0.75601,0.90533,0.42406,0.0025745,0.0025745,0.0025745
198,11673.3,1.488,0.77957,0.91301,0.72288,0.64571,0.67499,0.42449,1.47209,0.75435,0.90493,0.42449,0.00256213,0.00256213,0.00256213
199,11706.4,1.48232,0.78109,0.91515,0.72077,0.64549,0.67485,0.42547,1.46964,0.753,0.90462,0.42547,0.00254975,0.00254975,0.00254975
200,11741.1,1.46893,0.77809,0.91065,0.72226,0.64708,0.67539,0.42622,1.46766,0.75169,0.9041,0.42622,0.00253737,0.00253737,0.00253737
201,11792.8,1.48181,0.78126,0.90988,0.72216,0.64719,0.6756,0.42669,1.46523,0.75026,0.90381,0.42669,0.002525,0.002525,0.002525
202,11849.1,1.47008,0.77566,0.91111,0.72478,0.64838,0.67745,0.42772,1.46293,0.74877,0.90335,0.42772,0.00251263,0.00251263,0.00251263
203,11879.7,1.46971,0.77278,0.90685,0.72559,0.64872,0.67777,0.42799,1.46062,0.74734,0.90295,0.42799,0.00250025,0.00250025,0.00250025
204,11912.5,1.46637,0.77272,0.90983,0.72474,0.6495,0.6786,0.42896,1.45896,0.74617,0.90257,0.42896,0.00248788,0.00248788,0.00248788
205,11944.4,1.46058,0.76645,0.90672,0.72714,0.6503,0.67944,0.42903,1.45725,0.74524,0.90229,0.42903,0.0024755,0.0024755,0.0024755
206,11976.6,1.47007,0.76969,0.90865,0.72721,0.65119,0.68059,0.43028,1.45488,0.74346,0.90194,0.43028,0.00246313,0.00246313,0.00246313
207,12009.1,1.47286,0.77573,0.9102,0.72815,0.65194,0.68173,0.43125,1.45224,0.74209,0.90147,0.43125,0.00245075,0.00245075,0.00245075
208,12041.9,1.46287,0.76801,0.90862,0.72722,0.65181,0.68151,0.43133,1.45031,0.74042,0.90109,0.43133,0.00243838,0.00243838,0.00243838
209,12073.8,1.45067,0.75964,0.90758,0.72814,0.65227,0.68221,0.43191,1.44895,0.73959,0.90082,0.43191,0.002426,0.002426,0.002426
210,12125,1.45137,0.76101,0.90606,0.72875,0.65259,0.68248,0.43234,1.44644,0.73815,0.90045,0.43234,0.00241362,0.00241362,0.00241362
211,12252,1.44463,0.76182,0.9081,0.72666,0.65359,0.6829,0.43333,1.44488,0.73685,0.9001,0.43333,0.00240125,0.00240125,0.00240125
212,12290.5,1.44429,0.75557,0.90676,0.72885,0.65466,0.68406,0.43395,1.44295,0.73527,0.89979,0.43395,0.00238888,0.00238888,0.00238888
213,12341.9,1.44761,0.75943,0.90536,0.72874,0.65518,0.68468,0.4345,1.44063,0.7341,0.89931,0.4345,0.0023765,0.0023765,0.0023765
214,12377.4,1.44183,0.75664,0.90356,0.7317,0.65464,0.68551,0.43519,1.43843,0.73256,0.89906,0.43519,0.00236413,0.00236413,0.00236413
215,12409.4,1.44351,0.75974,0.90215,0.72856,0.65577,0.68591,0.43596,1.43672,0.73146,0.89867,0.43596,0.00235175,0.00235175,0.00235175
216,12442.7,1.44724,0.75976,0.90579,0.73354,0.65608,0.68748,0.43673,1.43447,0.73012,0.89835,0.43673,0.00233938,0.00233938,0.00233938
217,12477.6,1.44167,0.75604,0.90531,0.73516,0.6561,0.68846,0.43724,1.43272,0.7291,0.89799,0.43724,0.002327,0.002327,0.002327
218,12515.5,1.43636,0.75124,0.90183,0.73832,0.65541,0.68881,0.43843,1.43091,0.72796,0.89776,0.43843,0.00231463,0.00231463,0.00231463
219,12553.3,1.43355,0.75121,0.9026,0.73829,0.65575,0.68993,0.43907,1.42881,0.72659,0.89734,0.43907,0.00230225,0.00230225,0.00230225
220,12590.2,1.43737,0.75279,0.90192,0.74034,0.65649,0.69103,0.43953,1.42671,0.72577,0.89681,0.43953,0.00228988,0.00228988,0.00228988
221,12649.8,1.43424,0.75136,0.90419,0.74183,0.65712,0.6924,0.44025,1.42423,0.72424,0.89653,0.44025,0.0022775,0.0022775,0.0022775
222,12688.7,1.42649,0.7467,0.9008,0.74312,0.65852,0.69329,0.44084,1.42269,0.72318,0.89622,0.44084,0.00226513,0.00226513,0.00226513
223,12771.5,1.43331,0.74861,0.90249,0.74243,0.65823,0.69364,0.4409,1.42093,0.72215,0.89589,0.4409,0.00225275,0.00225275,0.00225275
224,12834.8,1.42481,0.74702,0.90064,0.74414,0.65975,0.6948,0.44171,1.41972,0.72111,0.89552,0.44171,0.00224038,0.00224038,0.00224038
225,12873.5,1.4319,0.74794,0.902,0.74378,0.66021,0.69513,0.44213,1.41844,0.72003,0.89529,0.44213,0.002228,0.002228,0.002228
226,12960.8,1.42431,0.74253,0.90239,0.74392,0.66092,0.69617,0.44329,1.41671,0.71893,0.89509,0.44329,0.00221563,0.00221563,0.00221563
227,13004.6,1.43416,0.74619,0.90037,0.74584,0.66016,0.69658,0.44353,1.41527,0.71773,0.89474,0.44353,0.00220325,0.00220325,0.00220325
228,13051,1.41805,0.73728,0.89825,0.75146,0.65935,0.69729,0.44449,1.41345,0.71663,0.8944,0.44449,0.00219088,0.00219088,0.00219088
229,13092.9,1.41928,0.74329,0.90036,0.75261,0.66091,0.69836,0.44511,1.41157,0.71546,0.89409,0.44511,0.0021785,0.0021785,0.0021785
230,13195.1,1.42196,0.73985,0.89758,0.75307,0.66158,0.699,0.44602,1.40977,0.71399,0.8938,0.44602,0.00216613,0.00216613,0.00216613
231,13242.7,1.41285,0.73623,0.89777,0.75316,0.66169,0.69888,0.44648,1.40811,0.71293,0.8935,0.44648,0.00215375,0.00215375,0.00215375
232,13285.4,1.40523,0.73189,0.89501,0.75374,0.66243,0.69969,0.44693,1.40685,0.71195,0.89335,0.44693,0.00214138,0.00214138,0.00214138
233,13326.8,1.40852,0.73265,0.89404,0.75524,0.6628,0.70033,0.44777,1.40468,0.71068,0.89292,0.44777,0.002129,0.002129,0.002129
234,13368.3,1.40032,0.73143,0.89407,0.75387,0.66249,0.70062,0.44859,1.4029,0.70966,0.89264,0.44859,0.00211663,0.00211663,0.00211663
235,13409.1,1.40585,0.73257,0.89711,0.75415,0.66261,0.70138,0.44904,1.40087,0.70842,0.89215,0.44904,0.00210425,0.00210425,0.00210425
236,13456.4,1.40278,0.72773,0.89496,0.75529,0.6638,0.70182,0.45011,1.3989,0.70701,0.89179,0.45011,0.00209187,0.00209187,0.00209187
237,13498.4,1.39878,0.725,0.8939,0.75475,0.66522,0.7024,0.45017,1.39717,0.70619,0.89146,0.45017,0.0020795,0.0020795,0.0020795
238,13589.2,1.39419,0.72568,0.89451,0.75216,0.66539,0.70267,0.45012,1.39557,0.70549,0.89109,0.45012,0.00206712,0.00206712,0.00206712
239,13688.7,1.40011,0.7258,0.89324,0.75438,0.66543,0.70275,0.45046,1.39389,0.70422,0.89079,0.45046,0.00205475,0.00205475,0.00205475
240,13758,1.39596,0.72702,0.89204,0.75732,0.66509,0.70361,0.45118,1.39205,0.7033,0.89037,0.45118,0.00204237,0.00204237,0.00204237
241,13810.9,1.40091,0.72711,0.8931,0.75711,0.6664,0.70455,0.45196,1.39039,0.70206,0.89001,0.45196,0.00203,0.00203,0.00203
242,13849.2,1.396,0.72027,0.88926,0.75511,0.66714,0.70467,0.45219,1.38915,0.70074,0.88965,0.45219,0.00201762,0.00201762,0.00201762
243,13891,1.38547,0.72017,0.8919,0.75838,0.66772,0.70514,0.45279,1.38727,0.69986,0.88929,0.45279,0.00200525,0.00200525,0.00200525
244,13932.5,1.39,0.71902,0.89193,0.75676,0.66978,0.70657,0.45287,1.38561,0.69907,0.88893,0.45287,0.00199287,0.00199287,0.00199287
245,13973.5,1.37244,0.71095,0.89035,0.75591,0.66975,0.70634,0.45347,1.38457,0.69774,0.88871,0.45347,0.0019805,0.0019805,0.0019805
246,14026.7,1.38826,0.72028,0.89256,0.75496,0.6703,0.70697,0.45378,1.38282,0.69669,0.88844,0.45378,0.00196812,0.00196812,0.00196812
247,14067.9,1.38506,0.71834,0.89003,0.75702,0.67068,0.70748,0.45501,1.38126,0.69561,0.888,0.45501,0.00195575,0.00195575,0.00195575
248,14132,1.38098,0.71841,0.89095,0.75866,0.67226,0.70933,0.45572,1.37941,0.69418,0.88778,0.45572,0.00194337,0.00194337,0.00194337
249,14175,1.37396,0.70875,0.88935,0.75663,0.67201,0.70903,0.45605,1.37908,0.69328,0.88757,0.45605,0.001931,0.001931,0.001931
250,14261.2,1.38387,0.71778,0.88969,0.75757,0.67358,0.71043,0.45689,1.37771,0.69264,0.88732,0.45689,0.00191862,0.00191862,0.00191862
251,14303.4,1.37334,0.71354,0.8883,0.75501,0.67427,0.71117,0.45714,1.37598,0.69132,0.88696,0.45714,0.00190625,0.00190625,0.00190625
252,14346,1.36751,0.71061,0.88701,0.75582,0.67393,0.71112,0.45812,1.37446,0.69047,0.88665,0.45812,0.00189388,0.00189388,0.00189388
253,14397.5,1.37381,0.71314,0.89008,0.75573,0.67502,0.71108,0.45807,1.37262,0.68955,0.88626,0.45807,0.0018815,0.0018815,0.0018815
254,14440.5,1.36989,0.70657,0.88853,0.75523,0.67675,0.71247,0.45912,1.37119,0.68835,0.88605,0.45912,0.00186913,0.00186913,0.00186913
255,14482.3,1.35962,0.70496,0.88383,0.75537,0.6772,0.71296,0.45941,1.3693,0.68701,0.88568,0.45941,0.00185675,0.00185675,0.00185675
256,14522.5,1.36547,0.70402,0.88725,0.75878,0.67732,0.7138,0.45998,1.36813,0.68634,0.88549,0.45998,0.00184438,0.00184438,0.00184438
257,14572.4,1.35769,0.70225,0.88674,0.75861,0.67777,0.71452,0.46026,1.36616,0.68523,0.88514,0.46026,0.001832,0.001832,0.001832
258,14613.6,1.35912,0.70269,0.88565,0.75801,0.67802,0.71482,0.46057,1.36469,0.68439,0.88492,0.46057,0.00181963,0.00181963,0.00181963
259,14663.2,1.36238,0.70672,0.88877,0.75922,0.67935,0.71649,0.46147,1.36286,0.68324,0.88463,0.46147,0.00180725,0.00180725,0.00180725
260,14704.2,1.36066,0.70702,0.88714,0.75809,0.67968,0.71685,0.46193,1.36222,0.68303,0.8845,0.46193,0.00179488,0.00179488,0.00179488
261,14757.9,1.36113,0.70232,0.88454,0.75952,0.68086,0.71667,0.462,1.36107,0.6822,0.88427,0.462,0.0017825,0.0017825,0.0017825
262,14801.1,1.35491,0.69949,0.88609,0.7583,0.68211,0.71757,0.46215,1.35967,0.68115,0.8841,0.46215,0.00177013,0.00177013,0.00177013
263,14847.1,1.3501,0.69554,0.88522,0.75975,0.68127,0.71825,0.4622,1.35801,0.68041,0.88375,0.4622,0.00175775,0.00175775,0.00175775
264,14888.4,1.35301,0.69415,0.88324,0.76145,0.68238,0.71856,0.46271,1.35731,0.67954,0.88364,0.46271,0.00174538,0.00174538,0.00174538
265,14939.2,1.35745,0.69793,0.88568,0.76254,0.6814,0.71915,0.46384,1.35609,0.67871,0.88335,0.46384,0.001733,0.001733,0.001733
266,15027.1,1.34835,0.6965,0.88316,0.76325,0.68338,0.72004,0.4642,1.35517,0.67809,0.88321,0.4642,0.00172063,0.00172063,0.00172063
267,15145.6,1.34376,0.69202,0.88325,0.76286,0.68366,0.71973,0.46427,1.3541,0.67713,0.88297,0.46427,0.00170825,0.00170825,0.00170825
268,15219.3,1.34571,0.69165,0.8823,0.76214,0.6837,0.72057,0.46496,1.35311,0.67632,0.88274,0.46496,0.00169588,0.00169588,0.00169588
269,15264.8,1.33685,0.68725,0.8821,0.76272,0.68333,0.72084,0.46555,1.35187,0.67531,0.88255,0.46555,0.0016835,0.0016835,0.0016835
270,15299.9,1.33828,0.68883,0.88258,0.76562,0.68461,0.72078,0.46573,1.3505,0.6742,0.88235,0.46573,0.00167113,0.00167113,0.00167113
271,15333.6,1.33799,0.69059,0.88079,0.76706,0.685,0.72189,0.46642,1.34963,0.67348,0.8821,0.46642,0.00165875,0.00165875,0.00165875
272,15368,1.33418,0.68643,0.88226,0.7703,0.68481,0.72231,0.46683,1.34837,0.67271,0.88194,0.46683,0.00164638,0.00164638,0.00164638
273,15401.9,1.33571,0.68552,0.88325,0.77,0.68547,0.72255,0.46796,1.34672,0.67209,0.88179,0.46796,0.001634,0.001634,0.001634
274,15435.8,1.32918,0.68639,0.88038,0.7713,0.68569,0.72343,0.46771,1.34591,0.67107,0.8816,0.46771,0.00162163,0.00162163,0.00162163
275,15470,1.32373,0.68214,0.87665,0.77214,0.68664,0.72419,0.46816,1.34525,0.67042,0.88145,0.46816,0.00160925,0.00160925,0.00160925
276,15580.4,1.324,0.67969,0.87843,0.77193,0.68723,0.72467,0.46848,1.34391,0.66936,0.88117,0.46848,0.00159688,0.00159688,0.00159688
277,15664.3,1.33022,0.68236,0.88006,0.77258,0.68738,0.72592,0.46893,1.34313,0.66847,0.88102,0.46893,0.0015845,0.0015845,0.0015845
278,15746.5,1.31757,0.67814,0.87742,0.7764,0.68602,0.72585,0.46905,1.34241,0.66783,0.88078,0.46905,0.00157213,0.00157213,0.00157213
279,15803.2,1.32785,0.68141,0.87867,0.7781,0.6866,0.72656,0.46932,1.34169,0.66742,0.88059,0.46932,0.00155975,0.00155975,0.00155975
280,15843.5,1.31579,0.6755,0.87694,0.77734,0.68874,0.72694,0.4694,1.34031,0.66639,0.88033,0.4694,0.00154738,0.00154738,0.00154738
281,15931.4,1.32067,0.67867,0.8761,0.77895,0.68865,0.72808,0.47005,1.33949,0.66565,0.88012,0.47005,0.001535,0.001535,0.001535
282,15999.5,1.31768,0.68056,0.88041,0.77741,0.68903,0.72845,0.47103,1.33812,0.66486,0.87992,0.47103,0.00152262,0.00152262,0.00152262
283,16108.9,1.31937,0.67447,0.87679,0.77647,0.68947,0.72835,0.47111,1.33697,0.66401,0.87977,0.47111,0.00151025,0.00151025,0.00151025
284,16196.8,1.30572,0.67115,0.87344,0.77774,0.68866,0.72917,0.47182,1.33589,0.66347,0.87962,0.47182,0.00149787,0.00149787,0.00149787
285,16239.3,1.30116,0.66687,0.87415,0.77646,0.68919,0.72993,0.47206,1.33441,0.66277,0.87934,0.47206,0.0014855,0.0014855,0.0014855
286,16280.6,1.30969,0.67033,0.87435,0.77438,0.69081,0.73053,0.47243,1.33276,0.66178,0.87912,0.47243,0.00147312,0.00147312,0.00147312
287,16324.7,1.31089,0.67192,0.8777,0.77373,0.69079,0.73081,0.4733,1.33144,0.66051,0.8789,0.4733,0.00146075,0.00146075,0.00146075
288,16368.8,1.30837,0.67373,0.87558,0.77522,0.69047,0.73129,0.47338,1.33052,0.65998,0.87876,0.47338,0.00144837,0.00144837,0.00144837
289,16435.3,1.30868,0.66724,0.87834,0.77735,0.6921,0.73281,0.47387,1.32932,0.65891,0.87854,0.47387,0.001436,0.001436,0.001436
290,16506.4,1.30373,0.66857,0.87482,0.77788,0.69076,0.73262,0.47454,1.32892,0.6582,0.87846,0.47454,0.00142362,0.00142362,0.00142362
291,16599.9,1.30461,0.66911,0.87536,0.77767,0.69232,0.73289,0.47534,1.32808,0.65763,0.87838,0.47534,0.00141125,0.00141125,0.00141125
292,16645,1.2953,0.66195,0.87416,0.77577,0.69309,0.73333,0.4752,1.32732,0.65712,0.87817,0.4752,0.00139887,0.00139887,0.00139887
293,16687.3,1.29731,0.66594,0.87288,0.77571,0.69366,0.73395,0.47559,1.32681,0.65631,0.87807,0.47559,0.0013865,0.0013865,0.0013865
294,16730.5,1.29575,0.66358,0.8725,0.77702,0.6944,0.73468,0.47606,1.32613,0.65574,0.87792,0.47606,0.00137412,0.00137412,0.00137412
295,16776.9,1.2966,0.66233,0.87206,0.77672,0.69519,0.7354,0.47647,1.32455,0.6549,0.8777,0.47647,0.00136175,0.00136175,0.00136175
296,16825,1.2825,0.6564,0.87113,0.77556,0.69588,0.73571,0.47729,1.32455,0.65441,0.87764,0.47729,0.00134937,0.00134937,0.00134937
297,16868,1.28069,0.65593,0.87164,0.77395,0.69573,0.73539,0.47752,1.32347,0.65365,0.87748,0.47752,0.001337,0.001337,0.001337
298,16953,1.28002,0.6556,0.87029,0.77528,0.69582,0.73631,0.47806,1.32199,0.65289,0.87729,0.47806,0.00132462,0.00132462,0.00132462
299,16996.8,1.27913,0.65604,0.8719,0.77677,0.6961,0.737,0.47851,1.32095,0.65177,0.87726,0.47851,0.00131225,0.00131225,0.00131225
300,17088.8,1.28581,0.65521,0.86853,0.77491,0.69653,0.73688,0.47921,1.31945,0.65093,0.87693,0.47921,0.00129987,0.00129987,0.00129987
301,17131.1,1.27971,0.65512,0.86648,0.77614,0.69759,0.73743,0.47944,1.31844,0.64983,0.87683,0.47944,0.0012875,0.0012875,0.0012875
302,17172.3,1.28305,0.65932,0.87011,0.77387,0.69875,0.73832,0.47978,1.31727,0.64908,0.87671,0.47978,0.00127513,0.00127513,0.00127513
303,17215.9,1.28214,0.6561,0.87058,0.77444,0.69849,0.73846,0.48001,1.31594,0.64838,0.87655,0.48001,0.00126275,0.00126275,0.00126275
304,17260.4,1.27649,0.65149,0.87018,0.7737,0.6996,0.73918,0.4809,1.31501,0.64749,0.87636,0.4809,0.00125038,0.00125038,0.00125038
305,17303.8,1.26784,0.64867,0.86699,0.77382,0.69897,0.73943,0.48139,1.31415,0.64658,0.87618,0.48139,0.001238,0.001238,0.001238
306,17353.7,1.27241,0.6506,0.86911,0.7745,0.69947,0.73993,0.48173,1.31293,0.64616,0.87605,0.48173,0.00122563,0.00122563,0.00122563
307,17449.6,1.2662,0.64539,0.86805,0.77472,0.7015,0.74088,0.48195,1.3118,0.6456,0.87585,0.48195,0.00121325,0.00121325,0.00121325
308,17497.3,1.26165,0.64578,0.86722,0.77677,0.70038,0.74086,0.48254,1.31119,0.64524,0.87569,0.48254,0.00120088,0.00120088,0.00120088
309,17542.4,1.26823,0.6488,0.86825,0.77619,0.70094,0.74088,0.48298,1.31016,0.64455,0.87548,0.48298,0.0011885,0.0011885,0.0011885
310,17586.3,1.25814,0.64145,0.864,0.77725,0.7019,0.74141,0.48319,1.3091,0.64401,0.87527,0.48319,0.00117613,0.00117613,0.00117613
311,17630.9,1.25993,0.64286,0.86286,0.77802,0.70228,0.7418,0.48332,1.30845,0.64322,0.87519,0.48332,0.00116375,0.00116375,0.00116375
312,17674.3,1.2644,0.64842,0.86426,0.7756,0.70633,0.74196,0.48339,1.30811,0.6426,0.87511,0.48339,0.00115138,0.00115138,0.00115138
313,17774.7,1.25662,0.64275,0.86458,0.77582,0.70701,0.74227,0.48387,1.30775,0.64195,0.87508,0.48387,0.001139,0.001139,0.001139
314,17886,1.24805,0.63965,0.86642,0.77691,0.70598,0.74234,0.48423,1.30706,0.64148,0.87491,0.48423,0.00112663,0.00112663,0.00112663
315,17962.5,1.25153,0.63886,0.86429,0.77514,0.70846,0.74297,0.48432,1.30596,0.64039,0.87471,0.48432,0.00111425,0.00111425,0.00111425
316,18006.2,1.24964,0.63691,0.86614,0.77445,0.70821,0.74254,0.48506,1.30531,0.63993,0.87459,0.48506,0.00110188,0.00110188,0.00110188
317,18049.2,1.24358,0.6367,0.86295,0.77557,0.70796,0.74294,0.48538,1.3038,0.63906,0.87436,0.48538,0.0010895,0.0010895,0.0010895
318,18091.6,1.24707,0.63686,0.86593,0.77546,0.70828,0.74362,0.48574,1.30276,0.63832,0.87418,0.48574,0.00107713,0.00107713,0.00107713
319,18134,1.23346,0.63105,0.86278,0.77655,0.70916,0.74444,0.486,1.30243,0.63792,0.87409,0.486,0.00106475,0.00106475,0.00106475
320,18175.6,1.24151,0.63256,0.86461,0.77461,0.71067,0.74457,0.4864,1.30101,0.63717,0.87393,0.4864,0.00105238,0.00105238,0.00105238
321,18217.1,1.23528,0.6295,0.86155,0.7758,0.71005,0.74459,0.48698,1.29964,0.63644,0.87374,0.48698,0.00104,0.00104,0.00104
322,18258.3,1.24303,0.63344,0.86474,0.77562,0.71063,0.74515,0.48748,1.29874,0.63548,0.87352,0.48748,0.00102763,0.00102763,0.00102763
323,18299.6,1.22647,0.62679,0.85938,0.77581,0.71123,0.74624,0.48773,1.29764,0.63491,0.87333,0.48773,0.00101525,0.00101525,0.00101525
324,18355.5,1.22957,0.62638,0.85942,0.77342,0.71144,0.74588,0.48797,1.29671,0.63424,0.87316,0.48797,0.00100288,0.00100288,0.00100288
325,18423.9,1.23209,0.62706,0.86111,0.77848,0.71245,0.7474,0.48887,1.29557,0.63341,0.87298,0.48887,0.0009905,0.0009905,0.0009905
326,18471.9,1.23447,0.62784,0.86267,0.77645,0.71263,0.74718,0.48851,1.2942,0.63271,0.87271,0.48851,0.000978125,0.000978125,0.000978125
327,18514.7,1.22664,0.62301,0.86129,0.77671,0.7132,0.74783,0.48893,1.29312,0.63189,0.87252,0.48893,0.00096575,0.00096575,0.00096575
328,18558.2,1.22621,0.62519,0.86201,0.77698,0.71291,0.74765,0.48929,1.2924,0.6314,0.8723,0.48929,0.000953375,0.000953375,0.000953375
329,18601.2,1.22205,0.62388,0.86265,0.7797,0.71335,0.74905,0.48965,1.29116,0.63055,0.87211,0.48965,0.000941,0.000941,0.000941
330,18644.1,1.21576,0.62055,0.85863,0.77752,0.71445,0.74879,0.48995,1.28972,0.62975,0.87187,0.48995,0.000928625,0.000928625,0.000928625
331,18742.3,1.22521,0.62612,0.85676,0.77843,0.7148,0.74983,0.4904,1.28894,0.62888,0.87175,0.4904,0.00091625,0.00091625,0.00091625
332,18830.5,1.21559,0.62115,0.86142,0.77862,0.71462,0.74976,0.49043,1.28797,0.62832,0.8716,0.49043,0.000903875,0.000903875,0.000903875
333,18927,1.22036,0.62047,0.86018,0.77897,0.71426,0.75018,0.49085,1.28725,0.62794,0.8715,0.49085,0.0008915,0.0008915,0.0008915
334,18974.8,1.22038,0.62313,0.85805,0.77948,0.71478,0.75047,0.49082,1.28612,0.62714,0.87143,0.49082,0.000879125,0.000879125,0.000879125
335,19034.3,1.21304,0.6147,0.86014,0.78025,0.71556,0.75054,0.49123,1.28523,0.62679,0.87121,0.49123,0.00086675,0.00086675,0.00086675
336,19078.1,1.21143,0.61581,0.85723,0.78017,0.71603,0.75148,0.49194,1.28418,0.62594,0.87113,0.49194,0.000854375,0.000854375,0.000854375
337,19121.7,1.20833,0.61428,0.85832,0.77819,0.71686,0.75207,0.49247,1.28344,0.62539,0.87094,0.49247,0.000842,0.000842,0.000842
338,19164.1,1.19673,0.60915,0.85681,0.77941,0.71626,0.75198,0.49237,1.28233,0.62486,0.8708,0.49237,0.000829625,0.000829625,0.000829625
339,19219.6,1.20596,0.61586,0.85731,0.77594,0.71772,0.75268,0.4929,1.28144,0.62422,0.87067,0.4929,0.00081725,0.00081725,0.00081725
340,19275.1,1.19736,0.61112,0.85313,0.77806,0.71829,0.7532,0.49345,1.28116,0.62408,0.87061,0.49345,0.000804875,0.000804875,0.000804875
341,19345.4,1.1975,0.61038,0.85407,0.78143,0.71748,0.7534,0.49319,1.28116,0.62337,0.87051,0.49319,0.0007925,0.0007925,0.0007925
342,19400.6,1.19953,0.60906,0.85672,0.78149,0.71782,0.75365,0.49335,1.2803,0.62302,0.87041,0.49335,0.000780125,0.000780125,0.000780125
343,19451.6,1.192,0.6085,0.85482,0.78,0.71851,0.75353,0.49348,1.28058,0.62254,0.87039,0.49348,0.00076775,0.00076775,0.00076775
344,19483.8,1.19824,0.61094,0.85636,0.7783,0.71977,0.75373,0.49346,1.27988,0.62205,0.87036,0.49346,0.000755375,0.000755375,0.000755375
345,19514.9,1.18764,0.60345,0.85263,0.77941,0.72048,0.75502,0.49385,1.27874,0.62138,0.87013,0.49385,0.000743,0.000743,0.000743
346,19590,1.18542,0.60413,0.8543,0.77859,0.71972,0.7543,0.49448,1.27784,0.62095,0.86995,0.49448,0.000730625,0.000730625,0.000730625
347,19626.3,1.18569,0.60289,0.85464,0.78502,0.71884,0.75493,0.49473,1.2776,0.62029,0.86994,0.49473,0.00071825,0.00071825,0.00071825
348,19676,1.18828,0.60285,0.85445,0.7833,0.72007,0.75557,0.49544,1.27688,0.61992,0.86978,0.49544,0.000705875,0.000705875,0.000705875
349,19733.5,1.18357,0.59865,0.85308,0.78184,0.72113,0.75593,0.49587,1.27591,0.61955,0.86974,0.49587,0.0006935,0.0006935,0.0006935
350,19789.3,1.18761,0.60456,0.85169,0.78174,0.72143,0.75632,0.4961,1.27461,0.61883,0.86959,0.4961,0.000681125,0.000681125,0.000681125
351,19837.9,1.18511,0.60043,0.8516,0.78304,0.72191,0.75755,0.49646,1.27384,0.61836,0.86948,0.49646,0.00066875,0.00066875,0.00066875
352,19878.8,1.17602,0.59679,0.85187,0.78318,0.72223,0.75765,0.4963,1.27263,0.61782,0.86932,0.4963,0.000656375,0.000656375,0.000656375
353,19923.7,1.16972,0.59361,0.85116,0.78476,0.72179,0.75808,0.49657,1.27226,0.61741,0.86928,0.49657,0.000644,0.000644,0.000644
354,19967.9,1.16909,0.59598,0.85288,0.78647,0.72192,0.75882,0.49686,1.27182,0.6171,0.86916,0.49686,0.000631625,0.000631625,0.000631625
355,20013.6,1.17046,0.59444,0.84876,0.78923,0.71997,0.7588,0.49699,1.27182,0.61673,0.86919,0.49699,0.00061925,0.00061925,0.00061925
356,20059.6,1.17233,0.59602,0.85262,0.78637,0.72112,0.75883,0.49689,1.27197,0.61636,0.86914,0.49689,0.000606875,0.000606875,0.000606875
357,20164.1,1.16057,0.59244,0.85131,0.79047,0.72067,0.75942,0.49702,1.27053,0.61595,0.86893,0.49702,0.0005945,0.0005945,0.0005945
358,20222,1.16364,0.59095,0.8515,0.79311,0.72072,0.76028,0.49737,1.2696,0.6152,0.86882,0.49737,0.000582125,0.000582125,0.000582125
359,20269.3,1.16235,0.59275,0.85053,0.7892,0.72167,0.76071,0.49782,1.2686,0.61439,0.86866,0.49782,0.00056975,0.00056975,0.00056975
360,20318.4,1.15504,0.5879,0.84933,0.79325,0.72105,0.76121,0.49824,1.26811,0.61404,0.86866,0.49824,0.000557375,0.000557375,0.000557375
361,20435.7,1.16161,0.58796,0.84794,0.79342,0.72167,0.76138,0.49884,1.26725,0.61318,0.86854,0.49884,0.000545,0.000545,0.000545
362,20573.1,1.15507,0.58681,0.84872,0.7943,0.72254,0.7619,0.49867,1.26681,0.61283,0.86845,0.49867,0.000532625,0.000532625,0.000532625
363,20625.9,1.16555,0.59068,0.84832,0.79596,0.72253,0.76257,0.49908,1.26666,0.61255,0.8684,0.49908,0.00052025,0.00052025,0.00052025
364,20677.9,1.15769,0.58534,0.8487,0.78954,0.72496,0.7629,0.4994,1.26602,0.612,0.86824,0.4994,0.000507875,0.000507875,0.000507875
365,20728.1,1.15254,0.58766,0.84904,0.7891,0.72474,0.76294,0.4993,1.26508,0.61137,0.86811,0.4993,0.0004955,0.0004955,0.0004955
366,20798.1,1.15598,0.59427,0.84821,0.78969,0.72545,0.7632,0.50007,1.26408,0.61095,0.86795,0.50007,0.000483125,0.000483125,0.000483125
367,20858.8,1.15033,0.58708,0.84831,0.78871,0.7258,0.76355,0.50038,1.26323,0.61064,0.86774,0.50038,0.00047075,0.00047075,0.00047075
368,20949.6,1.15046,0.58241,0.84741,0.7904,0.72539,0.76373,0.50034,1.26228,0.60996,0.86765,0.50034,0.000458375,0.000458375,0.000458375
369,21051.7,1.1407,0.58158,0.84682,0.79434,0.7249,0.76446,0.5008,1.26139,0.60951,0.86752,0.5008,0.000446,0.000446,0.000446
370,21112.7,1.13979,0.57732,0.84798,0.793,0.72519,0.7642,0.50108,1.26108,0.6091,0.86748,0.50108,0.000433625,0.000433625,0.000433625
371,21208.9,1.13226,0.57515,0.84576,0.79175,0.72719,0.76466,0.50138,1.25992,0.60853,0.86732,0.50138,0.00042125,0.00042125,0.00042125
372,21260.7,1.13234,0.57674,0.84589,0.79222,0.72767,0.76509,0.50194,1.2588,0.60774,0.8672,0.50194,0.000408875,0.000408875,0.000408875
373,21345.2,1.13654,0.58034,0.84453,0.7966,0.72648,0.76562,0.50192,1.25841,0.60724,0.8671,0.50192,0.0003965,0.0003965,0.0003965
374,21400.6,1.12859,0.5725,0.84487,0.79663,0.72646,0.76557,0.50255,1.25753,0.60674,0.86698,0.50255,0.000384125,0.000384125,0.000384125
375,21518,1.12884,0.57608,0.84371,0.79703,0.72572,0.76526,0.50279,1.25718,0.60661,0.86688,0.50279,0.00037175,0.00037175,0.00037175
376,21642.1,1.12932,0.57386,0.84499,0.79874,0.72499,0.76544,0.50315,1.2562,0.60597,0.86667,0.50315,0.000359375,0.000359375,0.000359375
377,21754.1,1.12173,0.57157,0.84414,0.79801,0.72622,0.76594,0.5034,1.2557,0.60558,0.86664,0.5034,0.000347,0.000347,0.000347
378,21881.3,1.12974,0.57968,0.84395,0.79769,0.72654,0.76586,0.50346,1.2546,0.6052,0.86648,0.50346,0.000334625,0.000334625,0.000334625
379,22016.1,1.1285,0.57192,0.84357,0.79114,0.72907,0.76581,0.50347,1.25436,0.60483,0.86633,0.50347,0.00032225,0.00032225,0.00032225
380,22153.1,1.1235,0.56774,0.84256,0.79343,0.72891,0.76631,0.50363,1.2539,0.60456,0.86629,0.50363,0.000309875,0.000309875,0.000309875
381,22277.8,1.12268,0.5709,0.84484,0.79114,0.7289,0.76599,0.50348,1.25354,0.6043,0.86613,0.50348,0.0002975,0.0002975,0.0002975
382,22331.9,1.11484,0.56577,0.84012,0.79194,0.7295,0.76615,0.50374,1.2528,0.60409,0.86601,0.50374,0.000285125,0.000285125,0.000285125
383,22364.4,1.11509,0.56817,0.84159,0.79155,0.72986,0.76636,0.50359,1.25265,0.60388,0.86591,0.50359,0.00027275,0.00027275,0.00027275
384,22410.1,1.11033,0.56529,0.84165,0.79365,0.72899,0.76689,0.50409,1.25225,0.60361,0.86581,0.50409,0.000260375,0.000260375,0.000260375
385,22446,1.1078,0.56426,0.84224,0.7941,0.72937,0.76702,0.50397,1.25155,0.60333,0.86573,0.50397,0.000248,0.000248,0.000248
386,22495.7,1.11807,0.56424,0.84247,0.79581,0.73018,0.76786,0.50443,1.25152,0.60307,0.86569,0.50443,0.000235625,0.000235625,0.000235625
387,22539,1.11583,0.56449,0.84116,0.79293,0.7305,0.76763,0.50438,1.25129,0.60291,0.86569,0.50438,0.00022325,0.00022325,0.00022325
388,22612,1.11273,0.56296,0.84183,0.79371,0.73111,0.76848,0.50515,1.25096,0.60223,0.86561,0.50515,0.000210875,0.000210875,0.000210875
389,22650.7,1.10664,0.56031,0.84011,0.79479,0.73105,0.76797,0.50505,1.25148,0.60214,0.86563,0.50505,0.0001985,0.0001985,0.0001985
390,22683.5,1.10448,0.55885,0.84066,0.79248,0.73211,0.76818,0.50535,1.25142,0.60228,0.86553,0.50535,0.000186125,0.000186125,0.000186125
391,22761.4,1.10395,0.55875,0.84103,0.79444,0.73113,0.76832,0.50494,1.25107,0.60187,0.86551,0.50494,0.00017375,0.00017375,0.00017375
392,22897.2,1.09501,0.55542,0.83751,0.79488,0.73187,0.76948,0.50556,1.25112,0.60168,0.86557,0.50556,0.000161375,0.000161375,0.000161375
393,23032.2,1.10162,0.56195,0.84021,0.79348,0.73152,0.76893,0.50588,1.25139,0.60133,0.8655,0.50588,0.000149,0.000149,0.000149
394,23169.6,1.09597,0.55528,0.84061,0.7939,0.73261,0.76938,0.50571,1.25186,0.60136,0.86553,0.50571,0.000136625,0.000136625,0.000136625
395,23306.1,1.10053,0.55621,0.83987,0.79312,0.73264,0.76833,0.50599,1.25196,0.60128,0.86556,0.50599,0.00012425,0.00012425,0.00012425
396,23442,1.09483,0.5586,0.83924,0.7927,0.73295,0.7689,0.50614,1.25174,0.60091,0.86559,0.50614,0.000111875,0.000111875,0.000111875
397,23554.9,1.09221,0.55651,0.83973,0.79513,0.73187,0.76905,0.5061,1.25195,0.60132,0.86557,0.5061,9.95e-05,9.95e-05,9.95e-05
398,23600.5,1.08462,0.55294,0.84021,0.7949,0.73107,0.76856,0.50633,1.25209,0.60122,0.86556,0.50633,8.7125e-05,8.7125e-05,8.7125e-05
399,23633.9,1.08704,0.55236,0.8379,0.7964,0.73135,0.76916,0.50666,1.25224,0.6008,0.86553,0.50666,7.475e-05,7.475e-05,7.475e-05
400,23688.3,1.08611,0.55088,0.83975,0.79623,0.73123,0.76901,0.50661,1.25196,0.60061,0.86542,0.50661,6.2375e-05,6.2375e-05,6.2375e-05
