endpoint,epoch,cumulative_seconds,epoch_seconds
N0,1,219.014,219.014
N0,2,424.46,205.44599999999997
N0,3,628.361,203.901
N0,4,831.965,203.60400000000004
N0,5,1035.31,203.3449999999999
N0,6,1238.86,203.54999999999995
N0,7,1440.85,201.99
N0,8,1643.4,202.55000000000018
N0,9,1845.53,202.12999999999988
N0,10,2047.13,201.60000000000014
N0,11,2248.99,201.85999999999967
N0,12,2451.69,202.70000000000027
N0,13,2655.82,204.1300000000001
N0,14,2856.57,200.75
N0,15,3057.62,201.04999999999973
N0,16,3259.44,201.82000000000016
N0,17,3461.54,202.0999999999999
N0,18,3661.81,200.26999999999998
N0,19,3864.03,202.22000000000025
N0,20,4066.82,202.78999999999996
N0,21,4268.91,202.0899999999997
N0,22,4471.31,202.40000000000055
N0,23,4672.14,200.82999999999993
N0,24,4873.24,201.09999999999945
N0,25,5074.96,201.72000000000025
N0,26,5277.54,202.57999999999993
N0,27,5479.94,202.39999999999964
N0,28,5682.1,202.16000000000076
N0,29,5883.79,201.6899999999996
N0,30,6085.31,201.52000000000044
N0,31,6285.94,200.6299999999992
N0,32,6487.4,201.46000000000004
N0,33,6689.18,201.78000000000065
N0,34,6889.46,200.27999999999975
N0,35,7101.86,212.39999999999964
N0,36,7318.09,216.23000000000047
N0,37,7534.42,216.32999999999993
N0,38,7750.45,216.02999999999975
N0,39,7965.98,215.52999999999975
N0,40,8181.87,215.89000000000033
N0,41,8399.29,217.42000000000098
N0,42,8615.02,215.72999999999956
N0,43,8831.17,216.14999999999964
N0,44,9048.33,217.15999999999985
N0,45,9265.25,216.92000000000007
N0,46,9480.91,215.65999999999985
N0,47,9696.68,215.77000000000044
N0,48,9913.33,216.64999999999964
N0,49,10131.3,217.96999999999935
N0,50,10348.8,217.5
N0,51,10566.3,217.5
N0,52,10783.0,216.70000000000073
N0,53,11000.2,217.20000000000073
N0,54,11217.5,217.29999999999927
N0,55,11435.6,218.10000000000036
N0,56,11651.7,216.10000000000036
N0,57,11867.9,216.1999999999989
N0,58,12086.4,218.5
N0,59,12303.8,217.39999999999964
N0,60,12521.9,218.10000000000036
N0,61,12738.3,216.39999999999964
N0,62,12954.5,216.20000000000073
N0,63,13172.0,217.5
N0,64,13388.2,216.20000000000073
N0,65,13605.9,217.6999999999989
N0,66,13823.5,217.60000000000036
N0,67,14040.4,216.89999999999964
N0,68,14256.8,216.39999999999964
N0,69,14475.4,218.60000000000036
N0,70,14692.2,216.8000000000011
N0,71,14908.8,216.59999999999854
N0,72,15126.6,217.8000000000011
N0,73,15344.6,218.0
N0,74,15561.9,217.29999999999927
N0,75,15779.3,217.39999999999964
N0,76,15996.0,216.70000000000073
N0,77,16212.9,216.89999999999964
N0,78,16430.1,217.1999999999989
N0,79,16646.8,216.70000000000073
N0,80,16864.6,217.79999999999927
N0,81,17084.0,219.40000000000146
N0,82,17302.6,218.59999999999854
N0,83,17520.7,218.10000000000218
N0,84,17739.5,218.79999999999927
N0,85,17957.5,218.0
N0,86,18173.2,215.70000000000073
N0,87,18391.0,217.79999999999927
N0,88,18609.3,218.29999999999927
N0,89,18826.7,217.40000000000146
N0,90,19044.9,218.20000000000073
N0,91,19260.5,215.59999999999854
N0,92,19477.5,217.0
N0,93,19696.5,219.0
N0,94,19914.2,217.70000000000073
N0,95,20134.7,220.5
N0,96,20351.7,217.0
N0,97,20569.5,217.79999999999927
N0,98,20786.2,216.70000000000073
N0,99,21003.8,217.59999999999854
N0,100,21222.0,218.20000000000073
N0,101,21440.5,218.5
N0,102,21661.3,220.79999999999927
N0,103,21879.9,218.60000000000218
N0,104,22099.5,219.59999999999854
N0,105,22318.9,219.40000000000146
N0,106,22539.3,220.39999999999782
N0,107,22758.5,219.20000000000073
N0,108,22981.5,223.0
N0,109,23206.1,224.59999999999854
N0,110,23430.1,224.0
N0,111,23652.5,222.40000000000146
N0,112,23875.2,222.70000000000073
N0,113,24097.4,222.20000000000073
N0,114,24319.1,221.6999999999971
N0,115,24536.0,216.90000000000146
N0,116,24756.2,220.20000000000073
N0,117,24976.7,220.5
N0,118,25195.0,218.29999999999927
N0,119,25418.8,223.79999999999927
N0,120,25644.1,225.29999999999927
N0,121,25867.2,223.10000000000218
N0,122,26091.7,224.5
N0,123,26320.9,229.20000000000073
N0,124,26544.7,223.79999999999927
N0,125,26767.9,223.20000000000073
N0,126,26988.2,220.29999999999927
N0,127,27229.6,241.39999999999782
N0,128,27476.8,247.20000000000073
N0,129,27724.3,247.5
N0,130,27971.8,247.5
N0,131,28219.0,247.20000000000073
N0,132,28467.2,248.20000000000073
N0,133,28693.6,226.39999999999782
N0,134,28918.1,224.5
N0,135,29141.4,223.3000000000029
N0,136,29362.8,221.39999999999782
N0,137,29583.3,220.5
N0,138,29802.6,219.29999999999927
N0,139,30022.2,219.60000000000218
N0,140,30239.8,217.59999999999854
N0,141,30458.4,218.60000000000218
N0,142,30681.4,223.0
N0,143,30900.6,219.1999999999971
N0,144,31120.1,219.5
N0,145,31342.1,222.0
N0,146,31561.5,219.40000000000146
N0,147,31784.0,222.5
N0,148,32005.0,221.0
N0,149,32223.4,218.40000000000146
N0,150,32459.8,236.39999999999782
N0,151,32701.9,242.10000000000218
N0,152,32941.2,239.29999999999563
N0,153,33156.3,215.10000000000582
N0,154,33386.3,230.0
N0,155,33600.9,214.59999999999854
N0,156,33841.4,240.5
N0,157,34064.2,222.79999999999563
N0,158,34300.6,236.40000000000146
N0,159,34560.0,259.40000000000146
N0,160,34803.2,243.1999999999971
N0,161,35037.2,234.0
N0,162,35264.8,227.60000000000582
N0,163,35481.5,216.6999999999971
N0,164,35695.7,214.1999999999971
N0,165,35911.5,215.8000000000029
N0,166,36127.0,215.5
N0,167,36341.1,214.09999999999854
N0,168,36556.5,215.40000000000146
N0,169,36771.2,214.6999999999971
N0,170,36985.2,214.0
N0,171,37200.2,215.0
N0,172,37414.4,214.20000000000437
N0,173,37629.8,215.40000000000146
N0,174,37843.8,214.0
N0,175,38057.1,213.29999999999563
N0,176,38273.1,216.0
N0,177,38487.0,213.90000000000146
N0,178,38701.5,214.5
N0,179,38915.8,214.3000000000029
N0,180,39131.7,215.89999999999418
N0,181,39346.8,215.10000000000582
N0,182,39562.0,215.1999999999971
N0,183,39776.8,214.8000000000029
N0,184,39990.4,213.59999999999854
N0,185,40205.0,214.59999999999854
N0,186,40418.0,213.0
N0,187,40632.5,214.5
N0,188,40846.6,214.09999999999854
N0,189,41061.1,214.5
N0,190,41275.4,214.3000000000029
N0,191,41489.8,214.40000000000146
N0,192,41704.1,214.29999999999563
N0,193,41920.2,216.09999999999854
N0,194,42134.6,214.40000000000146
N0,195,42351.9,217.3000000000029
N0,196,42605.8,253.90000000000146
N0,197,42859.1,253.29999999999563
N0,198,43109.5,250.40000000000146
N0,199,43358.2,248.6999999999971
N0,200,43612.7,254.5
N42,1,219.569,219.569
N42,2,429.051,209.482
N42,3,639.506,210.45499999999998
N42,4,847.501,207.995
N42,5,1055.88,208.37900000000013
N42,6,1264.55,208.66999999999985
N42,7,1473.42,208.87000000000012
N42,8,1682.21,208.78999999999996
N42,9,1887.09,204.87999999999988
N42,10,2090.91,203.81999999999994
N42,11,2302.71,211.80000000000018
N42,12,2510.17,207.46000000000004
N42,13,2714.01,203.84000000000015
N42,14,2919.81,205.79999999999973
N42,15,3125.95,206.13999999999987
N42,16,3332.57,206.62000000000035
N42,17,3539.28,206.71000000000004
N42,18,3747.47,208.1899999999996
N42,19,3954.82,207.35000000000036
N42,20,4161.8,206.98000000000002
N42,21,4369.3,207.5
N42,22,4574.33,205.02999999999975
N42,23,4778.39,204.0600000000004
N42,24,4984.05,205.65999999999985
N42,25,5189.41,205.35999999999967
N42,26,5393.06,203.65000000000055
N42,27,5597.13,204.0699999999997
N42,28,5801.1,203.97000000000025
N42,29,6003.77,202.67000000000007
N42,30,6211.06,207.28999999999996
N42,31,6415.7,204.63999999999942
N42,32,6620.41,204.71000000000004
N42,33,6823.96,203.55000000000018
N42,34,7027.86,203.89999999999964
N42,35,7230.92,203.0600000000004
N42,36,7434.44,203.51999999999953
N42,37,7639.44,205.0
N42,38,7856.21,216.77000000000044
N42,39,8068.65,212.4399999999996
N42,40,8273.98,205.32999999999993
N42,41,8479.47,205.48999999999978
N42,42,8686.25,206.78000000000065
N42,43,8895.12,208.8700000000008
N42,44,9100.04,204.92000000000007
N42,45,9310.04,210.0
N42,46,9518.28,208.23999999999978
N42,47,9722.46,204.17999999999847
N42,48,9945.25,222.79000000000087
N42,49,10165.8,220.54999999999927
N42,50,10385.0,219.20000000000073
N42,51,10597.4,212.39999999999964
N42,52,10809.9,212.5
N42,53,11014.0,204.10000000000036
N42,54,11225.5,211.5
N42,55,11444.5,219.0
N42,56,11670.8,226.29999999999927
N42,57,11873.7,202.90000000000146
N42,58,12124.0,250.29999999999927
N42,59,12374.8,250.79999999999927
N42,60,12580.7,205.90000000000146
N42,61,12794.1,213.39999999999964
N42,62,12996.5,202.39999999999964
N42,63,13197.5,201.0
N42,64,13394.4,196.89999999999964
N42,65,13596.7,202.3000000000011
N42,66,13798.4,201.6999999999989
N42,67,14000.2,201.8000000000011
N42,68,14202.6,202.39999999999964
N42,69,14403.9,201.29999999999927
N42,70,14606.6,202.70000000000073
N42,71,14808.6,202.0
N42,72,15011.3,202.6999999999989
N42,73,15214.2,202.90000000000146
N42,74,15416.1,201.89999999999964
N42,75,15615.1,199.0
N42,76,15816.4,201.29999999999927
N42,77,16017.6,201.20000000000073
N42,78,16219.8,202.1999999999989
N42,79,16422.2,202.40000000000146
N42,80,16622.1,199.89999999999782
N42,81,16821.8,199.70000000000073
N42,82,17020.1,198.29999999999927
N42,83,17221.9,201.8000000000029
N42,84,17423.4,201.5
N42,85,17625.2,201.79999999999927
N42,86,17827.1,201.89999999999782
N42,87,18028.3,201.20000000000073
N42,88,18227.2,198.90000000000146
N42,89,18429.2,202.0
N42,90,18632.8,203.59999999999854
N42,91,18837.0,204.20000000000073
N42,92,19038.5,201.5
N42,93,19240.1,201.59999999999854
N42,94,19440.7,200.60000000000218
N42,95,19643.5,202.79999999999927
N42,96,19845.9,202.40000000000146
N42,97,20054.9,209.0
N42,98,20263.2,208.29999999999927
N42,99,20472.5,209.29999999999927
N42,100,20680.1,207.59999999999854
N42,101,20887.8,207.70000000000073
N42,102,21096.8,209.0
N42,103,21305.1,208.29999999999927
N42,104,21511.9,206.8000000000029
N42,105,21718.2,206.29999999999927
N42,106,21925.9,207.70000000000073
N42,107,22133.6,207.6999999999971
N42,108,22341.6,208.0
N42,109,22550.2,208.60000000000218
N42,110,22758.7,208.5
N42,111,22965.8,207.09999999999854
N42,112,23172.2,206.40000000000146
N42,113,23376.9,204.70000000000073
N42,114,23584.1,207.1999999999971
N42,115,23792.0,207.90000000000146
N42,116,23999.9,207.90000000000146
N42,117,24209.3,209.39999999999782
N42,118,24418.4,209.10000000000218
N42,119,24628.0,209.59999999999854
N42,120,24835.3,207.29999999999927
N42,121,25041.4,206.10000000000218
N42,122,25248.6,207.1999999999971
N42,123,25455.2,206.60000000000218
N42,124,25661.5,206.29999999999927
N42,125,25870.2,208.70000000000073
N42,126,26077.7,207.5
N42,127,26286.8,209.09999999999854
N42,128,26493.7,206.90000000000146
N42,129,26725.6,231.89999999999782
N42,130,26941.4,215.8000000000029
N42,131,27171.3,229.89999999999782
N42,132,27400.3,229.0
N42,133,27618.2,217.90000000000146
N42,134,27831.6,213.39999999999782
N42,135,28060.6,229.0
N42,136,28287.3,226.70000000000073
N42,137,28513.9,226.60000000000218
N42,138,28720.0,206.09999999999854
N42,139,28943.7,223.70000000000073
N42,140,29168.6,224.89999999999782
N42,141,29394.4,225.8000000000029
N42,142,29602.0,207.59999999999854
N42,143,29821.3,219.29999999999927
N42,144,30048.7,227.40000000000146
N42,145,30274.8,226.09999999999854
N42,146,30478.2,203.40000000000146
N42,147,30702.2,224.0
N42,148,30916.4,214.20000000000073
N42,149,31131.6,215.1999999999971
N42,150,31347.1,215.5
N42,151,31561.7,214.60000000000218
N42,152,31763.7,202.0
N42,153,31966.5,202.79999999999927
N42,154,32162.9,196.40000000000146
N42,155,32362.9,200.0
N42,156,32565.4,202.5
N42,157,32767.7,202.29999999999927
N42,158,32968.0,200.29999999999927
N42,159,33169.2,201.1999999999971
N42,160,33370.8,201.60000000000582
N42,161,33568.5,197.6999999999971
N42,162,33767.3,198.8000000000029
N42,163,33968.9,201.59999999999854
N42,164,34170.5,201.59999999999854
N42,165,34372.5,202.0
N42,166,34571.8,199.3000000000029
N42,167,34773.4,201.59999999999854
N42,168,34976.2,202.79999999999563
N42,169,35178.9,202.70000000000437
N42,170,35378.9,200.0
N42,171,35581.3,202.40000000000146
N42,172,35783.4,202.09999999999854
N42,173,35983.9,200.5
N42,174,36183.3,199.40000000000146
N42,175,36384.8,201.5
N42,176,36585.8,201.0
N42,177,36785.6,199.79999999999563
N42,178,36984.9,199.3000000000029
N42,179,37187.1,202.1999999999971
N42,180,37389.0,201.90000000000146
N42,181,37591.9,202.90000000000146
N42,182,37795.3,203.40000000000146
N42,183,37996.0,200.6999999999971
N42,184,38198.2,202.1999999999971
N42,185,38398.7,200.5
N42,186,38600.4,201.70000000000437
N42,187,38800.7,200.29999999999563
N42,188,39002.7,202.0
N42,189,39203.2,200.5
N42,190,39402.6,199.40000000000146
N42,191,39603.3,200.70000000000437
N42,192,39804.8,201.5
N42,193,40005.6,200.79999999999563
N42,194,40207.4,201.8000000000029
N42,195,40408.5,201.09999999999854
N42,196,40609.1,200.59999999999854
N42,197,40809.7,200.59999999999854
N42,198,41010.7,201.0
N42,199,41212.5,201.8000000000029
N42,200,41414.7,202.1999999999971
N123,1,227.92,227.92
N123,2,438.389,210.46900000000002
N123,3,645.885,207.49599999999998
N123,4,851.83,205.94500000000005
N123,5,1058.66,206.83000000000004
N123,6,1265.96,207.29999999999995
N123,7,1475.36,209.39999999999986
N123,8,1698.04,222.68000000000006
N123,9,1945.19,247.1500000000001
N123,10,2190.64,245.44999999999982
N123,11,2438.0,247.36000000000013
N123,12,2682.28,244.2800000000002
N123,13,2929.27,246.98999999999978
N123,14,3182.46,253.19000000000005
N123,15,3450.76,268.3000000000002
N123,16,3695.04,244.27999999999975
N123,17,3932.01,236.97000000000025
N123,18,4159.79,227.77999999999975
N123,19,4404.84,245.05000000000018
N123,20,4649.47,244.6300000000001
N123,21,4890.59,241.1199999999999
N123,22,5131.73,241.13999999999942
N123,23,5359.78,228.05000000000018
N123,24,5588.68,228.90000000000055
N123,25,5826.65,237.96999999999935
N123,26,6066.06,239.41000000000076
N123,27,6305.13,239.0699999999997
N123,28,6509.48,204.34999999999945
N123,29,6733.01,223.53000000000065
N123,30,6963.8,230.78999999999996
N123,31,7191.18,227.3800000000001
N123,32,7417.52,226.34000000000015
N123,33,7646.42,228.89999999999964
N123,34,7884.9,238.47999999999956
N123,35,8113.46,228.5600000000004
N123,36,8327.68,214.22000000000025
N123,37,8538.79,211.11000000000058
N123,38,8750.83,212.03999999999905
N123,39,8962.27,211.4400000000005
N123,40,9174.45,212.1800000000003
N123,41,9386.76,212.3099999999995
N123,42,9598.71,211.9499999999989
N123,43,9810.25,211.54000000000087
N123,44,10024.5,214.25
N123,45,10236.0,211.5
N123,46,10447.4,211.39999999999964
N123,47,10658.4,211.0
N123,48,10871.0,212.60000000000036
N123,49,11083.5,212.5
N123,50,11295.5,212.0
N123,51,11507.8,212.29999999999927
N123,52,11719.4,211.60000000000036
N123,53,11931.4,212.0
N123,54,12143.7,212.3000000000011
N123,55,12356.6,212.89999999999964
N123,56,12568.9,212.29999999999927
N123,57,12781.2,212.3000000000011
N123,58,12994.5,213.29999999999927
N123,59,13206.4,211.89999999999964
N123,60,13419.0,212.60000000000036
N123,61,13631.9,212.89999999999964
N123,62,13844.2,212.3000000000011
N123,63,14055.3,211.09999999999854
N123,64,14267.1,211.8000000000011
N123,65,14478.5,211.39999999999964
N123,66,14689.2,210.70000000000073
N123,67,14901.5,212.29999999999927
N123,68,15113.2,211.70000000000073
N123,69,15324.3,211.09999999999854
N123,70,15535.7,211.40000000000146
N123,71,15748.1,212.39999999999964
N123,72,15959.1,211.0
N123,73,16170.9,211.79999999999927
N123,74,16382.8,211.89999999999964
N123,75,16596.1,213.29999999999927
N123,76,16809.0,212.90000000000146
N123,77,17022.0,213.0
N123,78,17234.0,212.0
N123,79,17446.7,212.70000000000073
N123,80,17657.1,210.39999999999782
N123,81,17868.4,211.3000000000029
N123,82,18080.1,211.6999999999971
N123,83,18292.8,212.70000000000073
N123,84,18504.9,212.10000000000218
N123,85,18716.3,211.39999999999782
N123,86,18927.2,210.90000000000146
N123,87,19138.6,211.39999999999782
N123,88,19349.5,210.90000000000146
N123,89,19560.6,211.09999999999854
N123,90,19772.8,212.20000000000073
N123,91,19985.4,212.60000000000218
N123,92,20197.7,212.29999999999927
N123,93,20410.5,212.79999999999927
N123,94,20622.0,211.5
N123,95,20833.9,211.90000000000146
N123,96,21046.3,212.39999999999782
N123,97,21258.1,211.79999999999927
N123,98,21470.9,212.8000000000029
N123,99,21682.8,211.89999999999782
N123,100,21893.5,210.70000000000073
N123,101,22105.9,212.40000000000146
N123,102,22318.2,212.29999999999927
N123,103,22528.9,210.70000000000073
N123,104,22740.7,211.79999999999927
N123,105,22950.9,210.20000000000073
N123,106,23161.5,210.59999999999854
N123,107,23373.0,211.5
N123,108,23585.1,212.09999999999854
N123,109,23796.5,211.40000000000146
N123,110,24007.7,211.20000000000073
N123,111,24218.5,210.79999999999927
N123,112,24430.1,211.59999999999854
N123,113,24641.7,211.60000000000218
N123,114,24853.2,211.5
N123,115,25066.1,212.89999999999782
N123,116,25277.5,211.40000000000146
N123,117,25488.7,211.20000000000073
N123,118,25700.1,211.39999999999782
N123,119,25913.2,213.10000000000218
N123,120,26125.4,212.20000000000073
N123,121,26336.1,210.6999999999971
N123,122,26546.2,210.10000000000218
N123,123,26756.7,210.5
N123,124,26967.7,211.0
N123,125,27180.4,212.70000000000073
N123,126,27391.6,211.1999999999971
N123,127,27603.6,212.0
N123,128,27815.8,212.20000000000073
N123,129,28027.5,211.70000000000073
N123,130,28238.4,210.90000000000146
N123,131,28451.5,213.09999999999854
N123,132,28665.4,213.90000000000146
N123,133,28876.7,211.29999999999927
N123,134,29089.6,212.89999999999782
N123,135,29301.4,211.8000000000029
N123,136,29513.1,211.6999999999971
N123,137,29727.7,214.60000000000218
N123,138,29939.7,212.0
N123,139,30149.5,209.79999999999927
N123,140,30361.1,211.59999999999854
N123,141,30572.3,211.20000000000073
N123,142,30783.0,210.70000000000073
N123,143,30993.2,210.20000000000073
N123,144,31203.8,210.59999999999854
N123,145,31416.0,212.20000000000073
N123,146,31627.9,211.90000000000146
N123,147,31840.1,212.1999999999971
N123,148,32052.0,211.90000000000146
N123,149,32263.5,211.5
N123,150,32474.9,211.40000000000146
N123,151,32685.8,210.89999999999782
N123,152,32897.5,211.70000000000073
N123,153,33109.1,211.59999999999854
N123,154,33320.2,211.09999999999854
N123,155,33532.5,212.3000000000029
N123,156,33745.3,212.8000000000029
N123,157,33957.3,212.0
N123,158,34168.6,211.29999999999563
N123,159,34380.5,211.90000000000146
N123,160,34592.5,212.0
N123,161,34803.6,211.09999999999854
N123,162,35014.8,211.20000000000437
N123,163,35226.8,212.0
N123,164,35439.1,212.29999999999563
N123,165,35650.2,211.09999999999854
N123,166,35862.7,212.5
N123,167,36074.7,212.0
N123,168,36286.8,212.10000000000582
N123,169,36499.2,212.39999999999418
N123,170,36710.5,211.3000000000029
N123,171,36922.5,212.0
N123,172,37133.9,211.40000000000146
N123,173,37344.2,210.29999999999563
N123,174,37556.5,212.3000000000029
N123,175,37768.2,211.6999999999971
N123,176,37980.2,212.0
N123,177,38192.9,212.70000000000437
N123,178,38405.0,212.09999999999854
N123,179,38616.5,211.5
N123,180,38828.7,212.1999999999971
N123,181,39041.0,212.3000000000029
N123,182,39253.0,212.0
N123,183,39463.6,210.59999999999854
N123,184,39676.1,212.5
N123,185,39888.9,212.8000000000029
N123,186,40099.5,210.59999999999854
N123,187,40311.5,212.0
N123,188,40522.6,211.09999999999854
N123,189,40735.2,212.59999999999854
N123,190,40947.0,211.8000000000029
N123,191,41159.3,212.3000000000029
N123,192,41370.7,211.39999999999418
N123,193,41583.0,212.3000000000029
N123,194,41794.7,211.6999999999971
N123,195,42007.3,212.60000000000582
N123,196,42218.1,210.79999999999563
N123,197,42429.6,211.5
N123,198,42643.2,213.59999999999854
N123,199,42855.3,212.10000000000582
N123,200,43066.6,211.29999999999563
C0,1,275.645,275.645
C0,2,516.34,240.69500000000005
C0,3,771.317,254.97699999999998
C0,4,1024.0,252.683
C0,5,1278.77,254.76999999999998
C0,6,1532.49,253.72000000000003
C0,7,1784.07,251.57999999999993
C0,8,2031.83,247.76
C0,9,2274.93,243.0999999999999
C0,10,2529.86,254.9300000000003
C0,11,2781.72,251.85999999999967
C0,12,3035.75,254.0300000000002
C0,13,3289.53,253.7800000000002
C0,14,3544.78,255.25
C0,15,3786.24,241.45999999999958
C0,16,4009.05,222.8100000000004
C0,17,4232.54,223.48999999999978
C0,18,4454.9,222.35999999999967
C0,19,4678.15,223.25
C0,20,4902.56,224.41000000000076
C0,21,5125.12,222.5599999999995
C0,22,5347.38,222.26000000000022
C0,23,5608.23,260.84999999999945
C0,24,5852.14,243.91000000000076
C0,25,6080.01,227.8699999999999
C0,26,6330.35,250.34000000000015
C0,27,6579.96,249.60999999999967
C0,28,6828.26,248.30000000000018
C0,29,7076.14,247.8800000000001
C0,30,7318.6,242.46000000000004
C0,31,7545.16,226.5599999999995
C0,32,7789.09,243.9300000000003
C0,33,8032.34,243.25
C0,34,8277.44,245.10000000000036
C0,35,8522.94,245.5
C0,36,8761.21,238.26999999999862
C0,37,8991.9,230.6900000000005
C0,38,9237.8,245.89999999999964
C0,39,9469.87,232.07000000000153
C0,40,9702.16,232.28999999999905
C0,41,9946.33,244.17000000000007
C0,42,10177.2,230.8700000000008
C0,43,10410.6,233.39999999999964
C0,44,10630.1,219.5
C0,45,10846.6,216.5
C0,46,11062.2,215.60000000000036
C0,47,11278.8,216.59999999999854
C0,48,11496.2,217.40000000000146
C0,49,11713.7,217.5
C0,50,11930.5,216.79999999999927
C0,51,12148.4,217.89999999999964
C0,52,12365.5,217.10000000000036
C0,53,12581.5,216.0
C0,54,12798.4,216.89999999999964
C0,55,13016.0,217.60000000000036
C0,56,13232.2,216.20000000000073
C0,57,13449.1,216.89999999999964
C0,58,13667.0,217.89999999999964
C0,59,13883.2,216.20000000000073
C0,60,14102.3,219.09999999999854
C0,61,14318.2,215.90000000000146
C0,62,14534.1,215.89999999999964
C0,63,14750.6,216.5
C0,64,14968.7,218.10000000000036
C0,65,15184.9,216.1999999999989
C0,66,15400.6,215.70000000000073
C0,67,15619.4,218.79999999999927
C0,68,15836.3,216.89999999999964
C0,69,16053.2,216.90000000000146
C0,70,16271.1,217.89999999999964
C0,71,16488.0,216.89999999999964
C0,72,16704.6,216.59999999999854
C0,73,16920.8,216.20000000000073
C0,74,17138.7,217.90000000000146
C0,75,17355.6,216.89999999999782
C0,76,17572.3,216.70000000000073
C0,77,17788.8,216.5
C0,78,18006.2,217.40000000000146
C0,79,18223.9,217.70000000000073
C0,80,18440.1,216.1999999999971
C0,81,18657.8,217.70000000000073
C0,82,18874.9,217.10000000000218
C0,83,19090.9,216.0
C0,84,19308.0,217.09999999999854
C0,85,19523.5,215.5
C0,86,19741.2,217.70000000000073
C0,87,19958.9,217.70000000000073
C0,88,20174.3,215.39999999999782
C0,89,20389.1,214.79999999999927
C0,90,20606.7,217.60000000000218
C0,91,20822.4,215.70000000000073
C0,92,21039.5,217.09999999999854
C0,93,21254.7,215.20000000000073
C0,94,21473.6,218.89999999999782
C0,95,21689.3,215.70000000000073
C0,96,21903.8,214.5
C0,97,22120.5,216.70000000000073
C0,98,22337.3,216.79999999999927
C0,99,22553.6,216.29999999999927
C0,100,22771.3,217.70000000000073
C0,101,22989.2,217.90000000000146
C0,102,23205.2,216.0
C0,103,23420.7,215.5
C0,104,23636.4,215.70000000000073
C0,105,23852.5,216.09999999999854
C0,106,24068.0,215.5
C0,107,24284.4,216.40000000000146
C0,108,24501.2,216.79999999999927
C0,109,24717.3,216.09999999999854
C0,110,24933.2,215.90000000000146
C0,111,25149.9,216.70000000000073
C0,112,25367.1,217.1999999999971
C0,113,25583.5,216.40000000000146
C0,114,25800.0,216.5
C0,115,26028.7,228.70000000000073
C0,116,26245.4,216.70000000000073
C0,117,26463.3,217.89999999999782
C0,118,26679.4,216.10000000000218
C0,119,26895.9,216.5
C0,120,27112.4,216.5
C0,121,27328.3,215.89999999999782
C0,122,27544.8,216.5
C0,123,27763.0,218.20000000000073
C0,124,27979.3,216.29999999999927
C0,125,28194.8,215.5
C0,126,28409.8,215.0
C0,127,28625.0,215.20000000000073
C0,128,28841.7,216.70000000000073
C0,129,29058.7,217.0
C0,130,29275.4,216.70000000000073
C0,131,29490.8,215.39999999999782
C0,132,29705.8,215.0
C0,133,29923.8,218.0
C0,134,30139.9,216.10000000000218
C0,135,30356.3,216.39999999999782
C0,136,30574.2,217.90000000000146
C0,137,30790.2,216.0
C0,138,31008.7,218.5
C0,139,31225.8,217.09999999999854
C0,140,31441.7,215.90000000000146
C0,141,31657.7,216.0
C0,142,31872.9,215.20000000000073
C0,143,32095.4,222.5
C0,144,32311.8,216.39999999999782
C0,145,32527.7,215.90000000000146
C0,146,32743.8,216.09999999999854
C0,147,32960.0,216.20000000000073
C0,148,33176.4,216.40000000000146
C0,149,33393.5,217.09999999999854
C0,150,33609.5,216.0
C0,151,33826.2,216.6999999999971
C0,152,34043.0,216.8000000000029
C0,153,34259.4,216.40000000000146
C0,154,34474.6,215.1999999999971
C0,155,34689.9,215.3000000000029
C0,156,34906.6,216.6999999999971
C0,157,35122.8,216.20000000000437
C0,158,35340.5,217.6999999999971
C0,159,35555.9,215.40000000000146
C0,160,35771.8,215.90000000000146
C0,161,35989.0,217.1999999999971
C0,162,36206.3,217.3000000000029
C0,163,36422.9,216.59999999999854
C0,164,36639.7,216.79999999999563
C0,165,36855.2,215.5
C0,166,37072.1,216.90000000000146
C0,167,37289.4,217.3000000000029
C0,168,37505.9,216.5
C0,169,37723.6,217.6999999999971
C0,170,37941.5,217.90000000000146
C0,171,38159.3,217.8000000000029
C0,172,38377.5,218.1999999999971
C0,173,38593.7,216.1999999999971
C0,174,38810.4,216.70000000000437
C0,175,39026.4,216.0
C0,176,39244.1,217.6999999999971
C0,177,39459.8,215.70000000000437
C0,178,39676.2,216.39999999999418
C0,179,39891.6,215.40000000000146
C0,180,40108.1,216.5
C0,181,40325.7,217.59999999999854
C0,182,40541.7,216.0
C0,183,40758.6,216.90000000000146
C0,184,40975.4,216.8000000000029
C0,185,41192.8,217.40000000000146
C0,186,41409.9,217.09999999999854
C0,187,41626.0,216.09999999999854
C0,188,41842.4,216.40000000000146
C0,189,42057.9,215.5
C0,190,42275.2,217.29999999999563
C0,191,42491.5,216.3000000000029
C0,192,42709.8,218.3000000000029
C0,193,42925.0,215.1999999999971
C0,194,43142.0,217.0
C0,195,43359.2,217.1999999999971
C0,196,43575.5,216.3000000000029
C0,197,43791.1,215.59999999999854
C0,198,44009.1,218.0
C0,199,44226.0,216.90000000000146
C0,200,44442.6,216.59999999999854
C42,1,220.154,220.154
C42,2,423.749,203.59500000000003
C42,3,625.262,201.51299999999992
C42,4,825.986,200.72400000000005
C42,5,1028.57,202.58399999999995
C42,6,1230.39,201.82000000000016
C42,7,1431.36,200.9699999999998
C42,8,1632.61,201.25
C42,9,1835.74,203.1300000000001
C42,10,2036.54,200.79999999999995
C42,11,2237.15,200.61000000000013
C42,12,2437.69,200.53999999999996
C42,13,2638.52,200.82999999999993
C42,14,2839.71,201.19000000000005
C42,15,3040.37,200.65999999999985
C42,16,3241.42,201.05000000000018
C42,17,3442.58,201.15999999999985
C42,18,3641.61,199.0300000000002
C42,19,3842.8,201.19000000000005
C42,20,4044.02,201.2199999999998
C42,21,4243.86,199.8399999999997
C42,22,4444.73,200.8699999999999
C42,23,4646.26,201.53000000000065
C42,24,4847.31,201.05000000000018
C42,25,5046.22,198.90999999999985
C42,26,5246.83,200.60999999999967
C42,27,5447.84,201.01000000000022
C42,28,5648.07,200.22999999999956
C42,29,5849.95,201.8800000000001
C42,30,6051.18,201.23000000000047
C42,31,6250.42,199.23999999999978
C42,32,6451.27,200.85000000000036
C42,33,6652.52,201.25
C42,34,6853.41,200.88999999999942
C42,35,7055.31,201.90000000000055
C42,36,7255.78,200.46999999999935
C42,37,7456.84,201.0600000000004
C42,38,7658.8,201.96000000000004
C42,39,7858.98,200.17999999999938
C42,40,8059.01,200.03000000000065
C42,41,8260.67,201.65999999999985
C42,42,8461.97,201.29999999999927
C42,43,8662.99,201.02000000000044
C42,44,8864.87,201.88000000000102
C42,45,9065.82,200.9499999999989
C42,46,9266.52,200.70000000000073
C42,47,9468.16,201.63999999999942
C42,48,9668.66,200.5
C42,49,9867.74,199.07999999999993
C42,50,10068.7,200.96000000000095
C42,51,10269.4,200.6999999999989
C42,52,10470.9,201.5
C42,53,10672.9,202.0
C42,54,10872.4,199.5
C42,55,11073.6,201.20000000000073
C42,56,11274.0,200.39999999999964
C42,57,11475.9,201.89999999999964
C42,58,11677.9,202.0
C42,59,11878.1,200.20000000000073
C42,60,12080.2,202.10000000000036
C42,61,12282.2,202.0
C42,62,12482.2,200.0
C42,63,12683.2,201.0
C42,64,12885.0,201.79999999999927
C42,65,13086.2,201.20000000000073
C42,66,13285.7,199.5
C42,67,13484.4,198.6999999999989
C42,68,13685.3,200.89999999999964
C42,69,13885.7,200.40000000000146
C42,70,14085.1,199.39999999999964
C42,71,14286.7,201.60000000000036
C42,72,14485.9,199.1999999999989
C42,73,14686.5,200.60000000000036
C42,74,14886.8,200.29999999999927
C42,75,15084.7,197.90000000000146
C42,76,15283.7,199.0
C42,77,15485.2,201.5
C42,78,15685.4,200.1999999999989
C42,79,15886.2,200.8000000000011
C42,80,16086.6,200.39999999999964
C42,81,16286.6,200.0
C42,82,16486.3,199.6999999999989
C42,83,16685.6,199.29999999999927
C42,84,16887.4,201.8000000000029
C42,85,17088.9,201.5
C42,86,17289.9,201.0
C42,87,17491.6,201.6999999999971
C42,88,17691.1,199.5
C42,89,17890.2,199.10000000000218
C42,90,18087.7,197.5
C42,91,18287.6,199.89999999999782
C42,92,18486.0,198.40000000000146
C42,93,18685.1,199.09999999999854
C42,94,18884.4,199.3000000000029
C42,95,19085.7,201.29999999999927
C42,96,19286.2,200.5
C42,97,19486.3,200.09999999999854
C42,98,19686.1,199.79999999999927
C42,99,19884.5,198.40000000000146
C42,100,20084.2,199.70000000000073
C42,101,20285.6,201.39999999999782
C42,102,20485.4,199.8000000000029
C42,103,20685.3,199.89999999999782
C42,104,20884.9,199.60000000000218
C42,105,21085.9,201.0
C42,106,21285.6,199.6999999999971
C42,107,21486.1,200.5
C42,108,21686.7,200.60000000000218
C42,109,21886.3,199.59999999999854
C42,110,22083.8,197.5
C42,111,22283.6,199.79999999999927
C42,112,22483.2,199.60000000000218
C42,113,22683.4,200.20000000000073
C42,114,22885.3,201.89999999999782
C42,115,23085.9,200.60000000000218
C42,116,23286.5,200.59999999999854
C42,117,23488.3,201.79999999999927
C42,118,23688.2,199.90000000000146
C42,119,23887.0,198.79999999999927
C42,120,24085.5,198.5
C42,121,24285.6,200.09999999999854
C42,122,24484.9,199.3000000000029
C42,123,24685.2,200.29999999999927
C42,124,24884.8,199.59999999999854
C42,125,25085.1,200.29999999999927
C42,126,25285.0,199.90000000000146
C42,127,25486.2,201.20000000000073
C42,128,25687.9,201.70000000000073
C42,129,25889.0,201.09999999999854
C42,130,26089.2,200.20000000000073
C42,131,26290.2,201.0
C42,132,26490.5,200.29999999999927
C42,133,26690.6,200.09999999999854
C42,134,26892.0,201.40000000000146
C42,135,27093.4,201.40000000000146
C42,136,27293.4,200.0
C42,137,27495.9,202.5
C42,138,27697.4,201.5
C42,139,27898.3,200.89999999999782
C42,140,28099.4,201.10000000000218
C42,141,28301.6,202.1999999999971
C42,142,28503.0,201.40000000000146
C42,143,28705.6,202.59999999999854
C42,144,28905.6,200.0
C42,145,29106.8,201.20000000000073
C42,146,29308.1,201.29999999999927
C42,147,29508.7,200.60000000000218
C42,148,29710.2,201.5
C42,149,29909.9,199.70000000000073
C42,150,30111.1,201.1999999999971
C42,151,30311.2,200.10000000000218
C42,152,30511.9,200.70000000000073
C42,153,30714.4,202.5
C42,154,30916.8,202.39999999999782
C42,155,31118.7,201.90000000000146
C42,156,31319.5,200.79999999999927
C42,157,31519.9,200.40000000000146
C42,158,31720.9,201.0
C42,159,31921.2,200.29999999999927
C42,160,32121.4,200.20000000000073
C42,161,32321.3,199.89999999999782
C42,162,32522.2,200.90000000000146
C42,163,32722.5,200.29999999999927
C42,164,32923.8,201.3000000000029
C42,165,33124.9,201.09999999999854
C42,166,33327.4,202.5
C42,167,33528.9,201.5
C42,168,33729.7,200.79999999999563
C42,169,33931.1,201.40000000000146
C42,170,34131.7,200.59999999999854
C42,171,34332.7,201.0
C42,172,34535.2,202.5
C42,173,34735.9,200.70000000000437
C42,174,34935.9,200.0
C42,175,35136.6,200.6999999999971
C42,176,35335.8,199.20000000000437
C42,177,35536.8,201.0
C42,178,35738.3,201.5
C42,179,35940.7,202.39999999999418
C42,180,36141.4,200.70000000000437
C42,181,36342.0,200.59999999999854
C42,182,36542.3,200.3000000000029
C42,183,36742.0,199.6999999999971
C42,184,36943.7,201.6999999999971
C42,185,37145.6,201.90000000000146
C42,186,37346.3,200.70000000000437
C42,187,37545.6,199.29999999999563
C42,188,37748.2,202.59999999999854
C42,189,37949.7,201.5
C42,190,38152.0,202.3000000000029
C42,191,38352.6,200.59999999999854
C42,192,38553.8,201.20000000000437
C42,193,38753.4,199.59999999999854
C42,194,38953.9,200.5
C42,195,39156.1,202.1999999999971
C42,196,39356.9,200.8000000000029
C42,197,39557.5,200.59999999999854
C42,198,39758.7,201.1999999999971
C42,199,39960.0,201.3000000000029
C42,200,40162.4,202.40000000000146
C123,1,228.168,228.168
C123,2,443.838,215.67000000000002
C123,3,657.823,213.98499999999996
C123,4,870.742,212.91899999999998
C123,5,1084.14,213.39800000000014
C123,6,1299.14,215.0
C123,7,1513.27,214.12999999999988
C123,8,1727.11,213.83999999999992
C123,9,1942.11,215.0
C123,10,2156.28,214.1700000000003
C123,11,2369.67,213.38999999999987
C123,12,2584.01,214.34000000000015
C123,13,2797.1,213.0899999999997
C123,14,3011.72,214.6199999999999
C123,15,3224.17,212.45000000000027
C123,16,3437.08,212.90999999999985
C123,17,3651.0,213.92000000000007
C123,18,3864.75,213.75
C123,19,4078.69,213.94000000000005
C123,20,4292.55,213.86000000000013
C123,21,4506.91,214.35999999999967
C123,22,4721.07,214.15999999999985
C123,23,4935.39,214.32000000000062
C123,24,5148.49,213.09999999999945
C123,25,5361.51,213.02000000000044
C123,26,5576.24,214.72999999999956
C123,27,5789.9,213.65999999999985
C123,28,6005.31,215.41000000000076
C123,29,6217.17,211.85999999999967
C123,30,6430.37,213.19999999999982
C123,31,6643.34,212.97000000000025
C123,32,6857.59,214.25
C123,33,7070.4,212.8099999999995
C123,34,7285.13,214.73000000000047
C123,35,7500.05,214.92000000000007
C123,36,7713.53,213.47999999999956
C123,37,7928.78,215.25
C123,38,8143.22,214.4400000000005
C123,39,8357.01,213.78999999999996
C123,40,8571.15,214.13999999999942
C123,41,8785.36,214.21000000000095
C123,42,9000.65,215.28999999999905
C123,43,9215.42,214.77000000000044
C123,44,9430.38,214.95999999999913
C123,45,9645.23,214.85000000000036
C123,46,9860.03,214.8000000000011
C123,47,10074.9,214.86999999999898
C123,48,10289.8,214.89999999999964
C123,49,10504.9,215.10000000000036
C123,50,10720.7,215.8000000000011
C123,51,10935.5,214.79999999999927
C123,52,11150.2,214.70000000000073
C123,53,11365.9,215.6999999999989
C123,54,11581.5,215.60000000000036
C123,55,11797.1,215.60000000000036
C123,56,12012.8,215.6999999999989
C123,57,12227.1,214.3000000000011
C123,58,12444.0,216.89999999999964
C123,59,12658.5,214.5
C123,60,12874.3,215.79999999999927
C123,61,13089.5,215.20000000000073
C123,62,13305.0,215.5
C123,63,13520.3,215.29999999999927
C123,64,13734.5,214.20000000000073
C123,65,13948.0,213.5
C123,66,14162.5,214.5
C123,67,14377.6,215.10000000000036
C123,68,14591.1,213.5
C123,69,14805.7,214.60000000000036
C123,70,15020.9,215.1999999999989
C123,71,15234.4,213.5
C123,72,15448.3,213.89999999999964
C123,73,15663.6,215.3000000000011
C123,74,15878.3,214.6999999999989
C123,75,16093.0,214.70000000000073
C123,76,16306.8,213.79999999999927
C123,77,16521.4,214.60000000000218
C123,78,16736.1,214.6999999999971
C123,79,16950.6,214.5
C123,80,17165.6,215.0
C123,81,17378.5,212.90000000000146
C123,82,17591.4,212.90000000000146
C123,83,17806.4,215.0
C123,84,18020.1,213.6999999999971
C123,85,18235.0,214.90000000000146
C123,86,18448.6,213.59999999999854
C123,87,18664.0,215.40000000000146
C123,88,18878.4,214.40000000000146
C123,89,19091.5,213.09999999999854
C123,90,19307.6,216.09999999999854
C123,91,19521.4,213.8000000000029
C123,92,19733.9,212.5
C123,93,19946.5,212.59999999999854
C123,94,20162.5,216.0
C123,95,20375.9,213.40000000000146
C123,96,20591.0,215.09999999999854
C123,97,20804.9,213.90000000000146
C123,98,21020.4,215.5
C123,99,21234.3,213.89999999999782
C123,100,21448.8,214.5
C123,101,21664.0,215.20000000000073
C123,102,21880.2,216.20000000000073
C123,103,22095.4,215.20000000000073
C123,104,22311.2,215.79999999999927
C123,105,22526.0,214.79999999999927
C123,106,22741.5,215.5
C123,107,22961.7,220.20000000000073
C123,108,23184.8,223.09999999999854
C123,109,23405.2,220.40000000000146
C123,110,23625.3,220.09999999999854
C123,111,23845.3,220.0
C123,112,24066.5,221.20000000000073
C123,113,24285.8,219.29999999999927
C123,114,24501.0,215.20000000000073
C123,115,24722.3,221.29999999999927
C123,116,24937.6,215.29999999999927
C123,117,25151.5,213.90000000000146
C123,118,25369.7,218.20000000000073
C123,119,25588.6,218.89999999999782
C123,120,25807.4,218.8000000000029
C123,121,26025.3,217.89999999999782
C123,122,26245.3,220.0
C123,123,26464.0,218.70000000000073
C123,124,26683.8,219.79999999999927
C123,125,26902.8,219.0
C123,126,27118.7,215.90000000000146
C123,127,27333.9,215.20000000000073
C123,128,27551.1,217.1999999999971
C123,129,27766.9,215.8000000000029
C123,130,27981.9,215.0
C123,131,28196.8,214.89999999999782
C123,132,28410.8,214.0
C123,133,28966.2,555.4000000000015
C123,134,29849.3,883.0999999999985
C123,135,30242.8,393.5
C123,136,30481.0,238.20000000000073
C123,137,30747.3,266.2999999999993
C123,138,31208.3,461.0
C123,139,31601.4,393.1000000000022
C123,140,31921.5,320.09999999999854
C123,141,32167.6,246.09999999999854
C123,142,32563.4,395.8000000000029
C123,143,32934.3,370.90000000000146
C123,144,33216.0,281.6999999999971
C123,145,33557.9,341.90000000000146
C123,146,33842.0,284.09999999999854
C123,147,34133.5,291.5
C123,148,34422.7,289.1999999999971
C123,149,34792.5,369.8000000000029
C123,150,35099.4,306.90000000000146
C123,151,35326.0,226.59999999999854
C123,152,35538.2,212.1999999999971
C123,153,35750.1,211.90000000000146
C123,154,35960.6,210.5
C123,155,36170.3,209.70000000000437
C123,156,36381.4,211.09999999999854
C123,157,36592.7,211.29999999999563
C123,158,36804.8,212.10000000000582
C123,159,37018.1,213.29999999999563
C123,160,37228.4,210.3000000000029
C123,161,37441.7,213.29999999999563
C123,162,37653.5,211.8000000000029
C123,163,37866.1,212.59999999999854
C123,164,38079.5,213.40000000000146
C123,165,38294.6,215.09999999999854
C123,166,38507.1,212.5
C123,167,38719.6,212.5
C123,168,38931.0,211.40000000000146
C123,169,39144.5,213.5
C123,170,39356.7,212.1999999999971
C123,171,39568.0,211.3000000000029
C123,172,39780.3,212.3000000000029
C123,173,39992.0,211.6999999999971
C123,174,40204.3,212.3000000000029
C123,175,40415.8,211.5
C123,176,40626.1,210.29999999999563
C123,177,40838.1,212.0
C123,178,41049.2,211.09999999999854
C123,179,41260.2,211.0
C123,180,41474.0,213.8000000000029
C123,181,41686.6,212.59999999999854
C123,182,41898.8,212.20000000000437
C123,183,42110.5,211.6999999999971
C123,184,42320.0,209.5
C123,185,42540.0,220.0
C123,186,42761.2,221.1999999999971
C123,187,42981.4,220.20000000000437
C123,188,43201.4,220.0
C123,189,43421.6,220.1999999999971
C123,190,43641.2,219.59999999999854
C123,191,43862.9,221.70000000000437
C123,192,44080.5,217.59999999999854
C123,193,44300.8,220.3000000000029
C123,194,44521.6,220.79999999999563
C123,195,44741.9,220.3000000000029
C123,196,44962.8,220.90000000000146
C123,197,45183.0,220.1999999999971
C123,198,45402.1,219.09999999999854
C123,199,45620.1,218.0
C123,200,45835.9,215.8000000000029
R0,1,265.634,265.634
R0,2,520.917,255.28300000000002
R0,3,773.174,252.25699999999995
R0,4,1025.7,252.52600000000007
R0,5,1277.17,251.47000000000003
R0,6,1528.28,251.1099999999999
R0,7,1779.44,251.16000000000008
R0,8,2031.28,251.83999999999992
R0,9,2282.44,251.16000000000008
R0,10,2533.95,251.50999999999976
R0,11,2786.73,252.7800000000002
R0,12,3038.27,251.53999999999996
R0,13,3289.6,251.32999999999993
R0,14,3540.38,250.7800000000002
R0,15,3792.73,252.3499999999999
R0,16,4044.26,251.5300000000002
R0,17,4296.5,252.23999999999978
R0,18,4547.8,251.30000000000018
R0,19,4798.72,250.92000000000007
R0,20,5050.7,251.97999999999956
R0,21,5301.96,251.26000000000022
R0,22,5553.15,251.1899999999996
R0,23,5804.13,250.98000000000047
R0,24,6054.34,250.21000000000004
R0,25,6305.78,251.4399999999996
R0,26,6556.53,250.75
R0,27,6808.73,252.19999999999982
R0,28,7060.38,251.65000000000055
R0,29,7311.27,250.89000000000033
R0,30,7563.1,251.82999999999993
R0,31,7814.6,251.5
R0,32,8065.46,250.85999999999967
R0,33,8316.27,250.8100000000004
R0,34,8567.15,250.8799999999992
R0,35,8817.98,250.82999999999993
R0,36,9068.65,250.67000000000007
R0,37,9319.16,250.51000000000022
R0,38,9569.44,250.28000000000065
R0,39,9819.09,249.64999999999964
R0,40,10070.5,251.40999999999985
R0,41,10321.7,251.20000000000073
R0,42,10571.9,250.1999999999989
R0,43,10822.1,250.20000000000073
R0,44,11073.8,251.6999999999989
R0,45,11325.0,251.20000000000073
R0,46,11574.9,249.89999999999964
R0,47,11824.0,249.10000000000036
R0,48,12074.1,250.10000000000036
R0,49,12325.6,251.5
R0,50,12577.0,251.39999999999964
R0,51,12827.6,250.60000000000036
R0,52,13079.2,251.60000000000036
R0,53,13331.2,252.0
R0,54,13581.6,250.39999999999964
R0,55,13832.9,251.29999999999927
R0,56,14084.4,251.5
R0,57,14334.3,249.89999999999964
R0,58,14585.5,251.20000000000073
R0,59,14836.3,250.79999999999927
R0,60,15087.8,251.5
R0,61,15339.9,252.10000000000036
R0,62,15591.9,252.0
R0,63,15842.8,250.89999999999964
R0,64,16093.9,251.10000000000036
R0,65,16344.6,250.70000000000073
R0,66,16595.4,250.8000000000011
R0,67,16847.0,251.59999999999854
R0,68,17103.3,256.2999999999993
R0,69,17355.2,251.90000000000146
R0,70,17605.7,250.5
R0,71,17856.9,251.20000000000073
R0,72,18108.3,251.39999999999782
R0,73,18359.0,250.70000000000073
R0,74,18609.3,250.29999999999927
R0,75,18862.0,252.70000000000073
R0,76,19113.8,251.79999999999927
R0,77,19364.3,250.5
R0,78,19614.6,250.29999999999927
R0,79,19864.9,250.3000000000029
R0,80,20114.9,250.0
R0,81,20365.1,250.1999999999971
R0,82,20616.3,251.20000000000073
R0,83,20866.8,250.5
R0,84,21117.2,250.40000000000146
R0,85,21368.4,251.20000000000073
R0,86,21619.5,251.09999999999854
R0,87,21870.2,250.70000000000073
R0,88,22120.9,250.70000000000073
R0,89,22372.5,251.59999999999854
R0,90,22624.1,251.59999999999854
R0,91,22876.5,252.40000000000146
R0,92,23128.2,251.70000000000073
R0,93,23378.9,250.70000000000073
R0,94,23630.1,251.1999999999971
R0,95,23882.8,252.70000000000073
R0,96,24135.1,252.29999999999927
R0,97,24386.1,251.0
R0,98,24636.1,250.0
R0,99,24886.6,250.5
R0,100,25137.4,250.8000000000029
R0,101,25387.3,249.89999999999782
R0,102,25639.5,252.20000000000073
R0,103,25889.9,250.40000000000146
R0,104,26141.3,251.39999999999782
R0,105,26392.9,251.60000000000218
R0,106,26644.5,251.59999999999854
R0,107,26895.2,250.70000000000073
R0,108,27146.1,250.89999999999782
R0,109,27396.8,250.70000000000073
R0,110,27647.5,250.70000000000073
R0,111,27897.8,250.29999999999927
R0,112,28149.2,251.40000000000146
R0,113,28400.8,251.59999999999854
R0,114,28652.0,251.20000000000073
R0,115,28902.6,250.59999999999854
R0,116,29154.4,251.8000000000029
R0,117,29406.1,251.6999999999971
R0,118,29658.0,251.90000000000146
R0,119,29908.9,250.90000000000146
R0,120,30159.5,250.59999999999854
R0,121,30409.6,250.09999999999854
R0,122,30659.6,250.0
R0,123,30909.5,249.90000000000146
R0,124,31161.4,251.90000000000146
R0,125,31412.4,251.0
R0,126,31663.7,251.29999999999927
R0,127,31915.4,251.70000000000073
R0,128,32166.0,250.59999999999854
R0,129,32417.7,251.70000000000073
R0,130,32668.3,250.59999999999854
R0,131,32920.1,251.79999999999927
R0,132,33170.5,250.40000000000146
R0,133,33422.7,252.1999999999971
R0,134,33674.2,251.5
R0,135,33925.0,250.8000000000029
R0,136,34175.7,250.6999999999971
R0,137,34426.7,251.0
R0,138,34677.5,250.8000000000029
R0,139,34928.3,250.8000000000029
R0,140,35180.5,252.1999999999971
R0,141,35431.2,250.6999999999971
R0,142,35680.2,249.0
R0,143,35930.5,250.3000000000029
R0,144,36181.1,250.59999999999854
R0,145,36431.0,249.90000000000146
R0,146,36680.6,249.59999999999854
R0,147,36931.6,251.0
R0,148,37182.7,251.09999999999854
R0,149,37433.0,250.3000000000029
R0,150,37683.6,250.59999999999854
R0,151,37933.4,249.8000000000029
R0,152,38183.0,249.59999999999854
R0,153,38433.8,250.8000000000029
R0,154,38684.5,250.6999999999971
R0,155,38934.9,250.40000000000146
R0,156,39198.7,263.79999999999563
R0,157,39458.3,259.6000000000058
R0,158,39721.3,263.0
R0,159,39984.0,262.6999999999971
R0,160,40246.6,262.59999999999854
R0,161,40530.9,284.3000000000029
R0,162,40798.9,268.0
R0,163,41077.7,278.79999999999563
R0,164,41329.8,252.10000000000582
R0,165,41582.9,253.09999999999854
R0,166,41835.3,252.40000000000146
R0,167,42088.4,253.09999999999854
R0,168,42347.2,258.79999999999563
R0,169,42600.4,253.20000000000437
R0,170,42853.4,253.0
R0,171,43113.1,259.6999999999971
R0,172,43365.9,252.8000000000029
R0,173,43620.0,254.09999999999854
R0,174,43872.6,252.59999999999854
R0,175,44124.2,251.59999999999854
R0,176,44376.2,252.0
R0,177,44626.9,250.70000000000437
R0,178,44877.9,251.0
R0,179,45129.2,251.29999999999563
R0,180,45380.6,251.40000000000146
R0,181,45632.0,251.40000000000146
R0,182,45883.0,251.0
R0,183,46133.8,250.8000000000029
R0,184,46383.9,250.09999999999854
R0,185,46635.3,251.40000000000146
R0,186,46886.6,251.29999999999563
R0,187,47137.9,251.3000000000029
R0,188,47388.8,250.90000000000146
R0,189,47640.0,251.1999999999971
R0,190,47891.4,251.40000000000146
R0,191,48142.4,251.0
R0,192,48362.9,220.5
R0,193,48566.6,203.6999999999971
R0,194,48769.0,202.40000000000146
R0,195,48974.0,205.0
R0,196,49175.2,201.1999999999971
R0,197,49377.0,201.8000000000029
R0,198,49578.9,201.90000000000146
R0,199,49780.8,201.90000000000146
R0,200,49984.3,203.5
R42,1,219.378,219.378
R42,2,423.457,204.079
R42,3,627.034,203.577
R42,4,831.211,204.17700000000002
R42,5,1034.57,203.35899999999992
R42,6,1238.14,203.57000000000016
R42,7,1443.6,205.4599999999998
R42,8,1646.07,202.47000000000003
R42,9,1848.62,202.54999999999995
R42,10,2053.32,204.70000000000027
R42,11,2301.35,248.02999999999975
R42,12,2552.03,250.6800000000003
R42,13,2803.88,251.8499999999999
R42,14,3054.99,251.10999999999967
R42,15,3305.61,250.62000000000035
R42,16,3558.2,252.5899999999997
R42,17,3809.39,251.19000000000005
R42,18,4061.01,251.62000000000035
R42,19,4311.41,250.39999999999964
R42,20,4563.77,252.36000000000058
R42,21,4817.26,253.48999999999978
R42,22,5069.81,252.55000000000018
R42,23,5322.49,252.67999999999938
R42,24,5574.17,251.6800000000003
R42,25,5825.74,251.5699999999997
R42,26,6078.16,252.42000000000007
R42,27,6330.47,252.3100000000004
R42,28,6583.73,253.2599999999993
R42,29,6834.11,250.3800000000001
R42,30,7085.2,251.09000000000015
R42,31,7334.86,249.65999999999985
R42,32,7586.7,251.84000000000015
R42,33,7837.19,250.48999999999978
R42,34,8089.59,252.40000000000055
R42,35,8341.8,252.20999999999913
R42,36,8593.79,251.9900000000016
R42,37,8843.64,249.84999999999854
R42,38,9096.41,252.77000000000044
R42,39,9348.02,251.61000000000058
R42,40,9599.95,251.9300000000003
R42,41,9852.58,252.6299999999992
R42,42,10103.5,250.92000000000007
R42,43,10355.0,251.5
R42,44,10607.0,252.0
R42,45,10859.0,252.0
R42,46,11109.5,250.5
R42,47,11362.7,253.20000000000073
R42,48,11614.5,251.79999999999927
R42,49,11865.9,251.39999999999964
R42,50,12117.2,251.3000000000011
R42,51,12367.9,250.6999999999989
R42,52,12618.3,250.39999999999964
R42,53,12869.3,251.0
R42,54,13120.8,251.5
R42,55,13372.3,251.5
R42,56,13624.4,252.10000000000036
R42,57,13874.6,250.20000000000073
R42,58,14126.4,251.79999999999927
R42,59,14376.6,250.20000000000073
R42,60,14627.7,251.10000000000036
R42,61,14879.1,251.39999999999964
R42,62,15130.1,251.0
R42,63,15382.2,252.10000000000036
R42,64,15635.2,253.0
R42,65,15885.8,250.59999999999854
R42,66,16137.2,251.40000000000146
R42,67,16388.2,251.0
R42,68,16639.3,251.09999999999854
R42,69,16892.4,253.10000000000218
R42,70,17144.3,251.89999999999782
R42,71,17395.5,251.20000000000073
R42,72,17645.5,250.0
R42,73,17897.3,251.79999999999927
R42,74,18149.1,251.79999999999927
R42,75,18400.5,251.40000000000146
R42,76,18651.0,250.5
R42,77,18902.2,251.20000000000073
R42,78,19153.6,251.39999999999782
R42,79,19406.0,252.40000000000146
R42,80,19659.2,253.20000000000073
R42,81,19910.4,251.20000000000073
R42,82,20160.6,250.1999999999971
R42,83,20411.9,251.3000000000029
R42,84,20663.4,251.5
R42,85,20913.3,249.89999999999782
R42,86,21165.5,252.20000000000073
R42,87,21418.8,253.29999999999927
R42,88,21669.5,250.70000000000073
R42,89,21920.1,250.59999999999854
R42,90,22171.5,251.40000000000146
R42,91,22421.9,250.40000000000146
R42,92,22672.3,250.39999999999782
R42,93,22925.6,253.29999999999927
R42,94,23176.9,251.3000000000029
R42,95,23429.3,252.39999999999782
R42,96,23681.3,252.0
R42,97,23931.9,250.60000000000218
R42,98,24184.4,252.5
R42,99,24435.1,250.6999999999971
R42,100,24686.3,251.20000000000073
R42,101,24938.1,251.79999999999927
R42,102,25188.8,250.70000000000073
R42,103,25440.1,251.29999999999927
R42,104,25692.8,252.70000000000073
R42,105,25942.9,250.10000000000218
R42,106,26194.3,251.39999999999782
R42,107,26447.2,252.90000000000146
R42,108,26699.1,251.89999999999782
R42,109,26952.0,252.90000000000146
R42,110,27202.8,250.79999999999927
R42,111,27454.7,251.90000000000146
R42,112,27707.2,252.5
R42,113,27959.4,252.20000000000073
R42,114,28211.6,252.1999999999971
R42,115,28463.0,251.40000000000146
R42,116,28715.0,252.0
R42,117,28967.9,252.90000000000146
R42,118,29219.4,251.5
R42,119,29472.2,252.79999999999927
R42,120,29724.8,252.59999999999854
R42,121,29977.6,252.79999999999927
R42,122,30230.7,253.10000000000218
R42,123,30482.7,252.0
R42,124,30734.7,252.0
R42,125,30987.2,252.5
R42,126,31238.6,251.39999999999782
R42,127,31490.4,251.8000000000029
R42,128,31741.6,251.1999999999971
R42,129,31994.0,252.40000000000146
R42,130,32245.3,251.29999999999927
R42,131,32496.0,250.70000000000073
R42,132,32746.8,250.79999999999927
R42,133,32997.8,251.00000000000364
R42,134,33249.7,251.89999999999418
R42,135,33500.4,250.70000000000437
R42,136,33752.6,252.1999999999971
R42,137,34005.2,252.59999999999854
R42,138,34257.5,252.3000000000029
R42,139,34509.2,251.6999999999971
R42,140,34760.5,251.3000000000029
R42,141,35013.5,253.0
R42,142,35264.7,251.1999999999971
R42,143,35516.9,252.20000000000437
R42,144,35768.3,251.40000000000146
R42,145,36018.5,250.1999999999971
R42,146,36268.1,249.59999999999854
R42,147,36520.0,251.90000000000146
R42,148,36772.9,252.90000000000146
R42,149,37023.4,250.5
R42,150,37275.6,252.1999999999971
R42,151,37525.8,250.20000000000437
R42,152,37779.4,253.59999999999854
R42,153,38029.5,250.09999999999854
R42,154,38279.9,250.40000000000146
R42,155,38532.0,252.09999999999854
R42,156,38785.0,253.0
R42,157,39036.7,251.6999999999971
R42,158,39288.7,252.0
R42,159,39539.2,250.5
R42,160,39788.0,248.8000000000029
R42,161,40039.9,251.90000000000146
R42,162,40292.2,252.29999999999563
R42,163,40541.5,249.3000000000029
R42,164,40793.0,251.5
R42,165,41048.9,255.90000000000146
R42,166,41317.4,268.5
R42,167,41583.5,266.09999999999854
R42,168,41851.1,267.59999999999854
R42,169,42116.5,265.40000000000146
R42,170,42395.8,279.3000000000029
R42,171,42660.7,264.8999999999942
R42,172,42931.0,270.3000000000029
R42,173,43210.8,279.8000000000029
R42,174,43478.2,267.3999999999942
R42,175,43745.6,267.40000000000146
R42,176,44014.1,268.5
R42,177,44288.2,274.09999999999854
R42,178,44554.3,266.1000000000058
R42,179,44818.5,264.1999999999971
R42,180,45090.8,272.3000000000029
R42,181,45354.6,263.79999999999563
R42,182,45617.6,263.0
R42,183,45878.4,260.8000000000029
R42,184,46140.7,262.29999999999563
R42,185,46401.2,260.5
R42,186,46661.2,260.0
R42,187,46919.5,258.3000000000029
R42,188,47178.2,258.6999999999971
R42,189,47437.3,259.1000000000058
R42,190,47694.4,257.09999999999854
R42,191,47952.7,258.29999999999563
R42,192,48211.1,258.40000000000146
R42,193,48472.6,261.5
R42,194,48731.0,258.40000000000146
R42,195,48990.5,259.5
R42,196,49250.6,260.09999999999854
R42,197,49510.7,260.09999999999854
R42,198,49770.5,259.8000000000029
R42,199,50030.9,260.40000000000146
R42,200,50290.4,259.5
R123,1,214.011,214.011
R123,2,416.616,202.605
R123,3,618.742,202.12599999999998
R123,4,819.472,200.73000000000002
R123,5,1021.09,201.61800000000005
R123,6,1223.13,202.04000000000008
R123,7,1423.31,200.17999999999984
R123,8,1621.83,198.51999999999998
R123,9,1822.68,200.85000000000014
R123,10,2024.31,201.62999999999988
R123,11,2225.49,201.17999999999984
R123,12,2427.28,201.79000000000042
R123,13,2626.72,199.4399999999996
R123,14,2826.36,199.64000000000033
R123,15,3026.34,199.98000000000002
R123,16,3225.04,198.69999999999982
R123,17,3425.41,200.3699999999999
R123,18,3626.64,201.23000000000002
R123,19,3829.08,202.44000000000005
R123,20,4030.48,201.4000000000001
R123,21,4230.21,199.73000000000002
R123,22,4431.54,201.32999999999993
R123,23,4632.14,200.60000000000036
R123,24,4834.47,202.32999999999993
R123,25,5037.57,203.09999999999945
R123,26,5239.08,201.51000000000022
R123,27,5439.25,200.17000000000007
R123,28,5653.26,214.01000000000022
R123,29,5861.31,208.05000000000018
R123,30,6062.08,200.76999999999953
R123,31,6264.54,202.46000000000004
R123,32,6473.3,208.76000000000022
R123,33,6682.66,209.35999999999967
R123,34,6903.97,221.3100000000004
R123,35,7134.64,230.67000000000007
R123,36,7365.03,230.38999999999942
R123,37,7595.31,230.28000000000065
R123,38,7823.4,228.08999999999924
R123,39,8052.71,229.3100000000004
R123,40,8284.02,231.3100000000004
R123,41,8513.91,229.88999999999942
R123,42,8744.59,230.6800000000003
R123,43,8974.1,229.51000000000022
R123,44,9203.72,229.61999999999898
R123,45,9433.45,229.73000000000138
R123,46,9664.13,230.67999999999847
R123,47,9892.49,228.36000000000058
R123,48,10120.9,228.40999999999985
R123,49,10350.4,229.5
R123,50,10581.8,231.39999999999964
R123,51,10810.4,228.60000000000036
R123,52,11039.1,228.70000000000073
R123,53,11269.0,229.89999999999964
R123,54,11498.8,229.79999999999927
R123,55,11733.0,234.20000000000073
R123,56,11961.1,228.10000000000036
R123,57,12192.3,231.1999999999989
R123,58,12421.1,228.8000000000011
R123,59,12649.9,228.79999999999927
R123,60,12879.6,229.70000000000073
R123,61,13109.4,229.79999999999927
R123,62,13338.9,229.5
R123,63,13570.1,231.20000000000073
R123,64,13799.2,229.10000000000036
R123,65,14029.2,230.0
R123,66,14259.9,230.6999999999989
R123,67,14489.1,229.20000000000073
R123,68,14718.7,229.60000000000036
R123,69,14948.4,229.6999999999989
R123,70,15178.8,230.39999999999964
R123,71,15408.5,229.70000000000073
R123,72,15638.1,229.60000000000036
R123,73,15868.2,230.10000000000036
R123,74,16097.7,229.5
R123,75,16326.9,229.1999999999989
R123,76,16557.2,230.3000000000011
R123,77,16787.1,229.89999999999782
R123,78,17016.0,228.90000000000146
R123,79,17245.4,229.40000000000146
R123,80,17475.1,229.6999999999971
R123,81,17705.2,230.10000000000218
R123,82,17934.1,228.89999999999782
R123,83,18161.7,227.60000000000218
R123,84,18391.6,229.89999999999782
R123,85,18620.8,229.20000000000073
R123,86,18851.8,231.0
R123,87,19081.4,229.60000000000218
R123,88,19311.8,230.39999999999782
R123,89,19541.1,229.29999999999927
R123,90,19771.2,230.10000000000218
R123,91,20001.6,230.39999999999782
R123,92,20231.5,229.90000000000146
R123,93,20462.2,230.70000000000073
R123,94,20693.9,231.70000000000073
R123,95,20924.1,230.1999999999971
R123,96,21155.2,231.10000000000218
R123,97,21384.2,229.0
R123,98,21614.1,229.89999999999782
R123,99,21844.1,230.0
R123,100,22071.9,227.8000000000029
R123,101,22301.3,229.39999999999782
R123,102,22531.8,230.5
R123,103,22759.9,228.10000000000218
R123,104,22989.7,229.79999999999927
R123,105,23220.3,230.59999999999854
R123,106,23447.9,227.60000000000218
R123,107,23675.6,227.6999999999971
R123,108,23903.6,228.0
R123,109,24132.8,229.20000000000073
R123,110,24362.1,229.29999999999927
R123,111,24591.5,229.40000000000146
R123,112,24821.8,230.29999999999927
R123,113,25050.8,229.0
R123,114,25280.6,229.79999999999927
R123,115,25509.7,229.10000000000218
R123,116,25734.7,225.0
R123,117,25962.9,228.20000000000073
R123,118,26191.1,228.1999999999971
R123,119,26419.9,228.8000000000029
R123,120,26649.3,229.39999999999782
R123,121,26880.0,230.70000000000073
R123,122,27109.8,229.79999999999927
R123,123,27337.7,227.90000000000146
R123,124,27567.3,229.59999999999854
R123,125,27794.7,227.40000000000146
R123,126,28024.1,229.39999999999782
R123,127,28253.0,228.90000000000146
R123,128,28483.0,230.0
R123,129,28713.5,230.5
R123,130,28944.4,230.90000000000146
R123,131,29174.2,229.79999999999927
R123,132,29404.0,229.79999999999927
R123,133,29632.5,228.5
R123,134,29862.8,230.29999999999927
R123,135,30093.6,230.79999999999927
R123,136,30323.8,230.20000000000073
R123,137,30551.7,227.90000000000146
R123,138,30779.4,227.70000000000073
R123,139,31008.6,229.1999999999971
R123,140,31238.4,229.8000000000029
R123,141,31463.0,224.59999999999854
R123,142,31692.5,229.5
R123,143,31922.7,230.20000000000073
R123,144,32152.9,230.20000000000073
R123,145,32381.7,228.79999999999927
R123,146,32611.0,229.29999999999927
R123,147,32840.9,229.90000000000146
R123,148,33070.2,229.29999999999563
R123,149,33299.9,229.70000000000437
R123,150,33527.9,228.0
R123,151,33768.5,240.59999999999854
R123,152,34012.1,243.59999999999854
R123,153,34257.5,245.40000000000146
R123,154,34503.7,246.1999999999971
R123,155,34749.3,245.60000000000582
R123,156,34997.6,248.29999999999563
R123,157,35262.0,264.40000000000146
R123,158,35509.9,247.90000000000146
R123,159,35768.6,258.6999999999971
R123,160,36002.2,233.59999999999854
R123,161,36235.6,233.40000000000146
R123,162,36469.5,233.90000000000146
R123,163,36702.5,233.0
R123,164,36941.1,238.59999999999854
R123,165,37179.4,238.3000000000029
R123,166,37412.4,233.0
R123,167,37655.6,243.1999999999971
R123,168,37888.1,232.5
R123,169,38122.2,234.09999999999854
R123,170,38355.0,232.8000000000029
R123,171,38585.5,230.5
R123,172,38816.6,231.09999999999854
R123,173,39046.1,229.5
R123,174,39276.1,230.0
R123,175,39504.1,228.0
R123,176,39732.0,227.90000000000146
R123,177,39962.1,230.09999999999854
R123,178,40193.0,230.90000000000146
R123,179,40423.8,230.8000000000029
R123,180,40653.6,229.79999999999563
R123,181,40886.1,232.5
R123,182,41118.3,232.20000000000437
R123,183,41351.8,233.5
R123,184,41583.4,231.59999999999854
R123,185,41817.5,234.09999999999854
R123,186,42049.6,232.09999999999854
R123,187,42283.4,233.8000000000029
R123,188,42517.3,233.90000000000146
R123,189,42749.3,232.0
R123,190,42981.6,232.29999999999563
R123,191,43214.1,232.5
R123,192,43443.1,229.0
R123,193,43674.5,231.40000000000146
R123,194,43903.8,229.3000000000029
R123,195,44134.9,231.09999999999854
R123,196,44364.0,229.09999999999854
R123,197,44592.7,228.6999999999971
R123,198,44820.3,227.60000000000582
R123,199,45051.7,231.39999999999418
R123,200,45282.7,231.0
S42,1,947.797,947.797
S42,2,1884.44,936.643
S42,3,2819.65,935.21
S42,4,3756.46,936.81
S42,5,4694.15,937.6899999999996
S42,6,5628.91,934.7600000000002
S42,7,6566.7,937.79
S42,8,7501.36,934.6599999999999
S42,9,8439.05,937.6899999999996
S42,10,9378.22,939.1700000000001
S42,11,10316.2,937.9800000000014
S42,12,11256.0,939.7999999999993
S42,13,12194.5,938.5
S42,14,13131.4,936.8999999999996
S42,15,14066.2,934.8000000000011
S42,16,15006.1,939.8999999999996
S42,17,15942.4,936.2999999999993
S42,18,16883.2,940.8000000000011
S42,19,17822.4,939.2000000000007
S42,20,18757.4,935.0
S42,21,19695.0,937.5999999999985
S42,22,20630.9,935.9000000000015
S42,23,21567.4,936.5
S42,24,22502.0,934.5999999999985
S42,25,23436.0,934.0
S42,26,24372.4,936.4000000000015
S42,27,25306.8,934.3999999999978
S42,28,26239.1,932.2999999999993
S42,29,27187.6,948.5
S42,30,28169.8,982.2000000000007
S42,31,29169.5,999.7000000000007
S42,32,30116.9,947.4000000000015
S42,33,31075.7,958.7999999999993
S42,34,32019.4,943.7000000000007
S42,35,32953.8,934.4000000000015
S42,36,33885.5,931.6999999999971
S42,37,34822.0,936.5
S42,38,35757.9,935.9000000000015
S42,39,36692.4,934.5
S42,40,37620.8,928.4000000000015
S42,41,38549.1,928.2999999999956
S42,42,39108.2,559.0999999999985
S42,43,39658.9,550.7000000000044
S42,44,40218.1,559.1999999999971
S42,45,40778.4,560.3000000000029
S42,46,41343.0,564.5999999999985
S42,47,41904.4,561.4000000000015
S42,48,42460.2,555.7999999999956
S42,49,43018.2,558.0
S42,50,43575.3,557.1000000000058
S42,51,44134.1,558.7999999999956
S42,52,44691.3,557.2000000000044
S42,53,45248.4,557.0999999999985
S42,54,45916.3,667.9000000000015
S42,55,46874.4,958.0999999999985
S42,56,47458.6,584.1999999999971
S42,57,48632.1,1173.5
M42,1,635.683,635.683
M42,2,1256.76,621.077
M42,3,1875.58,618.8199999999999
M42,4,2495.9,620.3200000000002
M42,5,3118.99,623.0899999999997
M42,6,3743.07,624.0800000000004
M42,7,4362.48,619.4099999999994
M42,8,4986.17,623.6900000000005
M42,9,5605.41,619.2399999999998
M42,10,6221.65,616.2399999999998
M42,11,6838.14,616.4900000000007
M42,12,7456.95,618.8099999999995
M42,13,8074.39,617.4400000000005
M42,14,9110.03,1035.6400000000003
M42,15,11257.8,2147.7699999999986
M42,16,12386.2,1128.4000000000015
M42,17,13321.0,934.7999999999993
M42,18,14166.2,845.2000000000007
M42,19,14782.8,616.5999999999985
M42,20,15399.9,617.1000000000004
M42,21,16258.8,858.8999999999996
M42,22,17117.4,858.6000000000022
M42,23,17958.2,840.7999999999993
M42,24,18660.1,701.8999999999978
M42,25,19277.5,617.4000000000015
M42,26,19896.2,618.7000000000007
M42,27,20510.6,614.3999999999978
M42,28,21125.0,614.4000000000015
M42,29,21746.9,621.9000000000015
M42,30,22366.6,619.6999999999971
M42,31,22979.0,612.4000000000015
M42,32,23599.9,620.9000000000015
M42,33,24218.8,618.8999999999978
M42,34,24833.5,614.7000000000007
M42,35,25468.0,634.5
M42,36,26367.4,899.4000000000015
M42,37,27338.5,971.0999999999985
M42,38,28319.0,980.5
M42,39,29296.1,977.0999999999985
M42,40,30278.5,982.4000000000015
