dataset,id,n_common_objects,rgb_luminance,teacher_only_fraction,student_only_fraction,teacher_only_strict_low_fraction,both_hit_loc_delta_mean,P3_fg_delta_cka,P3_bg_delta_cka,P4_fg_delta_cka,P4_bg_delta_cka,P5_fg_delta_cka,P5_bg_delta_cka
dronevehicle,00006,18,7.644718647003174,0.3888888888888889,0.0,0.2222222222222222,0.10109839982533639,0.6068424943834543,0.12402826100587845,0.6030162893235683,0.15249223709106446,0.0895980715751648,0.0955599695444107
dronevehicle,00007,23,7.788209915161133,0.13043478260869565,0.0,0.08695652173913043,0.05350035461063511,0.6336646124720573,0.1804994486272335,0.6418756287544966,0.20408549457788466,0.20744353234767915,0.14888750314712523
dronevehicle,00009,12,8.483622550964355,0.25,0.0,0.16666666666666666,0.07734025072112925,0.5048289611935616,0.14613475054502487,0.5033109851181508,0.18076610565185547,0.2127329707145691,0.20512281656265258
dronevehicle,00013,4,20.127901077270508,0.0,0.0,0.0,0.09306081297374144,0.3395043104887009,0.2253090038895607,0.30226311683654783,0.1889447584748268,0.10023341774940492,0.15300030112266538
dronevehicle,00029,11,157.1666717529297,0.0,0.09090909090909091,0.0,-0.008559962479957906,0.40258239284157754,0.27634196132421496,0.4809140577912331,0.21039657443761825,0.3391568958759308,0.2729467421770096
dronevehicle,00032,10,143.8056182861328,0.0,0.2,0.0,-0.026297715635195063,0.6003498807549477,0.14191373363137244,0.5024443089962005,0.16844083666801452,-0.13114813566207884,0.29447220265865326
dronevehicle,00037,20,168.39256286621094,0.0,0.05,0.0,-0.05889447289442765,0.8209181495010853,0.27460038661956787,0.7724619299173355,0.2467408373951912,0.5488580405712128,0.13104252517223358
dronevehicle,00043,1,21.436355590820312,1.0,0.0,1.0,,0.2551133155822754,0.2064275175333023,0.3497622966766357,0.3168282240629196,0.23381890058517452,0.19262415766716004
dronevehicle,00045,1,66.28836059570312,0.0,0.0,0.0,-0.06834766476789556,0.6188497841358185,0.2777338609099388,0.4710993766784668,0.17391320914030076,,0.15506893992424012
dronevehicle,00054,4,76.79243469238281,0.25,0.5,0.0,-0.04019064757972801,0.5953600093722343,0.1646128110587597,0.5710320025682449,0.25004792511463164,0.37348562479019165,0.19811330437660218
dronevehicle,00059,16,86.03336334228516,0.0,0.0,0.0,-0.026076566380674095,0.5878315024077893,0.273972599953413,0.5757122278213501,0.22187264114618302,0.3297139883041382,0.19765531122684477
dronevehicle,00064,7,77.80845642089844,0.0,0.0,0.0,-0.04112029910641678,0.7368330106139183,0.1609935335814953,0.6883053839206695,0.12468875870108605,0.0639040470123291,0.1453805685043335
dronevehicle,00075,1,60.20131301879883,0.0,0.0,0.0,-0.06273819032217609,0.3771715462207794,0.08930106833577156,,0.09826333075761795,,0.17038289904594422
dronevehicle,00078,1,53.34561538696289,0.0,0.0,0.0,0.11472924243472149,0.13606821298599242,0.11788605004549027,0.01494216322898867,0.13405313491821289,,0.13562400341033937
dronevehicle,00129,3,70.97297668457031,0.0,0.3333333333333333,0.0,-0.13850205183457676,0.42856194972991946,0.14727769196033477,0.5095498472452163,0.09062403067946434,0.11976171731948848,0.2142030864953995
dronevehicle,00130,4,63.5345573425293,0.0,0.0,0.0,-0.033391562600743635,0.6200115621089936,0.0829597033560276,0.665523162484169,0.055622775852680204,0.5511904358863831,0.22381972670555117
dronevehicle,00143,7,80.45152282714844,0.0,0.0,0.0,-0.05396977365718447,0.7085306435823441,0.41820402778685095,0.6035785257816315,0.2909186691045761,0.28470843434333803,0.3323041647672653
dronevehicle,00147,9,66.81641387939453,0.2222222222222222,0.0,0.2222222222222222,0.03890044588126298,0.48586360514163973,0.3559438265860081,0.5481623381376266,0.3193133756518364,0.39361358880996705,0.29442708790302274
dronevehicle,00150,4,66.1106948852539,0.0,0.5,0.0,0.03613222562562657,0.6012715056538582,0.5586461555212736,0.5483775734901428,0.43127969577908515,0.3692721605300903,0.2162421554327011
dronevehicle,00172,16,18.5416316986084,0.0625,0.0,0.0625,0.04841355750620386,0.6368154987692833,0.23038024678826333,0.6552099332213401,0.17533790022134782,0.1464224815368652,0.1914906442165375
dronevehicle,00187,26,138.28097534179688,0.038461538461538464,0.0,0.0,-0.0686215329979671,0.5019049026072026,0.32603179588913916,0.44061140939593313,0.30300909131765363,0.3435137450695038,0.10096592903137208
dronevehicle,00209,11,160.15306091308594,0.0,0.09090909090909091,0.0,-0.031462559956259906,0.7486208990216255,0.2251930668950081,0.749006487429142,0.18232751041650772,0.061093133687973034,0.18536282777786256
dronevehicle,00217,3,46.448516845703125,0.0,0.0,0.0,-0.05003024453576773,0.6928605109453201,0.3676865614950657,0.6533790320158005,0.3358491972088814,0.3073955059051514,0.21579324901103974
dronevehicle,00222,8,58.27766418457031,0.0,0.0,0.0,0.020088825088458013,0.7247312098741532,0.2753110483288765,0.7254436761140823,0.24419220983982087,0.2453034996986389,0.3084958612918854
dronevehicle,00259,24,87.8212661743164,0.0,0.0,0.0,0.04578836596651061,0.7279659777879715,0.41391163170337675,0.7453176386654377,0.33632820546627046,0.272376674413681,0.21766150891780855
dronevehicle,00261,25,87.95613861083984,0.0,0.0,0.0,0.038694329151249464,0.7916252829134465,0.42046238407492637,0.7872221007943153,0.31186811327934266,0.389018189907074,0.14521968364715576
dronevehicle,00271,11,111.86688232421875,0.0,0.0,0.0,-0.01657661416291459,0.8834893614053726,0.3141831114888191,0.8255345717072486,0.3252106137573719,0.26209056973457334,0.18673018664121627
dronevehicle,00278,11,115.8993148803711,0.0,0.0,0.0,-0.07685780102241443,0.5738473549485207,0.16331280767917633,0.5469429031014442,0.102756567299366,0.2633431196212769,0.1724651038646698
dronevehicle,00292,5,151.08277893066406,0.0,0.2,0.0,-0.03725660601252467,0.6454628929495811,0.32037242241203784,0.5951120048761368,0.22712449356913567,0.4453026235103607,0.25337574183940886
dronevehicle,00299,1,117.01020050048828,0.0,0.0,0.0,-0.005462709275986688,0.28375946879386904,0.2714417055249214,0.2718657046556473,0.17329863458871841,,0.17334293723106386
dronevehicle,00300,2,141.9233856201172,0.0,0.0,0.0,-0.008048015795702856,0.22573014944791794,0.1651437509804964,0.11769414991140364,0.1942527860403061,,0.2620933294296265
dronevehicle,00307,12,131.817626953125,0.0,0.0,0.0,-0.03476754698934747,0.7642684668302536,0.27824829444289206,0.7490212321281433,0.23109055161476136,0.1280209720134735,0.3198622316122055
dronevehicle,00322,4,151.75482177734375,0.0,0.25,0.0,-0.06078166524621217,0.6118598982691765,0.14995706975460052,0.6087691187858582,0.13496535643935204,0.39307779669761655,0.1531392216682434
dronevehicle,00328,5,78.83445739746094,0.0,0.0,0.0,-0.04724262551066081,0.6444509238004684,0.21475550830364226,0.6008575588464737,0.1864737793803215,0.18533114194869993,0.17491905093193055
dronevehicle,00330,9,91.59119415283203,0.0,0.0,0.0,0.007196858315309015,0.5685281440615654,0.3700750179588795,0.5528438299894333,0.333523029088974,0.14523938894271848,0.17267517149448397
dronevehicle,00334,21,75.56460571289062,0.09523809523809523,0.047619047619047616,0.047619047619047616,-0.033372024090462415,0.42156204134225844,0.2616685777902603,0.3975433886051178,0.26550025641918185,0.24286365509033203,0.1902001529932022
dronevehicle,00340,1,41.611976623535156,0.0,0.0,0.0,0.023095362099515793,0.28052085638046265,0.08316757827997208,0.3564994275569916,0.11987289935350418,,-0.02712770104408263
dronevehicle,00343,2,41.842899322509766,0.0,0.0,0.0,0.014257847183729078,0.5054620936512947,0.16557306349277495,0.41420930325984956,0.1401791200041771,0.15414590835571285,0.20107553303241732
dronevehicle,00346,1,128.854248046875,0.0,0.0,0.0,-0.021570035297779344,0.4141262829303741,0.19908924922347068,,0.14450929462909698,,0.1507578670978546
dronevehicle,00357,9,129.690673828125,0.0,0.0,0.0,-0.061420364284895584,0.6651314362883568,0.1893871784210205,0.5186121672391891,0.13334591761231424,0.31478880643844603,0.2518246293067932
dronevehicle,00358,15,128.9914093017578,0.0,0.0,0.0,-0.04369371583950808,0.7981549844145774,0.1663935225456953,0.7067897543311119,0.12601801119744777,0.10589618086814878,0.12893182039260864
dronevehicle,00359,19,130.37332153320312,0.0,0.0,0.0,-0.04903732211597486,0.6691975519061089,0.1823624949902296,0.6760730043053627,0.13914655819535254,0.24324376583099366,0.1500131145119667
dronevehicle,00366,28,122.33509826660156,0.0,0.0,0.0,-0.03203152995349968,0.860079313069582,0.4008626610040665,0.869140361994505,0.32449079751968385,0.37081299275159835,0.19218291342258453
dronevehicle,00390,26,74.03791046142578,0.15384615384615385,0.0,0.07692307692307693,-0.025834081515072577,0.5862745843827725,0.24524750411510468,0.6068490251898766,0.3127091214060783,0.26768594682216645,0.2514850854873657
dronevehicle,00395,6,113.13387298583984,0.3333333333333333,0.0,0.3333333333333333,-0.08278869579942008,0.43258514404296877,0.17707067131996154,0.4099165201187134,0.1733800657093525,0.04634543657302859,0.12175443172454836
dronevehicle,00399,2,113.35235595703125,0.0,0.0,0.0,-0.05675441960708011,0.6986631721258163,0.2912267126142979,0.6687969446182251,0.273884542286396,,0.0669288098812103
dronevehicle,00402,16,64.56653594970703,0.0,0.0,0.0,-0.03350625451485087,0.7702887013554574,0.2613467827439308,0.7305155605077743,0.28730088621377947,0.4079690515995026,0.28122682571411134
dronevehicle,00404,7,67.46826934814453,0.0,0.14285714285714285,0.0,-0.10617439456744726,0.18581503629684448,0.20910357162356377,0.14951335489749906,0.1594673477113247,0.3088345527648926,0.08258896470069887
dronevehicle,00408,7,69.82752990722656,0.0,0.0,0.0,0.021160985080028966,0.7623514622449875,0.28549986742436884,0.7429549157619476,0.300692680478096,0.04696623086929319,0.19147630035877228
dronevehicle,00410,6,73.3149185180664,0.0,0.0,0.0,0.032931465258497106,0.7288067474961281,0.3487230408936739,0.6222621381282807,0.28017333820462226,0.061005806922912575,0.16857152581214907
dronevehicle,00413,3,55.47784423828125,0.0,0.0,0.0,0.08010091028825102,0.6620423510670662,0.2420371614396572,0.6542137771844864,0.21296459212899208,,0.24496421217918396
dronevehicle,00420,4,90.65092468261719,0.25,0.0,0.25,-0.028268467320164897,0.3479746446013451,0.25123538374900817,0.2759872168302536,0.2116849735379219,,0.10506709516048429
dronevehicle,00421,8,90.51831817626953,0.125,0.125,0.0,0.020711470562465382,0.5606860563158989,0.3192365124821663,0.5983202368021011,0.24427086263895034,0.1942726194858551,0.08171240091323853
dronevehicle,00433,4,55.667659759521484,0.0,0.0,0.0,0.043381255284252934,0.6627653956413269,0.14377228170633316,0.5200178146362304,0.15525551363825799,,0.0707854092121124
dronevehicle,00436,2,62.184913635253906,0.0,0.0,0.0,0.005002179754283187,0.37365023493766786,0.13328816294670104,0.26608737707138064,0.1472589023411274,,0.1307499438524246
dronevehicle,00437,3,67.69500732421875,0.0,0.0,0.0,0.04421801064821288,0.26668534278869627,0.15548496656119823,0.29310281574726105,0.17495166286826133,0.13510024547576904,0.15206266939640045
dronevehicle,00438,2,73.45574188232422,0.0,0.0,0.0,-0.030169109568682073,0.6032247006893158,0.18344051912426948,0.45871535539627073,0.17059760317206382,,0.12770510017871856
dronevehicle,00450,11,144.6656036376953,0.0,0.0,0.0,-0.03213215939944121,0.5490886315703392,0.25773287639021875,0.5458935409784317,0.27554575353860855,0.09633251428604128,0.21359072327613832
dronevehicle,00459,22,137.1730499267578,0.0,0.0,0.0,-0.01799378616909918,0.8317132037132978,0.40283585116267207,0.7873374208807945,0.3669394239783287,0.49033830761909486,0.11371863484382627
dronevehicle,00464,20,134.65708923339844,0.0,0.05,0.0,0.002325327176426873,0.3817500457167625,0.414034041762352,0.3400906339287758,0.3757429555058479,0.09635279178619385,0.27687002122402193
dronevehicle,00468,18,140.13719177246094,0.0,0.0,0.0,0.05304225691870421,0.3475641246885061,0.3275921430438757,0.3144625902175903,0.28330358266830447,0.07572302818298338,0.1675751507282257
dronevehicle,00470,10,142.0138397216797,0.0,0.0,0.0,0.02494433411186602,0.34970248565077783,0.33156471252441405,0.35918880105018614,0.2931662678718567,-0.0489615023136139,0.22525185346603394
dronevehicle,00484,20,132.8394775390625,0.05,0.0,0.05,-0.0545389867938091,0.7071827974170446,0.48848908618092535,0.6938079565763473,0.42034667283296584,0.24275446534156797,0.2564502000808716
dronevehicle,00494,8,141.3282928466797,0.0,0.0,0.0,0.008831652169386556,0.7124550707638264,0.3947110868990421,0.7446338310837746,0.335193806886673,0.4774574935436249,0.34513075947761535
dronevehicle,00495,10,141.37701416015625,0.0,0.0,0.0,-0.0562240860642433,0.8067541062831879,0.3616680860519409,0.7214308768510819,0.2856923699378967,0.28797795176506047,0.21216768920421603
dronevehicle,00509,11,136.35133361816406,0.0,0.0,0.0,-0.06379536197778966,0.7825187843292951,0.13689582496881486,0.6762655273079872,0.13724533319473267,0.34949110746383666,0.20119031071662902
dronevehicle,00523,7,143.38497924804688,0.0,0.0,0.0,-0.061694335095334854,0.5030016362667084,0.40069605112075807,0.4451489135622978,0.33733737394213675,0.2612971603870392,0.26864247024059296
dronevehicle,00537,6,54.28704071044922,0.0,0.0,0.0,-0.04972510879004224,0.6606310695409775,0.3332904152572155,0.6430538207292557,0.24216478317975998,0.16211378574371338,0.25377469062805175
dronevehicle,00541,17,122.98602294921875,0.0,0.0,0.0,-0.04149198317689601,0.7784228470176459,0.4270064659416676,0.7516561940312385,0.2829852685332298,0.3134493052959442,0.22705831527709963
dronevehicle,00565,5,145.34031677246094,0.0,0.0,0.0,-0.0036310171585560713,0.7560703590512275,0.3954741504043341,0.6759354382753372,0.3693669192492962,0.4524446427822113,0.2032561242580414
dronevehicle,00567,9,100.2522964477539,0.0,0.0,0.0,-0.02323723798145468,0.7558611832559109,0.18304726406931876,0.7416371792554856,0.1350949540734291,0.39377272725105283,0.10580869913101199
dronevehicle,00572,1,75.70523834228516,0.0,0.0,0.0,0.10555382125897594,0.4547014534473419,0.2863983266055584,0.34783821105957036,0.1544276788830757,,0.07560102939605712
dronevehicle,00582,7,66.40805053710938,0.0,0.0,0.0,0.018490825571179377,0.726138623803854,0.35334356427192687,0.6969485402107238,0.22662545889616012,0.10766563415527342,0.22392120957374573
dronevehicle,00583,7,67.48514556884766,0.0,0.0,0.0,-0.02743464367061164,0.6245584309101104,0.39293258301913736,0.5635138705372811,0.2781829871237278,0.17572982907295231,0.22290247976779937
dronevehicle,00588,8,107.19743347167969,0.0,0.0,0.0,-0.02004461270251326,0.7446073554456234,0.2058391809463501,0.6736224159598351,0.15513470470905305,0.15247281789779665,0.0577374964952469
dronevehicle,00597,12,123.8470458984375,0.0,0.0,0.0,-0.07494958935385414,0.7990245379507541,0.3538284204900265,0.7485400259494781,0.2832018733024597,0.5069326817989349,0.18780944049358367
dronevehicle,00606,2,76.9823989868164,0.0,0.0,0.0,-0.018196644027224984,0.51341412961483,0.23393250480294228,0.5667858093976974,0.15758581832051277,0.4720150470733643,0.16351720690727234
dronevehicle,00607,6,79.96932983398438,0.0,0.0,0.0,0.05664332523096619,0.6511607393622398,0.21861837953329086,0.5781315043568611,0.16286301612854004,-0.04384593963623051,0.1659166097640991
dronevehicle,00608,6,76.0521240234375,0.0,0.0,0.0,-0.012839444881601178,0.6113892510533333,0.2508241146802902,0.6252598971128464,0.18700517863035201,0.19882130026817324,0.21631051301956178
dronevehicle,00614,6,90.29025268554688,0.0,0.0,0.0,-0.03943113114114105,0.6458661407232285,0.26047066748142245,0.6006216764450073,0.22671840563416482,0.2312200367450714,0.15040024518966677
dronevehicle,00618,4,87.99842071533203,0.0,0.0,0.0,-0.047249527089660404,0.6921245723962783,0.3568674262613058,0.5752466589212417,0.28056369349360466,0.14021373987197872,0.16954686641693117
dronevehicle,00625,5,132.81344604492188,0.0,0.0,0.0,-0.0787261955997303,0.5250567615032196,0.2560362994670868,0.5939814120531082,0.2554563045501709,0.33469526171684266,0.13373773097991942
dronevehicle,00632,6,121.8379135131836,0.0,0.0,0.0,-0.037613689278882666,0.6464473500847816,0.18986521065235137,0.6749281376600266,0.14196561872959138,0.25020222663879393,0.09342215359210967
dronevehicle,00635,5,125.7123794555664,0.0,0.0,0.0,-0.0339138332208879,0.47625599429011345,0.1254897691309452,0.4177934736013412,0.13184448555111886,0.06171904802322392,0.06484974622726442
dronevehicle,00636,2,124.28506469726562,0.0,0.0,0.0,-0.04671207029542235,0.2740012019872665,0.15065294802188872,0.10816346406936644,0.10620913729071617,,0.011553052067756642
dronevehicle,00643,11,119.50286102294922,0.0,0.0,0.0,-0.06514215801989726,0.6982360370457172,0.22592060789465904,0.6807238459587097,0.16369275376200676,0.24051970839500425,0.15591201186180115
dronevehicle,00648,39,133.34471130371094,0.0,0.07692307692307693,0.0,-0.01738958548882056,0.6433199599385262,0.39226048067212105,0.6682250194251538,0.24733223021030426,0.4332985311746597,0.24377213418483734
dronevehicle,00651,12,136.75765991210938,0.0,0.0,0.0,-0.03744438745971023,0.7711463607847691,0.2882440537214279,0.7148698776960373,0.22083665281534196,0.3371793270111084,0.24780616164207458
dronevehicle,00654,16,122.86691284179688,0.0,0.0,0.0,-0.006724129845355694,0.7563981108367444,0.3859499543905258,0.7197483256459236,0.313307835906744,0.2212786555290222,0.20316554009914398
dronevehicle,00655,6,145.96543884277344,0.0,0.0,0.0,0.0008254324854376124,0.39564586281776426,0.2687444411218166,0.3950705051422119,0.16401490122079848,0.049982804059982344,0.15398831367492677
dronevehicle,00663,15,139.0963897705078,0.0,0.0,0.0,-0.028901336912325697,0.7060767605900764,0.3512322440743446,0.68936517983675,0.2639555364847183,0.40917019844055175,0.24940121173858643
dronevehicle,00666,54,129.03004455566406,0.0,0.07407407407407407,0.0,-0.016991239790904517,0.765542059764266,0.21304716616868974,0.7884465090930461,0.1811031550168991,0.17903993725776673,0.18533778190612793
dronevehicle,00667,65,131.13442993164062,0.03076923076923077,0.015384615384615385,0.015384615384615385,-0.022115137166595737,0.8221018018200994,0.3880911521613598,0.8231031630188227,0.37932913154363634,0.17898441851139069,0.339096999168396
dronevehicle,00670,5,142.24374389648438,0.0,0.2,0.0,-0.02394186926186212,0.737431651353836,0.18170250058174134,0.7551565080881119,0.15702882930636405,0.4465906322002411,0.2860265880823135
dronevehicle,00693,27,136.2646484375,0.0,0.037037037037037035,0.0,-0.028227385648166858,0.7848904266953468,0.3093197479844093,0.7746392518281937,0.28273473456501963,0.627136504650116,0.23284510970115663
dronevehicle,00704,12,137.18746948242188,0.0,0.0,0.0,-0.055511715938282996,0.8254835523664952,0.30320180878043174,0.7770075380802155,0.23760434836149216,0.3315856397151947,0.10610985159873965
dronevehicle,00715,13,140.52090454101562,0.0,0.0,0.0,-0.008715612150410373,0.6421975493431091,0.33837887421250346,0.6264246076345443,0.2950776606798172,0.6368066281080246,0.10531843900680543
dronevehicle,00716,2,140.69383239746094,0.0,0.0,0.0,-0.010090916694759311,0.18785206973552704,0.17087870873510838,0.11097948551177977,0.16651613339781762,,0.2084796756505966
dronevehicle,00722,24,124.29840850830078,0.041666666666666664,0.0,0.0,-0.0013944121270359387,0.7800240829586983,0.37544292509555816,0.7581475034356118,0.31616983860731124,0.2406011879444122,0.256222739815712
dronevehicle,00736,7,138.68789672851562,0.14285714285714285,0.0,0.0,-0.00023041521086825112,0.7190311670303344,0.26269678547978403,0.6403858989477158,0.23275290206074714,0.5208899736404419,0.21840059459209443
dronevehicle,00744,15,141.23556518554688,0.0,0.06666666666666667,0.0,-0.005116339243948474,0.3115074887871742,0.2490025632083416,0.38579796254634857,0.25077536776661874,0.39476306140422823,0.21453208923339845
dronevehicle,00747,13,139.54507446289062,0.0,0.0,0.0,-0.0583263018873634,0.5702072620391846,0.21646334752440452,0.5046694666147232,0.1757630378007889,0.2778377175331116,0.20676577538251878
dronevehicle,00748,13,132.6754150390625,0.0,0.07692307692307693,0.0,-0.014090735618015326,0.551918850839138,0.2781535439193249,0.6394175067543983,0.2142419382929802,0.5700653463602066,0.1719394326210022
dronevehicle,00749,12,136.35231018066406,0.0,0.0,0.0,-0.028428549689309246,0.5074941869825125,0.3843596391379833,0.550538769364357,0.33511354625225065,0.5597845494747162,0.26632832288742064
dronevehicle,00768,56,128.21957397460938,0.0,0.0,0.0,-0.019125946792775333,0.8189221426844597,0.3823683522641659,0.8235670521855354,0.28498065173625947,0.19944347441196442,0.17495850324630735
dronevehicle,00776,12,140.09425354003906,0.0,0.0,0.0,-0.028819692337714104,0.5874505244195461,0.2844430163502693,0.5319442838430405,0.16829715967178344,0.3810467064380646,0.10790881514549255
dronevehicle,00788,16,138.91372680664062,0.0,0.0,0.0,-0.03304595326999969,0.5827074863016606,0.3027688808739185,0.5031266182661056,0.24207262992858886,0.4095331013202667,0.14044887125492095
dronevehicle,00811,24,22.20823097229004,0.08333333333333333,0.0,0.041666666666666664,0.012116728633113517,0.618083781003952,0.17138451635837554,0.6213011264801025,0.15260143876075744,0.27649344205856324,0.14776719063520433
dronevehicle,00822,22,3.638169288635254,0.18181818181818182,0.045454545454545456,0.0,0.12829337473967767,0.4412095174193382,0.1315107002854347,0.39956875070929526,0.1746254324913025,0.18625726699829104,0.11331085562705995
dronevehicle,00823,38,142.01641845703125,0.0,0.10526315789473684,0.0,-0.21434276399816046,0.610235507786274,0.2749738946557045,0.6629738375544548,0.2170348882675171,0.5451241731643677,0.1591768205165863
dronevehicle,00833,20,147.44252014160156,0.05,0.1,0.05,-0.054093530211438146,0.7682350136339664,0.23102125376462937,0.7432701110839843,0.27958542853593826,0.4331728100776672,0.19148250818252566
dronevehicle,00841,11,130.2198486328125,0.0,0.0,0.0,-0.0621398438135546,0.7193931065499782,0.4523362323641777,0.7136574670672416,0.47852151542901994,0.4970693111419678,0.34254397451877594
dronevehicle,00842,19,134.9665069580078,0.0,0.0,0.0,-0.024647099170985835,0.7625572271645069,0.2524433508515358,0.7948174923658371,0.24651393294334412,0.5648856729269027,0.1352971613407135
dronevehicle,00875,11,60.49625015258789,0.09090909090909091,0.0,0.0,-0.009564470150372118,0.5461783304810524,0.19486634880304338,0.6072475373744964,0.15104179084300995,0.3035264730453491,0.12999604046344757
dronevehicle,00883,12,8.728632926940918,0.0,0.0,0.0,0.05554211592097194,0.6649340033531189,0.14764393717050553,0.6946768194437027,0.12051437348127364,0.5804801672697067,0.09348845183849336
dronevehicle,00893,4,142.75213623046875,0.25,0.0,0.25,-0.09676622081486924,0.43323100209236143,0.2593760401010513,0.496245339512825,0.23522661924362182,0.5212570428848267,0.3262121587991714
dronevehicle,00895,4,35.20354461669922,0.0,0.0,0.0,0.03411591055608615,0.6124059118330478,0.19380104243755342,0.6671466574072837,0.20826780274510384,0.3410125970840454,0.17902869880199435
dronevehicle,00896,8,105.5288314819336,0.0,0.0,0.0,-0.04624916134673522,0.4797194868326187,0.1863063707947731,0.5622639909386635,0.1302671104669571,0.5560593634843827,0.29627261161804197
dronevehicle,00908,6,3.493642568588257,0.3333333333333333,0.0,0.0,0.03115843015928721,0.334520423412323,0.1310224637389183,0.31265358030796053,0.1699718177318573,-0.1944089472293854,0.08739366829395295
dronevehicle,00909,20,35.61699295043945,0.15,0.0,0.0,-0.007433194270031124,0.6715469025075436,0.3444357842206955,0.6785996548831463,0.34284461438655855,0.0049344778060912975,0.19370049238204956
dronevehicle,00910,22,27.33984375,0.13636363636363635,0.045454545454545456,0.0,0.12019713548979626,0.4788451626896858,0.19368521571159364,0.4995036080479622,0.2780998036265373,0.2936248779296875,0.10704782903194426
dronevehicle,00913,8,46.65394592285156,0.0,0.0,0.0,0.029973495915135887,0.559210792183876,0.2162195585668087,0.5255094051361084,0.1902675934135914,0.5054826200008392,0.1568000227212906
dronevehicle,00914,13,6.04306697845459,0.15384615384615385,0.0,0.15384615384615385,0.036574718559801926,0.6589355386793614,0.2030498780310154,0.6873713739216327,0.2485307514667511,0.2064316809177399,0.13279578387737273
dronevehicle,00925,63,10.190921783447266,0.6825396825396826,0.0,0.3333333333333333,0.09131928729958076,0.32277868688106537,0.0820543959736824,0.31056255400180816,0.10476911067962646,0.14438068568706514,-0.035571497678756725
dronevehicle,00933,2,12.949018478393555,0.0,0.0,0.0,0.07773273538405923,0.4082987070083618,0.14239394962787627,0.48470654487609866,0.15300890654325486,,0.11892663538455961
dronevehicle,00947,7,10.801161766052246,0.7142857142857143,0.0,0.42857142857142855,,0.26565932035446166,0.08419655039906501,0.36613571345806123,0.1328364059329033,0.4696966916322708,0.17627753615379332
dronevehicle,00955,31,7.227471828460693,0.41935483870967744,0.0,0.16129032258064516,0.10012807102384229,0.38962888717651367,0.2239312008023262,0.45102243795990943,0.254962232708931,0.30312004387378694,0.3781743228435516
dronevehicle,00967,11,141.4405517578125,0.0,0.0,0.0,-0.0046972975830451465,0.7100956000387668,0.426896620541811,0.6443489909172058,0.31793469488620757,0.262436980009079,0.16661605536937713
dronevehicle,00968,4,134.89295959472656,0.0,0.0,0.0,-0.0035128316999413767,0.7298457153141499,0.2823641777038574,0.8139698550105094,0.26242817342281344,0.4576387882232666,0.17992882132530214
dronevehicle,00971,7,110.29166412353516,0.0,0.0,0.0,-0.03427442438723897,0.32658669874072077,0.2715189017355442,0.44875382632017136,0.2575463205575943,0.46421633660793304,0.28945268988609313
dronevehicle,00972,42,149.20864868164062,0.0,0.023809523809523808,0.0,-0.020954061530661473,0.7545967385172844,0.2906527481973171,0.7496075719594956,0.29344122260808947,0.36462506651878357,0.2705912411212921
dronevehicle,00973,34,29.18532943725586,0.29411764705882354,0.0,0.17647058823529413,0.02196914243663643,0.4709168016910553,0.24524394795298576,0.4880408078432083,0.2626564145088196,0.35082598924636843,0.18631496727466584
dronevehicle,00974,50,50.86833953857422,0.18,0.02,0.02,0.21609337774127857,0.4547338090837002,0.2408012256026268,0.5431170418858529,0.23329665064811705,0.2051332801580429,0.1795113801956177
dronevehicle,00996,9,32.8255615234375,0.1111111111111111,0.0,0.0,0.08500934511149223,0.6696965038776398,0.14683496654033662,0.7394500508904457,0.10503422021865845,0.1141100823879242,0.22451572716236115
dronevehicle,00999,12,29.371244430541992,0.16666666666666666,0.0,0.08333333333333333,0.0659003736077579,0.4860706001520157,0.19230883419513703,0.4581249848008156,0.22086153477430343,0.01738248169422152,0.22279841899871827
dronevehicle,01002,35,28.594280242919922,0.05714285714285714,0.0,0.0,0.06862348581971209,0.6802965678274632,0.42991973012685775,0.6430664524435997,0.3084090933203697,0.32520142793655393,0.26969494223594664
dronevehicle,01008,7,56.82668685913086,0.0,0.0,0.0,-0.002991205825754866,0.6147937327623367,0.30138255953788756,0.5818171769380569,0.2685741648077965,0.38044593930244447,0.22239178717136382
dronevehicle,01011,15,55.37955093383789,0.0,0.0,0.0,0.0845761427636839,0.664656688272953,0.38920493200421336,0.6755411833524704,0.34836762845516206,0.2611978530883789,0.17164716124534607
dronevehicle,01012,13,52.59171676635742,0.0,0.0,0.0,0.0142588479854398,0.8001503579318523,0.24861823618412018,0.7380771026015281,0.16845694482326506,0.3977077841758728,0.13720764219760895
dronevehicle,01016,5,7.548290729522705,0.4,0.0,0.0,0.028435933582527606,0.2475547045469284,0.14650210738182068,0.284252992272377,0.13053378462791443,0.25637136697769164,0.21250758171081544
dronevehicle,01021,6,60.10194778442383,0.0,0.0,0.0,0.03898103919807696,0.7069677859544754,0.13548276498913764,0.7425588935613632,0.09422021359205246,0.19009504318237302,0.09599775671958921
dronevehicle,01022,2,23.546964645385742,0.0,0.0,0.0,0.02832800825334092,0.5464419037103653,0.07907751947641373,0.538572010397911,0.04982111752033233,0.41008898615837097,0.1528854310512543
dronevehicle,01027,3,133.3220977783203,0.0,0.0,0.0,0.017705196757915004,0.48597989678382875,0.38166179656982424,0.4869383335113525,0.3405060708522797,0.5287750959396362,0.2298460930585861
dronevehicle,01032,10,126.43782043457031,0.1,0.0,0.1,-0.060618269538618944,0.5830560252070427,0.30737211257219316,0.5820079386234284,0.28663660362362864,0.38025341033935545,0.2870501518249512
dronevehicle,01033,7,70.72293853759766,0.0,0.0,0.0,-0.000701911907643793,0.6656464040279388,0.39651922732591627,0.6134466141462326,0.2825322292745113,0.3034603536128998,0.2579805821180344
dronevehicle,01042,30,13.268660545349121,0.3,0.0,0.06666666666666667,0.05233523335403989,0.491122255474329,0.3382250502705574,0.48827717155218125,0.3722003519535065,0.15610827803611754,0.2179495394229889
dronevehicle,01078,7,133.11517333984375,0.0,0.0,0.0,-0.008830420935485195,0.639934791624546,0.3729752577841282,0.6367236971855164,0.31979339867830275,0.5668144971132278,0.19670979380607606
dronevehicle,01091,10,53.908390045166016,0.0,0.0,0.0,0.03670057877162978,0.5605119653046131,0.23590972721576692,0.5214079454541206,0.16843962147831917,0.1808348000049591,0.10611987113952637
dronevehicle,01124,8,75.0493392944336,0.0,0.0,0.0,-0.010500219308077097,0.7683581046760082,0.21726967617869378,0.7527935087680817,0.15093050599098207,0.6970909178256989,0.2976340681314468
dronevehicle,01144,22,50.53864669799805,0.045454545454545456,0.09090909090909091,0.045454545454545456,0.023985546566914207,0.4798729531466961,0.34928576946258544,0.535810174047947,0.33724439442157744,0.1197355926036835,0.15926527976989746
dronevehicle,01146,10,45.59199905395508,0.0,0.4,0.0,0.005352064182449312,0.7049827694892883,0.18877933472394942,0.6663718149065971,0.18361144736409188,-0.22879338264465332,0.2889380007982254
dronevehicle,01149,10,33.576290130615234,0.1,0.0,0.1,0.08676989815771152,0.29715995490550995,0.20329925194382667,0.2851326957345009,0.2170606978237629,0.04501108527183534,0.1488180637359619
dronevehicle,01166,10,16.46314239501953,0.2,0.0,0.1,0.06784570966511755,0.5083697125315666,0.23212306946516037,0.49418156445026395,0.26389818638563156,0.06290034353733062,0.16021758317947388
dronevehicle,01173,75,3.4938559532165527,0.7333333333333333,0.0,0.21333333333333335,0.09338750550470813,0.3772385768592358,0.057479459047317494,0.3827672127634287,0.0986122965812683,0.12112245410680772,0.16258015334606168
dronevehicle,01177,18,13.455438613891602,0.0,0.0,0.0,0.08358440408069247,0.3735357314348221,0.3147666983306408,0.376384012401104,0.3466073274612427,0.11803295612335207,0.2727419674396515
dronevehicle,01180,8,32.64529800415039,0.0,0.0,0.0,0.0335479718697711,0.7708889976143837,0.27667846754193304,0.753115076571703,0.2021920785307884,0.12139943838119505,0.20233860611915588
dronevehicle,01188,18,43.74799346923828,0.0,0.0,0.0,0.03276834899527215,0.6772281490266323,0.31829035729169847,0.7449469789862633,0.22243644893169404,0.19262531399726868,0.2681715786457062
dronevehicle,01190,12,149.47262573242188,0.0,0.08333333333333333,0.0,-0.035286972338126894,0.5491137802600861,0.28838087916374205,0.6308859586715698,0.20829443037509918,0.26189389228820803,0.28740130066871644
dronevehicle,01193,2,22.027294158935547,0.5,0.0,0.0,,0.2381183862686157,0.23536906726658344,0.22269182801246645,0.19523006305098534,,0.11873553246259688
dronevehicle,01210,39,127.02244567871094,0.0,0.05128205128205128,0.0,-0.06995323355909668,0.7344106551259756,0.3007755294442177,0.7848413847386837,0.3427411407232285,0.4911850571632385,0.29964628517627717
dronevehicle,01213,61,114.62531280517578,0.0,0.03278688524590164,0.0,-0.05231248838526023,0.47620376124978064,0.2678396672010422,0.5756896290928125,0.2818747341632843,0.27349154055118563,0.10220010876655578
dronevehicle,01228,10,28.110916137695312,0.4,0.0,0.2,-0.001112025568642298,0.29703022837638854,0.25757041946053505,0.3268624395132065,0.19277527630329133,-0.0904203414916992,0.1552146852016449
dronevehicle,01250,15,14.244316101074219,0.06666666666666667,0.0,0.0,0.1521237344748414,0.4548421710729599,0.24797531440854073,0.3825709879398346,0.19493647217750548,0.23886077404022216,0.12711668014526367
dronevehicle,01252,31,47.57740783691406,0.0,0.0,0.0,-0.049807122391725356,0.6388103786855936,0.26310455054044724,0.6400918543338776,0.20847264677286148,0.37304615676403047,0.2893069744110107
dronevehicle,01253,29,147.3257293701172,0.0,0.06896551724137931,0.0,-0.10940939900958079,0.7665206879377365,0.3042706333100796,0.764171127974987,0.3576868027448654,0.36835235357284546,0.3251196414232254
dronevehicle,01265,13,55.853790283203125,0.07692307692307693,0.0,0.0,0.10817890471491537,0.4413097068667412,0.24669559374451638,0.4919528216123581,0.2419926032423973,0.051061087846756004,0.12338713407516477
dronevehicle,01280,11,83.5193862915039,0.0,0.0,0.0,0.004881632538549543,0.8110445670783519,0.4398550517857075,0.7851232796907425,0.40136497393250464,0.26030664443969725,0.2181205451488495
dronevehicle,01282,2,76.77827453613281,0.0,0.0,0.0,-0.02170959167546549,0.6890166401863098,0.25966494604945184,0.4736379861831665,0.21916619911789895,,0.0330881506204605
dronevehicle,01291,7,118.3620376586914,0.0,0.14285714285714285,0.0,-0.022360268817107953,0.4057330541312695,0.3074003979563713,0.5068109661340714,0.2609591484069824,0.38435562551021574,0.3088369995355606
dronevehicle,01292,9,137.71292114257812,0.0,0.2222222222222222,0.0,-0.08734939568462156,0.6796634264290333,0.2733802206814289,0.7240706384181976,0.2997429698705673,0.3457911550998688,0.22220846414566042
dronevehicle,01300,4,43.38117980957031,0.25,0.0,0.0,0.05871201759470457,0.5944374993443489,0.1609884113073349,0.5738301247358322,0.14219217151403427,0.34412719011306764,0.12054070830345154
dronevehicle,01316,23,37.82337188720703,0.0,0.0,0.0,0.09221548846698031,0.6725875526666641,0.32288116663694383,0.6294982925057411,0.36456192284822464,0.22092159688472746,0.25164607614278794
dronevehicle,01325,2,49.56502914428711,0.0,0.0,0.0,0.00899620802214246,0.6159213453531265,0.3309121236205101,0.7004167690873147,0.2559821501374245,0.3487923383712769,0.2895930767059326
dronevehicle,01329,70,5.160699367523193,0.8571428571428571,0.0,0.04285714285714286,,0.11930562034249306,0.10363173186779023,0.11309777423739434,0.16910254806280137,0.06917007118463517,0.11435230374336242
dronevehicle,01332,20,3.144376754760742,0.35,0.05,0.05,-0.007171713381729505,0.3554057881236076,0.1327722415328026,0.3833382338285446,0.10535810589790345,0.17612764239311218,0.10026985704898833
dronevehicle,01333,70,6.9064764976501465,0.24285714285714285,0.0,0.11428571428571428,0.18529760592857525,0.39580701682716607,0.18303733170032502,0.46806163974106313,0.15033116936683655,0.001716330647468567,0.09570748209953306
dronevehicle,01335,3,124.69983673095703,0.0,0.0,0.0,0.05645322281336007,0.4560646116733551,0.24195424541831018,0.5361607611179352,0.1776214599609375,,0.19827953577041624
dronevehicle,01336,4,55.18990707397461,0.0,0.25,0.0,-0.0071384935928965705,0.7041115611791611,0.12859003022313117,0.7161624044179916,0.12622613757848739,0.17173151969909672,0.14212006330490112
dronevehicle,01337,49,2.80277943611145,0.24489795918367346,0.0,0.1836734693877551,0.09622889000922047,0.5418709006160498,0.28407430946826934,0.5047095149755478,0.2792137712240219,0.2169846475124359,0.1326876699924469
dronevehicle,01341,23,49.3370246887207,0.0,0.0,0.0,0.03528570182771156,0.8340758204460144,0.31354989260435107,0.835727222263813,0.32102581262588503,0.48030750155448915,0.35879287123680115
dronevehicle,01342,30,40.29402160644531,0.2,0.0,0.13333333333333333,0.15758370898311377,0.4833149008452892,0.24520932883024216,0.5156089827418328,0.17739820331335068,0.017965778708457947,0.233838552236557
dronevehicle,01352,12,98.67970275878906,0.0,0.0,0.0,0.04607703429355653,0.7844864509999752,0.2898643337190151,0.7481496691703796,0.20061624944210052,0.25325700640678406,0.1386009484529495
dronevehicle,01354,16,78.62322235107422,0.0,0.125,0.0,0.12473282791528936,0.5087227553129197,0.31616189107298853,0.5457951694726944,0.2899602934718132,0.45620285868644717,0.2613412082195282
dronevehicle,01355,51,89.7131576538086,0.0392156862745098,0.0784313725490196,0.0,0.020703470388763256,0.7460770223289728,0.20960064679384233,0.7695654071867466,0.17309161871671677,0.45330954194068906,0.13758835196495056
dronevehicle,01359,39,11.224077224731445,0.7435897435897436,0.0,0.15384615384615385,0.036283514145589675,0.14122437462210655,0.13101583123207092,0.1244217224419117,0.14969927966594695,-0.05449131429195403,0.1117536336183548
dronevehicle,01368,5,118.35572052001953,0.2,0.2,0.0,-0.06290664453118285,0.6569681271910668,0.3794263482093811,0.6452027380466461,0.2810965865850449,0.23238390684127808,0.1655048608779907
dronevehicle,01374,43,50.65262222290039,0.0,0.0,0.0,0.07708478536545746,0.7295504372566939,0.33209856003522875,0.7291395753622055,0.3902819663286209,0.4115199625492096,0.37280622124671936
dronevehicle,01382,11,125.11577606201172,0.0,0.09090909090909091,0.0,-0.03420134494037438,0.5903806522488594,0.4388062745332718,0.7084875278174877,0.3595067486166954,0.6430693954229355,0.17849490940570834
dronevehicle,01384,135,97.27506256103516,0.0,0.007407407407407408,0.0,0.0043080923453017485,0.8178748494014144,0.4179104000329971,0.837069983035326,0.5421105861663819,0.4748451471328735,0.25199190378189085
dronevehicle,01391,2,50.430789947509766,0.0,0.0,0.0,-0.01461988706001649,0.614570614695549,0.12921982258558273,0.5716597527265549,0.12646010592579843,,0.04472256004810332
dronevehicle,01394,27,148.45797729492188,0.0,0.037037037037037035,0.0,-0.05979972333995591,0.8388171534985304,0.3575345933437347,0.773878026008606,0.36536795645952225,0.5618170619010925,0.2835729539394379
dronevehicle,01396,4,138.61328125,0.0,0.25,0.0,-0.03684588633410372,0.5663840219378471,0.3357524201273918,0.6492299646139145,0.2710629403591156,0.1397930085659027,0.1255466341972351
dronevehicle,01398,19,82.67230224609375,0.05263157894736842,0.0,0.0,0.03315036443610482,0.47764185853302477,0.4073180243372917,0.5085015386343003,0.43776772171258926,0.23396251201629636,0.2552334666252136
dronevehicle,01400,17,24.105026245117188,0.0,0.0,0.0,0.0823963762130558,0.45035035982728006,0.24579184651374816,0.4449701741337776,0.22603182196617128,0.11195884644985199,0.14086851179599763
dronevehicle,01415,20,58.55679702758789,0.0,0.05,0.0,0.04510184703644936,0.7585839368402958,0.42550927102565766,0.8109401322901248,0.3699501156806946,0.5664244323968888,0.3194584667682648
dronevehicle,01418,22,131.49229431152344,0.0,0.0,0.0,-0.0261296534629066,0.7086359336972237,0.3071256816387177,0.781516608595848,0.18670156300067903,0.4094970107078552,0.25344757437705995
dronevehicle,01431,26,146.78370666503906,0.07692307692307693,0.0,0.038461538461538464,0.11321523697593042,0.6226283334195614,0.31604754626750947,0.6439090847969056,0.3990809008479118,0.2543283224105835,0.40893563330173494
dronevehicle,01443,13,33.031063079833984,0.15384615384615385,0.0,0.0,0.12746325951723342,0.5024525418877601,0.45845518708229066,0.49874669015407563,0.32957934886217116,0.312102872133255,0.292339026927948
dronevehicle,01447,15,34.42768096923828,0.26666666666666666,0.6666666666666666,0.0,0.1508352014209916,0.7252031989395619,0.22047499269247056,0.676084789633751,0.2184134006500244,0.40802655220031736,0.05982975661754608
dronevehicle,01464,7,21.5799560546875,0.0,0.0,0.0,0.04152805810943294,0.4494219608604908,0.09987674355506898,0.3689739525318146,0.0998483568429947,0.41013929843902586,0.1676160991191864
llvip,010010,7,29.12224006652832,0.14285714285714285,0.0,0.0,0.09693417316714574,0.529599167406559,0.11050361394882202,0.6651975497603416,0.092832313477993,0.04854094982147217,-0.006237995624542192
llvip,010011,4,33.54759979248047,0.0,0.0,0.0,0.09161816174568911,0.32297764122486117,0.08466312438249587,0.4955809384584427,0.0280470073223114,0.0029685795307159424,-0.002825844287872359
llvip,010015,1,31.81648826599121,0.0,0.0,0.0,0.02841725193659861,0.2971241533756256,0.007342483103275302,0.4313745260238647,-0.04980494379997252,0.04108892083168025,0.0015112996101379617
llvip,010021,3,26.393573760986328,0.0,0.0,0.0,-0.011335194852322447,0.31657838821411133,0.0334999606013298,0.5268287897109986,-0.0466655284166336,0.054550445079803445,-0.003077459335327104
llvip,010047,4,36.98990249633789,0.0,0.0,0.0,-0.0016333974528100665,0.4667240172624588,0.057934659719467166,0.5631282955408097,-0.025330583751201632,0.07942554950714109,-0.024145185947418213
llvip,010054,2,38.48004913330078,0.0,0.0,0.0,0.10811560405259923,0.39372741878032685,0.05215533524751663,0.40031679570674894,-0.01545043736696243,0.008023273944854692,-0.03796859979629519
llvip,010062,5,26.68997573852539,0.0,0.0,0.0,-0.02643065740627577,0.46015998125076296,0.14845443069934844,0.6889940664172173,0.14252989515662193,0.030368420481681813,0.06555624604225163
llvip,010071,3,31.751283645629883,0.0,0.0,0.0,0.04733119612302561,0.35794409513473513,0.08122133314609528,0.5819172918796539,-0.017140433192253113,0.06757736206054688,0.007167828083038286
llvip,010076,6,43.28327560424805,0.3333333333333333,0.16666666666666666,0.16666666666666666,-0.14977439002530843,0.3210163235664368,0.009686239063739777,0.3935121864080429,0.010616615414619446,0.013131886720657349,0.03528880476951601
llvip,010088,10,31.787525177001953,0.0,0.0,0.0,0.05717845536022461,0.4738225877285004,0.15366631746292114,0.607025271654129,0.24932322949171065,0.18877893686294556,0.056372880935668945
llvip,010100,4,29.56603240966797,0.0,0.25,0.0,0.021868602336665027,0.3317947417497635,0.00833803415298462,0.3933721512556076,-0.06487790793180465,0.1630032002925873,0.01076817512512207
llvip,010106,8,45.4731330871582,0.125,0.0,0.0,0.07109351176191393,0.4082112491130829,0.0349441185593605,0.5804041966795921,-0.03133752644062042,-0.04689456820487975,0.037329739332199074
llvip,010124,1,37.152225494384766,0.0,0.0,0.0,-0.12049866879209858,0.45543254017829893,0.027291823923587796,0.4117244780063629,-0.048681142926216114,,0.0008592844009399636
llvip,010128,6,32.90871810913086,0.16666666666666666,0.16666666666666666,0.0,-0.05073076690267764,0.4680563136935234,0.09267131090164185,0.5216169416904449,0.055354258418083196,0.11339639425277714,-0.018060827255249046
llvip,010213,6,35.23415756225586,0.16666666666666666,0.0,0.0,-0.10449018575036455,0.3999414801597595,0.10042685121297837,0.5117249071598053,0.04870224148035049,0.0798936977982521,0.014036583900451705
llvip,010215,5,28.07386589050293,0.0,0.0,0.0,0.010168288708472284,0.3582201898097992,0.06948283165693284,0.5521680861711502,0.01640701442956924,0.12221446633338928,0.009128808975219727
llvip,010241,3,38.44820785522461,0.0,0.0,0.0,-0.02832228898458522,0.4629566729068756,0.11890847980976105,0.6497338563203812,0.01503890603780747,0.013866949081420943,-0.009029364585876443
llvip,010246,2,32.778167724609375,0.0,0.0,0.0,0.03229686189817066,0.2806791543960571,0.06218733638525009,0.4652248442173004,-0.04098974764347077,,-0.007013869285583452
llvip,010249,7,36.47888946533203,0.14285714285714285,0.0,0.0,-0.03809657027502313,0.5482776179909706,0.15911035984754562,0.6510531231760979,0.11384008228778839,0.060061764717102006,0.023951363563537553
llvip,010290,3,38.95091247558594,0.3333333333333333,0.0,0.3333333333333333,-0.006276217614248403,0.3973856449127197,0.06442546844482422,0.4224549114704132,-0.0003107711672782898,0.047917473316192616,-0.04983711242675781
llvip,010310,7,34.775054931640625,0.0,0.14285714285714285,0.0,-0.017554930018284808,0.5088895678520202,0.11226222515106202,0.6460183054208756,0.07906771451234818,0.04943671226501467,-0.02660821676254277
llvip,010347,5,29.311342239379883,0.0,0.2,0.0,0.0263086567160786,0.4158445656299591,0.04257000982761383,0.6137090742588043,-0.055923336744308466,0.05017726123332977,-0.034078228473663374
llvip,010352,3,35.1240348815918,0.0,0.0,0.0,-0.020305303528107815,0.4036448448896408,0.062186296284198764,0.5373234570026397,0.006905354559421539,0.11237601637840272,0.03688437938690181
llvip,010363,4,38.771759033203125,0.0,0.0,0.0,-0.0027677581983457378,0.47302449494600296,0.005963823199272161,0.693740838766098,-0.02886429131031036,0.023980623483657842,0.03141376972198484
llvip,010371,3,38.133365631103516,0.0,0.0,0.0,-0.0004306462351111688,0.45453612208366395,0.12142294049263,0.6066414803266525,0.13211438953876495,0.1659801721572876,0.04432865381240847
llvip,010446,5,29.843843460083008,0.0,0.0,0.0,0.04714883873270144,0.5441797643899917,0.0502474382519722,0.5675790429115295,0.015022191405296328,0.16678431630134583,0.009646457433700573
llvip,010451,8,34.79497528076172,0.125,0.0,0.125,-0.013587160199100445,0.5129734843969345,0.0754942312836647,0.6436982467770577,0.012884806096553805,0.05678659677505493,0.008070206642150857
llvip,010453,5,27.733760833740234,0.2,0.0,0.0,0.010786551126355107,0.3763232856988907,0.05664993673563004,0.5449081480503082,-0.011158937215805048,-0.09396371245384216,-0.0288720846176147
llvip,010467,6,33.23905944824219,0.0,0.0,0.0,0.05681789768243941,0.46910388469696046,0.12472165226936341,0.6386868789792061,0.10805725902318955,-0.023028910160064697,-0.0024395823478698953
llvip,010481,3,35.77665328979492,0.0,0.0,0.0,0.04348392177484772,0.4406936213374138,0.08622445911169052,0.6580355554819107,-0.015447606146335613,-0.06684935092926025,-0.00022552013397214576
llvip,010511,6,28.758726119995117,0.0,0.0,0.0,0.058413674264362024,0.3992380976676941,0.038886027038097376,0.6253895401954651,0.003686189651489258,0.061697131395339944,0.04350358247756958
llvip,010512,7,34.912315368652344,0.0,0.0,0.0,-0.035765838487424886,0.5490097716450691,0.06636004596948623,0.6730458781123161,0.013416258990764623,0.04200867414474488,0.023646175861358643
llvip,010519,4,47.12702560424805,0.0,0.0,0.0,0.006277176515115168,0.43221156001091005,0.03493135571479797,0.5080597847700119,-0.02812539339065552,0.06402078866958616,-0.03464416265487669
llvip,010530,5,29.861759185791016,0.0,0.0,0.0,-0.06699268183941262,0.4325691074132919,0.04481214731931686,0.6598688006401062,0.011623880267143255,0.02499943971633911,-0.017612349987029985
llvip,010559,7,39.50655746459961,0.0,0.0,0.0,-0.05840854793107397,0.4980849280953407,0.10416622310876847,0.6572061419487,0.10361063778400421,0.058331084251403764,0.01973022818565373
llvip,010565,3,33.55961990356445,0.0,0.0,0.0,0.0818960822209794,0.518364667892456,0.04649671018123627,0.6907351464033127,-0.0030791088938713074,0.09449417889118195,-0.012949168682098389
llvip,010567,5,26.329771041870117,0.4,0.0,0.0,0.03395382621984074,0.4565542072057724,0.09267511069774628,0.5558243095874786,0.06545517444610596,0.06076593399047853,0.009445679187774614
llvip,010569,4,33.19305419921875,0.0,0.25,0.0,0.04271503207031524,0.4432488799095154,0.08159169852733612,0.6182865530252457,0.026521733403205877,0.1512102484703064,0.013348990678787254
llvip,010572,5,37.76146697998047,0.0,0.0,0.0,0.010848141946436195,0.47574127465486526,0.11226959526538849,0.6417107731103897,0.05666640251874924,0.013593673706054688,0.05565601587295532
llvip,010594,2,34.8256950378418,0.0,0.0,0.0,-0.01954368263685108,0.47079241573810576,0.08099511712789535,0.6245337694883346,0.005074270069599152,0.22424313127994538,-0.011659872531890825
llvip,040002,9,40.48073959350586,0.1111111111111111,0.1111111111111111,0.1111111111111111,0.0798420537782774,0.4669555604457855,0.017841111123561862,0.5490688264369965,-0.05700609683990479,-0.12928542494773865,-0.03309617042541502
llvip,040012,11,17.24700927734375,0.09090909090909091,0.0,0.0,0.07245604752802794,0.4390066251158714,0.05829955488443375,0.6754704430699349,0.11820080131292343,-0.0626908391714096,0.020428413152694724
llvip,040020,4,40.62337112426758,0.0,0.0,0.0,-0.05414405997061403,0.4509816363453865,0.040495516359806055,0.6166667819023133,0.06464917957782745,0.03019236624240873,0.01286337375640867
llvip,040021,3,50.18379211425781,0.0,0.0,0.0,-0.07777443091452263,0.3297255426645279,0.04863514155149459,0.5690410166978837,0.01943648159503937,0.057801944017410234,0.024640381336212158
llvip,040037,1,24.86431884765625,0.0,0.0,0.0,-0.1455553115478807,0.30027289390563966,0.06574108302593232,0.4445637106895447,0.004217070341110241,,-0.038934278488159224
llvip,040059,2,41.375186920166016,0.0,0.0,0.0,0.019958813619537108,0.19101657271385192,0.042401674389839175,0.2873922407627105,-0.01765346080064774,-0.006503415107727006,0.08916573524475097
llvip,040064,2,38.956295013427734,0.0,0.0,0.0,-0.14449248367975398,0.37870216071605683,0.009857580065727234,0.5841096937656403,-0.00390075147151947,0.02765350937843325,0.09511181414127351
llvip,040070,4,36.902381896972656,0.0,0.0,0.0,-0.10866082404694744,0.291967910528183,0.03588518500328064,0.5079548671841622,-0.018085835874080664,-0.024480545520782493,-0.05518112182617185
llvip,040073,1,51.42679214477539,0.0,0.0,0.0,-0.07587442042229964,0.4243289142847061,0.025421537458896637,0.5046772181987762,-0.018587434291839594,0.09708037376403811,0.03952289223670957
llvip,040074,3,36.992218017578125,0.0,0.0,0.0,0.03977915077663582,0.40944012999534607,0.021565634012222293,0.560259786248207,-0.004229983687400823,0.20608421266078947,0.03201979398727417
llvip,040082,1,22.610916137695312,0.0,0.0,0.0,-0.21777290468474975,0.24060177206993105,0.019611507654190063,0.2839580476284027,-0.009468503296375275,0.08176987767219546,0.007913702726364158
llvip,040089,4,44.3776741027832,0.0,0.0,0.0,0.011760798287344248,0.429373636841774,0.037443459033966064,0.6023871243000031,-0.02574809193611144,0.053878831863403365,0.039975857734680154
llvip,040099,3,35.90161895751953,0.0,0.0,0.0,-0.003598614315524514,0.3578824758529663,0.07017385512590409,0.5594474762678147,-0.005196878314018244,0.20687605142593385,0.0020340323448181374
llvip,040102,10,16.458738327026367,0.1,0.1,0.1,0.04518283083223937,0.3958450615406036,0.054523283243179316,0.6197064206004143,0.03681957125663757,-0.017482662200927757,-0.061730968952179
llvip,040117,3,17.53875732421875,0.0,0.0,0.0,0.039190253734451765,0.39547893702983855,0.09703074395656586,0.5191878646612167,0.03138787895441056,0.08263491392135625,-0.02909793853759768
llvip,040120,3,56.68817138671875,0.0,0.0,0.0,-0.0014150089727836452,0.5138509392738342,0.024893999099731445,0.604248633980751,-0.0035021364688873347,0.04168907105922698,0.0516571640968323
llvip,040137,7,31.974760055541992,0.14285714285714285,0.14285714285714285,0.0,1.4005061456989765e-05,0.423110818862915,0.008521553874015805,0.5417537301778793,0.0009497299790382357,0.1759091019630432,0.01342431306838987
llvip,040152,3,49.18058395385742,0.0,0.0,0.0,0.04416332064006837,0.43597947657108305,0.04611368477344513,0.6106029182672501,-0.017767727375030518,0.25047227144241335,0.011772298812866233
llvip,040159,4,57.99807357788086,0.0,0.0,0.0,-0.043123982965386415,0.2756828010082245,0.02070178240537643,0.45898627042770385,-0.013304163515567777,-0.011462360620498657,0.023616313934326172
llvip,040160,8,39.6889762878418,0.125,0.125,0.0,-0.005132809073911404,0.43137119710445404,0.0465261235833168,0.5509286031126976,0.022888818383216852,0.0811016470193863,0.0524577021598816
llvip,040172,5,37.174129486083984,0.0,0.0,0.0,-0.02543769144683723,0.41977894604206084,0.04793079495429993,0.6151804804801941,0.013149878382682806,-0.058431386947631836,-0.0012742638587951438
llvip,040180,5,31.981204986572266,0.0,0.0,0.0,0.05623712710515325,0.4451161175966263,0.04229724407196045,0.5618358194828034,0.044395285844802845,0.009076470136642478,0.028835880756378218
llvip,040194,2,55.11690139770508,0.0,0.0,0.0,0.13790114345605786,0.1770096242427826,0.06644591391086578,0.2843400239944458,-0.020557655394077307,0.21607795357704163,0.003650349378585771
llvip,040198,5,23.812122344970703,0.0,0.2,0.0,0.12109538912318113,0.40205496549606323,0.04082282185554505,0.5642533481121064,0.014844417572021484,-0.05791835784912108,0.04522595405578611
llvip,040222,1,28.935129165649414,0.0,0.0,0.0,0.006600222796719679,0.2680297315120697,0.029509814083576197,0.37710295915603637,-0.01753066927194595,0.23658745884895327,-0.026111268997192405
llvip,040234,2,28.56080436706543,0.0,0.0,0.0,-0.0033632731599417265,0.29589223563671113,0.060669599473476415,0.5077705562114716,0.026294060051441193,,-0.025226837396621682
llvip,040247,2,45.105777740478516,0.0,0.0,0.0,-0.09540459201720625,0.4674997180700302,0.03462489694356918,0.6221264898777008,0.019521823525428778,0.27401217818260193,0.030406934022903398
llvip,040250,3,46.383670806884766,0.0,0.0,0.0,-0.005677616495662008,0.46331344842910765,0.0399358481168747,0.5667373031377793,-0.042102316021919245,0.005216908454894975,0.010285282135009788
llvip,040288,4,17.763784408569336,0.0,0.5,0.0,-0.0075293741053859,0.23625077605247496,0.04357780665159225,0.43520728051662444,9.04276967048645e-05,0.2704541742801666,0.044513905048370384
llvip,040293,1,34.83753967285156,0.0,0.0,0.0,-0.11094643514693159,0.21974422335624694,0.04343120306730271,0.49597486257553103,-0.004465395212173456,0.1725388884544372,-0.01812629103660579
llvip,040332,1,20.192760467529297,0.0,0.0,0.0,-0.14594573025393187,0.27995174527168276,0.05736427158117294,0.3110564827919006,-0.012080366909503926,,0.019301849603652943
llvip,040339,3,18.531736373901367,0.0,0.0,0.0,-0.01625801703596356,0.3073297590017319,0.041040611267089855,0.541095295548439,0.006897269189357763,0.16029003262519836,-0.008846127986907981
llvip,040363,3,36.68303298950195,0.0,0.0,0.0,0.022223593479482995,0.35849603414535525,0.03020924180746079,0.6100192338228225,0.02725464105606079,0.04303815364837649,0.03168845772743223
llvip,040365,3,26.031442642211914,0.0,0.0,0.0,0.08924578406966903,0.40612620413303374,0.05618523359298706,0.6089407652616501,0.025371453911066058,0.06419616937637329,0.06656820774078365
llvip,040369,2,33.160865783691406,0.0,0.0,0.0,-0.04162554765740123,0.5322209566831588,0.031584365665912634,0.6553145438432694,-0.009957608580589306,0.1657814860343933,0.0231714606285095
llvip,040397,7,43.05406188964844,0.14285714285714285,0.14285714285714285,0.0,-0.06354149374664704,0.3926055014133453,0.038193570077419275,0.503567285835743,0.03400052487850189,0.08002363443374633,-0.008099502325057961
llvip,040400,5,44.3244743347168,0.0,0.4,0.0,0.10139870257167023,0.2710075587034225,0.053797009587287906,0.3064784899353981,0.041586278378963476,-0.07745130062103267,0.01677598357200627
llvip,040426,3,36.864418029785156,0.0,0.0,0.0,-0.06701753193824707,0.3687869369983673,0.05498252063989639,0.4747588038444519,0.01121695339679718,-0.38354981541633604,-0.019883501529693648
llvip,040428,6,32.30792999267578,0.16666666666666666,0.16666666666666666,0.16666666666666666,-0.02586672833940192,0.32347790002822874,0.07986332476139069,0.5122080042958259,-0.024459148943424214,0.06126103997230531,0.07587614059448244
llvip,040438,5,39.40837860107422,0.0,0.2,0.0,-0.11279909402273341,0.40315714478492737,0.05476491749286652,0.4693847417831421,-0.0023511856794357355,0.0625311940908432,0.0114385604858398
llvip,040443,10,38.998939514160156,0.4,0.0,0.2,-0.04764379693195079,0.29213322699069977,0.05064002722501755,0.4211816921830177,0.027747140824794764,-0.02192860245704653,0.002190268039703347
llvip,040446,3,18.642675399780273,0.0,0.0,0.0,-0.1130111013008304,0.45037728250026704,0.06223925203084946,0.557639890909195,0.021651342511177063,,-0.031228774785995506
llvip,040448,3,31.207509994506836,0.0,0.0,0.0,-0.061498034475108265,0.5531548380851745,0.03351346701383591,0.6866826623678207,-0.04642032980918884,-0.06566017270088198,-0.06184706687927244
llvip,040458,4,40.74965286254883,0.0,0.0,0.0,-0.06539085455559462,0.30866134762763975,0.04123799204826355,0.46800649762153623,0.017003417015075684,0.1812316715717316,0.00929681062698362
llvip,040460,5,21.037864685058594,0.0,0.2,0.0,-0.0020403772338049297,0.4730100929737091,0.05841600745916367,0.6914031028747558,0.024304148554801938,0.10599270462989807,0.03265454769134524
llvip,040471,6,33.869140625,0.0,0.16666666666666666,0.0,0.006806689600867522,0.42150194495916365,0.028070965409278864,0.5967942655086518,-0.019350475072860723,0.1093476414680481,0.028721308708190896
llvip,070006,1,58.944549560546875,0.0,0.0,0.0,0.008539469156670365,0.09566684365272521,0.050449039041996005,0.24647188782691953,-0.009599976241588593,,0.010617092251777649
llvip,070020,3,70.38438415527344,0.0,0.0,0.0,0.16012213414719184,0.40234940946102143,0.08837541192770004,0.5373386085033417,-0.008106923103332525,0.05554794073104863,-0.017337855696678173
llvip,070021,1,61.99524688720703,0.0,0.0,0.0,0.15496556690237273,0.19894002079963685,0.06220209151506424,0.42717841267585754,0.010488533973693842,,0.028886809945106506
llvip,070023,2,64.05359649658203,0.0,0.0,0.0,0.24547309161967612,0.29992498755455016,0.10050004124641418,0.5400542616844177,0.0586206041276455,,0.0054655730724334495
llvip,070028,4,51.371402740478516,0.0,0.0,0.0,0.0642432453811567,0.23375708162784575,0.058150391280651095,0.41941637843847274,-0.01639979481697082,0.15551666617393495,-0.0004967153072357178
llvip,070051,5,53.83926773071289,0.0,0.0,0.0,0.0628112313773394,0.30073283016681673,0.055575054883956906,0.3908420205116272,-0.028059810400009155,-0.05542836189270017,0.007965844869613659
llvip,070055,4,47.47274398803711,0.0,0.0,0.0,0.12323076416457585,0.2568502128124237,0.1024262860417366,0.36020947992801666,0.024386394023895266,-0.11147978305816653,-0.012018626928329473
llvip,070081,3,64.92851257324219,0.0,0.0,0.0,0.3452633079469669,0.16942549645900726,0.07814269065856934,0.2775541827082634,0.02453625202178955,-0.06568058729171755,-0.005208981037139904
llvip,070084,3,66.85262298583984,0.0,0.0,0.0,0.27489718037372357,0.24155792593955994,0.07406425327062607,0.3754768341779709,0.03957469016313553,-0.16196504831314085,-0.020614969730377186
llvip,070119,2,62.697486877441406,0.5,0.0,0.0,,0.1375256061553955,0.07416842430830002,0.11112357378005983,0.033013147115707395,,0.034252822399139404
llvip,070121,7,67.52237701416016,0.42857142857142855,0.0,0.2857142857142857,0.13551534837364648,0.2635368138551712,0.06554546654224395,0.40360324680805204,0.05279520601034164,0.05262879133224485,-0.018653318285942078
llvip,070130,2,66.70122528076172,0.5,0.0,0.0,0.321780702644604,0.07416077256202697,0.060809010267257685,0.09410855174064636,0.0229119211435318,0.008672571182250954,0.016247546672821023
llvip,070151,2,63.45216369628906,0.5,0.0,0.0,0.14715985700201661,0.1778224050998688,0.07593699768185616,0.3793366372585297,0.021343286335468295,,0.029788038134574896
llvip,070160,4,66.85579681396484,0.5,0.0,0.0,0.0923199910266932,0.22890965342521669,0.05771081745624543,0.3506865918636322,0.019474197924137127,0.12709541320800777,-0.06841449141502381
llvip,070165,3,56.628780364990234,0.0,0.0,0.0,0.033596592609761056,0.29755931794643403,0.05883860737085342,0.3521118998527527,0.012408271431922913,0.11692872047424319,0.018757614493370045
llvip,070176,7,51.21564483642578,0.0,0.0,0.0,0.00833134683510195,0.38181045949459075,0.07382570952177048,0.5434170335531234,0.07556113898754119,0.15832015573978425,-0.03115345537662506
llvip,070188,6,65.5993881225586,0.3333333333333333,0.0,0.0,0.0868901771526242,0.3055290222167969,0.07870458662509919,0.4010653257369995,0.03220274895429612,-0.24103863239288326,0.011557900905609153
llvip,070193,3,65.72627258300781,0.3333333333333333,0.0,0.0,0.09861728658312974,0.1208695352077484,0.07517912536859513,0.16023011207580568,-0.0027414903044700734,-0.2406348526477814,0.012905675172805775
llvip,070198,1,66.46798706054688,1.0,0.0,0.0,,0.054496335983276356,0.0677702859044075,0.07394700646400454,-0.01158556342124939,,0.008894988894462608
llvip,070199,1,66.74595642089844,1.0,0.0,1.0,,0.2546178102493286,0.07860751301050187,0.16066218018531797,0.06207285076379776,-0.11808070540428162,-0.02259775996208191
llvip,070214,3,61.069679260253906,0.0,0.0,0.0,0.2244054120363752,0.3625470757484436,0.10555430650711059,0.5103155478835106,0.07347247302532196,0.12129361033439634,-0.0015416413545608632
llvip,070222,3,65.59272003173828,0.0,0.0,0.0,0.2185860353043147,0.3885573923587799,0.0508370965719223,0.5308861911296845,0.0408432811498642,0.02708805799484254,-0.009905308485031128
llvip,070279,3,65.70074462890625,0.0,0.0,0.0,0.33700727663377117,0.3431045413017273,0.1025965616106987,0.5262645334005356,0.05858825445175171,-0.380467277765274,-0.027940481901168823
llvip,070285,2,66.8967056274414,0.5,0.0,0.0,,0.16670188903808592,0.05630799978971482,-0.059394681453704856,0.030231924355030054,,-0.0009632408618927002
llvip,070299,3,56.522918701171875,0.0,0.0,0.0,-0.029908837668472577,0.30746290683746336,0.07913243025541306,0.33460733890533445,-0.0220848336815834,-0.03313968181610105,0.025528749823570257
llvip,070302,3,51.89748764038086,0.3333333333333333,0.0,0.0,0.12628513579307565,0.2080854415893555,0.0711799293756485,0.38880093693733214,0.014811068773269653,,0.004281592369079601
llvip,070363,7,49.6164436340332,0.14285714285714285,0.0,0.0,0.03975715506555563,0.3327836781740189,0.07328551262617111,0.4893553376197815,0.04629446566104889,0.20617440044879914,0.0007437407970428411
llvip,070369,5,59.72333908081055,0.4,0.0,0.2,0.15890820359558588,0.3097228229045868,0.08139868378639221,0.4687739223241806,0.03176321089267731,0.15392226576805113,0.01313503086566925
llvip,070373,5,67.44271087646484,0.2,0.0,0.0,0.22426562532188296,0.31687019765377045,0.04008690863847733,0.5401481449604034,0.019910900294780737,0.04858257770538332,0.0031507223844528254
llvip,070408,1,62.97265625,1.0,0.0,0.0,,-0.2870533645153046,0.05351295322179794,-0.2186803460121155,0.019978986680507654,,0.01719724535942077
llvip,070417,2,68.30415344238281,0.0,0.0,0.0,0.16921902677732442,0.3993638247251511,0.06217306554317474,0.5136314272880554,-0.020371118187904352,,0.004558297991752613
llvip,070437,1,67.42170715332031,0.0,0.0,0.0,0.30461800714052856,0.23028706908226015,0.06940207928419113,0.20488381981849668,0.026739241182804102,,0.01746025085449221
llvip,070441,4,65.96007537841797,0.0,0.0,0.0,,0.10196896791458132,0.05764717757701873,0.14929639697074892,0.007351842522621152,-0.32740712761878965,-0.011235868930816628
llvip,070447,9,64.98526000976562,0.3333333333333333,0.0,0.0,0.1926953461217325,0.14997122138738633,0.04041538685560225,0.2314696341753006,-0.002609682083129894,-0.01898586153984072,-0.014815688133239746
llvip,070451,2,66.84526062011719,0.0,0.0,0.0,0.220415729883773,0.3084639459848404,0.07293342798948288,0.3199957191944122,-0.010669243335723888,,0.01090427637100222
llvip,070452,1,58.6088752746582,0.0,0.0,0.0,0.3970984199647909,0.1769803285598755,0.08251840174198151,0.05610032677650456,-0.0025637134909629877,,0.03810073137283326
llvip,120003,2,20.325305938720703,0.5,0.0,0.0,-0.03852276760716156,0.2472477823495865,0.04348748177289963,0.3197164833545685,0.01882586777210235,,0.0528501152992249
llvip,120020,4,20.638002395629883,0.0,0.0,0.0,0.003569968723116268,0.3260143011808395,0.03962079286575318,0.5124546080827713,0.07038318365812302,0.10737610459327696,-0.017976772785186723
llvip,120024,3,20.291643142700195,0.3333333333333333,0.3333333333333333,0.0,0.13818216101547875,0.25496076345443724,0.058083498477935785,0.2752650797367096,0.09079672545194625,,-0.0007210016250610574
llvip,120030,2,20.643369674682617,0.0,0.0,0.0,0.18954470402377832,0.2076166570186615,0.013194021582603466,0.20283865332603457,0.02003274261951446,,0.0011101722717284934
llvip,120035,2,20.713403701782227,0.0,0.0,0.0,0.3533465268232953,0.29578128457069397,0.04602015018463135,0.5050109773874283,0.07283192425966263,,0.064791989326477
llvip,120051,3,20.538414001464844,0.6666666666666666,0.0,0.3333333333333333,,0.10119075477123263,0.035382127761840826,-0.046234893798828114,0.013309831917285908,-0.0039667487144470215,-0.0027993440628051314
llvip,120081,1,21.486156463623047,0.0,0.0,0.0,0.14326879093189593,0.23001820445060728,0.06299334317445755,0.21905939579010014,0.08063761740922928,,0.04086450338363645
llvip,120083,2,23.000295639038086,0.5,0.0,0.5,0.014877659886774586,0.2585034132003784,0.03131697475910186,0.3815933853387833,0.041512167453765875,-0.06519689559936526,-0.024811184406280495
llvip,120087,1,21.317630767822266,1.0,0.0,1.0,,0.08448898792266846,0.025313958525657654,0.08498580455780025,0.05065059065818786,,0.0018297910690308061
llvip,120088,5,20.641071319580078,0.2,0.0,0.0,0.0833605261947068,0.3865822494029999,0.05200226902961731,0.43007713854312896,0.07076982706785201,-0.025771939754486106,0.030435681343078613
llvip,120089,3,20.54583740234375,0.6666666666666666,0.0,0.0,0.1671081567226096,0.027228105068206776,0.03678636401891708,0.038362097740173295,0.030527950823307032,0.17099284529685976,0.012027835845947243
llvip,120111,4,21.022626876831055,0.75,0.0,0.0,0.04736160918078325,0.2463149607181549,0.015758919715881337,0.2500078856945038,0.013613781332969671,0.01435332298278813,0.04372028708457942
llvip,120114,2,21.223281860351562,0.0,0.0,0.0,0.22483063572656847,0.2273986041545868,0.025790745019912714,0.35042038559913635,0.0513914257287979,0.01645433306694033,0.015035682916641258
llvip,120133,2,20.59174156188965,0.5,0.0,0.0,0.09609745481625787,0.3290742576122284,0.03285595923662185,0.18062283992767336,0.06305088102817535,,-0.008154857158660933
llvip,120139,2,21.29354476928711,1.0,0.0,0.0,,0.08240510523319244,0.03814228922128676,0.03971710205078127,0.0436738759279251,,0.03853974342346189
llvip,120151,5,20.659626007080078,0.6,0.0,0.0,0.019615642386164256,0.2215449333190918,0.03272604048252106,0.3220719963312149,0.005490833520889277,0.03018009364604951,0.04243606925010679
llvip,120155,4,20.637264251708984,0.75,0.0,0.25,0.19796997515061066,0.33260921835899354,0.031204383075237263,0.3784383535385132,0.06626005619764327,0.05020565986633296,0.0039875268936157005
llvip,120157,5,21.957101821899414,0.6,0.0,0.0,0.2032206805128266,0.23721654117107394,0.021614517271518696,0.32386132180690763,-0.0056730613112449535,-0.36817048788070683,-0.006302952766418457
llvip,120162,1,21.597925186157227,0.0,0.0,0.0,-0.0156419306479062,0.22829296588897707,0.03826312720775604,0.22843130826950075,0.04816786199808121,,0.014588260650634788
llvip,120165,4,21.20547103881836,0.5,0.0,0.5,0.20185364596194533,0.22529267370700834,0.040851390361785894,0.23697052597999574,0.036902001500129705,0.041694247722625755,0.07778106331825252
llvip,120199,1,20.565425872802734,0.0,0.0,0.0,0.22030232771175862,-0.12032569646835323,0.056469912827014926,-0.034117162227630615,0.10036191642284394,,-0.005285704135894798
llvip,120225,1,20.628835678100586,0.0,0.0,0.0,-0.05121420957076972,0.15974491834640503,0.06767085045576096,0.2563867509365082,0.052569617331027996,,0.02147917747497563
llvip,120227,3,21.7153263092041,1.0,0.0,0.6666666666666666,,0.28993919491767883,0.04227196723222733,0.3447909772396088,0.0511944830417633,0.005667018890380904,0.02659088373184204
llvip,120233,5,20.844284057617188,0.4,0.0,0.0,0.1470702366131707,0.11830929219722747,0.02709226757287979,0.05877511203289032,0.05807615220546722,0.17047476172447207,0.004142689704895064
llvip,120234,5,20.555421829223633,0.6,0.0,0.2,-0.07822752359852736,0.27606344521045684,0.04915527254343033,0.25331897735595704,0.027687817811965942,-0.16349185705184932,0.0046215415000915305
llvip,120237,2,20.91122817993164,0.0,0.0,0.0,0.15880800456315936,0.32356010675430297,0.031320121884346006,0.48933825492858884,0.07933297157287597,,-0.0016232013702393022
llvip,120273,3,22.343114852905273,0.0,0.0,0.0,0.03935224389401748,0.16049852371215823,0.037370251119136805,0.2541190266609192,0.038976971805095684,-0.022458606958389304,0.04034538269042964
llvip,120288,2,20.805233001708984,0.0,0.0,0.0,0.1256880072829717,0.2294012188911438,0.029696723818778997,0.4904498755931854,0.032433341443538655,,-0.014303779602050759
llvip,120298,1,20.678030014038086,0.0,0.0,0.0,0.23581588986439506,0.12373631000518798,0.043992094695568085,0.3512764275074005,0.02786436676979065,,0.0029502987861633745
llvip,120357,3,20.518966674804688,0.6666666666666666,0.0,0.0,0.15483234463467066,0.1524982750415802,0.04195695370435715,0.19764151573181155,0.02742079198360442,,0.012523972988128684
llvip,120426,5,20.45139503479004,0.6,0.0,0.2,0.18875042814716142,0.25572154521942136,0.04497316181659698,0.25788797736167907,0.005788466334342962,-0.006214451789855968,-0.017405998706817583
llvip,120427,2,20.946941375732422,0.0,0.0,0.0,0.2671593143216901,0.3078161537647247,0.037865270674228665,0.25611454248428345,0.06940358132123947,,0.006202578544616699
llvip,120429,10,21.654226303100586,0.6,0.0,0.1,0.10867488863860136,0.4158202767372131,0.04457440972328186,0.4833614081144333,0.023404149711132055,-0.0035437703132629172,-0.007376968860626221
llvip,120431,1,20.789573669433594,1.0,0.0,1.0,,0.2014112830162048,0.03918056488037108,0.06763005852699278,0.029107211530208593,,-0.0007275819778442827
llvip,120444,1,20.437238693237305,0.0,0.0,0.0,0.0726861125849998,0.14378729462623596,0.04174527376890183,0.3623031556606293,0.08277659565210342,,0.041172629594802834
llvip,120455,2,20.569419860839844,0.5,0.0,0.0,0.026993288520983594,0.21664994955062866,0.046518650650978086,0.3446138441562653,0.05787863880395888,,0.04503842592239382
llvip,120456,1,20.476497650146484,0.0,0.0,0.0,0.04043611329280128,0.17270348072052,0.03265708237886428,0.4043751657009125,0.03259013146162032,,0.01334226131439209
llvip,250002,1,130.8225555419922,0.0,0.0,0.0,-0.0837482242606582,0.1065546929836273,0.06725460514426232,0.3123389959335327,0.10962132662534714,,0.025565266609191895
llvip,250010,1,32.21949005126953,0.0,0.0,0.0,0.02470802310056075,0.21092230081558228,0.041486608982086184,0.4552020847797394,0.02476514428853989,0.2259939789772034,-0.009009057283401484
llvip,250031,2,121.34021759033203,0.0,0.0,0.0,0.336403336047728,0.20160159170627595,0.05743240565061569,0.510575145483017,0.11622979640960693,0.10674663782119753,0.03364875316619875
llvip,250056,1,68.03958129882812,0.0,0.0,0.0,0.12387249939519107,0.20750935077667232,0.0970976933836937,0.4370839983224869,0.019245931506156916,,-0.0035011112689972146
llvip,250063,2,47.01044845581055,0.0,0.0,0.0,0.1099797294916901,0.18922810554504393,0.08480612188577652,0.3760868310928345,0.09174807593226433,0.7222487464547157,0.03578279912471771
llvip,250097,3,115.53308868408203,0.0,0.0,0.0,0.13319979687660052,0.3218771442770958,0.05094247236847878,0.5943753123283386,0.11806596368551255,0.10876494646072388,0.00048586130142214135
llvip,250105,2,124.02180480957031,1.0,0.0,0.0,,0.045713159441947926,0.060514867305755615,0.18672612309455872,0.10250442773103714,-0.11256058216094966,0.048397719860076904
llvip,250111,2,62.42974853515625,0.5,0.0,0.0,-0.11452268832540569,0.19675467014312742,0.09249999523162841,0.393868213891983,0.029033812135457998,,-0.01710084080696106
llvip,250122,1,64.88863372802734,0.0,0.0,0.0,0.17086870968340628,0.1838883817195892,0.05247682482004165,0.23985874056816103,0.03383032828569413,,-0.007307581603527069
llvip,250151,3,120.87276458740234,0.6666666666666666,0.0,0.0,-0.009864587258859081,0.21225971281528472,0.055874872207641604,0.26664602756500244,0.08953025192022324,-0.027390718460083008,-0.04445326328277588
llvip,250156,3,20.76726531982422,0.0,0.0,0.0,0.06467862210049213,0.31235010325908663,0.03021448850631714,0.46079095602035525,-0.016668295860290533,0.14991675615310673,-0.030649089813232444
llvip,250157,1,85.95355987548828,0.0,0.0,0.0,0.1247086472346588,0.4018580734729767,0.04653674513101577,0.4290888845920563,0.02807110249996185,,-0.01119314432144164
llvip,250171,3,34.921104431152344,0.0,0.0,0.0,0.07437780831824592,0.4312364667654037,0.0643064796924591,0.6018341720104218,-0.03416657596826553,0.0505557656288147,-0.2186377763748169
llvip,250198,2,122.07779693603516,0.0,0.0,0.0,0.314584169537999,0.3453793331980705,0.05598730519413948,0.5151255637407303,0.09258595108985901,0.11042986810207367,0.026606261730194092
llvip,250206,1,125.45740509033203,0.0,0.0,0.0,0.028179159491463546,0.40364089906215667,0.043176150321960455,0.4415544033050537,0.04535987079143525,0.10976165533065796,0.02460647821426387
llvip,250209,1,20.517230987548828,0.0,0.0,0.0,0.11191229454640905,0.2747555494308472,0.06849457919597626,0.38652065992355344,0.07397146970033647,,0.0075136780738830344
llvip,250212,1,124.43498229980469,0.0,0.0,0.0,-0.010176567630878264,0.27038778364658356,0.05662692338228226,0.4080447405576706,0.06399175822734833,0.0007893502712249534,-0.01352072954177852
llvip,250215,1,118.78820037841797,0.0,0.0,0.0,0.1540589690197497,0.23572595715522765,0.05565186440944672,0.4631542682647705,0.06461516916751861,0.3189524471759796,0.018294239044189475
llvip,250236,2,121.93550872802734,0.0,0.0,0.0,0.031100570529450033,0.4088419646024704,0.055971903353929514,0.40155984163284303,0.1260577619075775,-0.02638920545578005,-0.02534782886505127
llvip,250240,1,128.0713348388672,0.0,0.0,0.0,0.039140210531652064,0.22490689754486082,0.07548423856496811,0.3316637516021729,0.10536026060581208,,0.03808132410049436
llvip,250252,1,124.6332778930664,0.0,0.0,0.0,0.14626326927400057,0.32039847373962405,0.03981118872761727,0.3874905347824097,0.07560577169060707,,0.05325049757957456
llvip,250253,1,122.54153442382812,0.0,0.0,0.0,0.18634341034263424,0.27826836705207825,0.047479160130023956,0.43473570942878725,0.12047311067581176,0.07497586011886592,0.01599575281143184
llvip,250259,2,113.0229721069336,0.5,0.0,0.0,0.2044226665453297,0.07182048857212067,0.04057479649782181,0.18347173929214478,0.028830389678478244,-0.08139821887016296,-0.036578226089477583
llvip,250261,3,127.0287094116211,0.3333333333333333,0.0,0.0,0.0705481984467437,0.3119148135185242,0.05114595592021942,0.35258960723876953,0.07821154147386551,-0.12850751876831057,0.011827623844146706
llvip,250270,1,130.7078857421875,1.0,0.0,0.0,,0.15451293289661405,0.07275440022349358,0.34363634437322615,0.1335711069405079,,0.02509748935699463
llvip,250293,2,114.51138305664062,0.0,0.0,0.0,0.26463532601724493,0.11086974143981931,0.04758568704128265,0.3045045703649521,0.06664588153362275,0.007743930816650368,0.0296159625053406
llvip,250302,1,19.499755859375,0.0,0.0,0.0,-0.04799301745805318,0.19933702349662785,0.0020193159580230713,0.3815190672874451,-0.011448653042316431,,-0.051210999488830566
llvip,250316,2,46.9012336730957,0.0,0.0,0.0,0.08600927863816316,0.33501816987991334,0.07190824747085571,0.40035667419433596,0.06155542135238648,0.0844201773405075,-0.004457041621208191
llvip,250326,3,125.79434967041016,0.3333333333333333,0.0,0.0,-0.004071412917603712,0.16068735122680666,0.05700885057449341,0.3540876924991608,0.12966213524341583,0.018042552471160933,0.006041061878204301
llvip,250331,1,19.901275634765625,0.0,0.0,0.0,-0.0653378428249689,0.4452585458755493,0.0256589874625206,0.504275792837143,-0.011091697216033924,,-0.03231967687606807
llvip,250332,4,130.24835205078125,0.25,0.25,0.0,0.2074511523190684,0.154764723777771,0.055703760683536524,0.3591649949550629,0.0639762207865715,0.07742155790328975,0.011238455772399902
llvip,250345,1,131.73724365234375,1.0,0.0,0.0,,0.13188443779945375,0.06336604356765747,0.3075780987739563,0.14592315778136253,,-0.0022029876708984375
llvip,250349,1,32.15114974975586,0.0,0.0,0.0,0.06057944480824062,0.2279912829399109,0.04806943386793136,0.5234661757946014,-0.036236210167407995,,-0.027363374829292297
llvip,250354,3,123.76144409179688,0.6666666666666666,0.0,0.0,0.11404512823506141,0.09903231859207151,0.05632981881499291,0.18325327038764955,0.11773529499769211,-0.016865777969360396,0.0380640387535095
llvip,250361,2,126.4678955078125,0.0,0.0,0.0,0.049395717869913536,0.3258880376815796,0.05809909254312515,0.5190684467554092,0.133458149433136,0.1594256401062012,0.026577061414718606
llvip,250365,3,119.14444732666016,0.3333333333333333,0.0,0.3333333333333333,0.11997897568165139,0.37299565970897675,0.05579338222742081,0.5135233163833618,0.0795290231704712,-0.009939861297607377,-0.03749899864196782
llvip,250368,4,20.442983627319336,0.0,0.0,0.0,0.02870006086895438,0.3078101724386215,0.054108248651027674,0.5317588746547699,0.062464095652103424,0.1811720788478851,0.04550306797027592
llvip,250389,4,20.198013305664062,0.0,0.0,0.0,-0.015758816713147494,0.5048575550317764,0.06363024711608886,0.6842531710863113,-0.0424966886639595,0.14343635439872743,0.04030317664146421
llvip,250396,1,31.510766983032227,0.0,0.0,0.0,0.0877995227442454,0.2275999844074249,0.044726462662219996,0.41661229729652405,-0.021092920005321508,,-0.009418819844722745
llvip,250404,2,118.1922836303711,0.0,0.0,0.0,0.27791478809696935,0.22037546336650848,0.057481441646814346,0.4278379589319229,0.11688778549432755,0.007467401027679399,-0.009634137153625488
llvip,250407,1,126.96089172363281,0.0,0.0,0.0,0.03669190235072606,0.35630497336387634,0.062064139544963835,0.5248361945152282,0.11307427436113357,-0.012068676948547408,0.04862602353096013
vedai,00000010,9,142.32786560058594,0.2222222222222222,0.2222222222222222,0.1111111111111111,-0.06722556483960651,0.612972554564476,0.31803684681653976,0.4667594790458679,0.30631932616233826,,0.11234979629516606
vedai,00000012,1,128.19776916503906,0.0,0.0,0.0,0.014962899570349797,,0.33547571003437043,,0.25559327006340027,,0.09651541709899902
vedai,00000025,9,135.30972290039062,0.0,0.2222222222222222,0.0,-0.024865701903631354,0.6596415281295777,0.34201745092868807,0.6146523118019104,0.3197925627231598,,0.0668097853660583
vedai,00000027,16,103.59244537353516,0.0625,0.0,0.0625,-0.009894436723710065,0.6508705869317055,0.29451425597071645,0.6919127017259598,0.29892839044332503,,0.22658618092536925
vedai,00000055,4,110.06810760498047,0.25,0.0,0.25,-0.0052400460846653285,0.5980097889900208,0.3201490052044392,,0.39222011566162107,,0.02705765366554258
vedai,00000086,3,139.06932067871094,0.6666666666666666,0.0,0.6666666666666666,0.019904854231312274,0.6278781414031982,0.28486039116978645,0.41064365506172185,0.2569923534989357,,0.17273014187812807
vedai,00000087,4,145.80966186523438,0.0,0.0,0.0,-0.026744540694377632,0.5354049026966095,0.33300964161753654,0.45415495038032533,0.23694729804992676,,0.04071240425109868
vedai,00000088,8,128.30026245117188,0.125,0.125,0.125,0.015582390014749037,0.7070952206850052,0.30224588736891744,0.7128909289836883,0.3085497975349426,,0.11180149316787719
vedai,00000089,5,150.1239471435547,0.6,0.0,0.6,0.13235206406318778,0.6320269167423248,0.33874150961637495,0.3730029106140137,0.28653777837753297,,0.08680552244186401
vedai,00000095,2,150.92398071289062,0.0,0.0,0.0,0.019788206111487183,0.5213961780071259,0.37462295442819593,,0.44196936786174773,,0.046826195716857866
vedai,00000108,5,117.16202545166016,0.0,0.0,0.0,0.02603722233587835,0.48752217888832095,0.28785635977983476,0.2873392820358276,0.2871218487620354,,-0.07983417510986324
vedai,00000110,2,107.1762924194336,0.0,0.0,0.0,0.15446357944135258,0.29128183722496037,0.2851841852068901,,0.27838011980056765,,0.013282406330108687
vedai,00000143,9,134.49212646484375,0.0,0.1111111111111111,0.0,-0.001497906370351354,0.6581141948699951,0.3408623091876507,0.74131580889225,0.37965142726898193,,0.005773782730102539
vedai,00000156,4,132.33819580078125,0.0,0.0,0.0,-0.09196425227304177,0.3701905608177185,0.247160754352808,,0.27072905004024506,,0.11570978760719297
vedai,00000158,3,135.8538360595703,0.3333333333333333,0.3333333333333333,0.0,0.027056184708482145,0.4278627038002014,0.4599199242889881,,0.482736337184906,,0.16324270367622373
vedai,00000164,3,128.39453125,0.0,0.6666666666666666,0.0,0.004266036139793927,0.43615689873695374,0.3472163088619709,,0.35942802727222445,,-0.026450943946838334
vedai,00000174,7,125.49453735351562,0.2857142857142857,0.2857142857142857,0.14285714285714285,-0.0883739606710694,0.5928893446922302,0.25817305222153664,0.5541336178779602,0.34114015102386475,,-0.001833868026733354
vedai,00000179,1,122.01788330078125,0.0,0.0,0.0,-0.033568110336358536,0.25396566390991215,0.36934219375252725,,0.28704217076301575,,0.053610092401504494
vedai,00000189,2,142.2207794189453,0.0,0.0,0.0,-0.015021060632013195,0.4641647577285767,0.25181482806801797,,0.18101100921630858,,0.09225983023643491
vedai,00000194,1,141.75738525390625,0.0,0.0,0.0,-0.040806142079342855,0.2248687863349914,0.3502535752952099,,0.22261602282524107,,0.06769789457321163
vedai,00000205,3,94.77630615234375,0.0,0.0,0.0,0.0030872373737276804,0.33568204045295713,0.23028507307171822,0.47664054334163664,0.1976442277431488,,0.08803035616874694
vedai,00000221,2,73.53661346435547,0.0,0.5,0.0,0.0346913397152695,,0.3626428581774235,,0.4206510573625565,,0.0010740995407104714
vedai,00000240,3,98.52909088134766,0.0,0.0,0.0,-0.04863784359536277,0.4745010554790497,0.1960914246737957,,0.24511373937129977,,-0.016669738292694136
vedai,00000250,2,107.71732330322266,0.0,0.5,0.0,-0.03722412246717888,0.5526540577411652,0.28276118338108064,,0.2650181293487549,,0.11688382029533384
vedai,00000254,2,110.37903594970703,0.0,0.0,0.0,0.07394402871940553,0.41002688407897947,0.41345129907131195,,0.38851072192192077,,0.008385223150253251
vedai,00000257,3,108.19091796875,0.0,0.3333333333333333,0.0,-0.03384943977314764,0.5252684980630875,0.23613095805048942,,0.2653489619493484,,0.08504234552383427
vedai,00000262,4,85.97517395019531,0.25,0.0,0.0,0.04691965549263829,0.4228200376033783,0.273359315097332,,0.2638402432203293,,0.18409072756767275
vedai,00000274,1,101.36597442626953,0.0,0.0,0.0,-0.12717113849088701,,0.41974036768078804,,0.4151997685432434,,0.10684422254562376
vedai,00000289,1,99.16476440429688,1.0,0.0,1.0,,0.19281305074691768,0.26104582846164703,,0.25135828256607057,,0.06577566862106321
vedai,00000299,5,113.900634765625,0.2,0.2,0.0,-0.037622990930040734,0.5168504118919373,0.33227514773607253,0.4130783319473267,0.2797327399253845,,-0.017002540826797474
vedai,00000300,12,103.36711883544922,0.0,0.16666666666666666,0.0,0.002523705334468012,0.6457736968994141,0.3438639365136623,0.5378987431526184,0.3688585326075554,,-0.00022916793823246628
vedai,00000302,10,98.50929260253906,0.3,0.1,0.0,0.01895485956080793,0.6023351460695267,0.3373020891100168,0.49138333201408385,0.39153660237789156,,0.21371856927871702
vedai,00000360,4,109.38164520263672,0.5,0.0,0.0,0.008957792799767272,0.55894256234169,0.2671832457184792,0.3365557253360748,0.24810178577899933,,0.2520204186439514
vedai,00000370,4,96.9084243774414,0.0,0.25,0.0,0.02614542794125711,0.48754037022590635,0.2628295883536339,,0.23937872648239134,,0.08945134878158567
vedai,00000383,1,97.7745361328125,0.0,0.0,0.0,-0.02730519586171465,0.23495243787765507,0.3023685872554779,,0.3020742565393448,,0.07712343335151672
vedai,00000400,8,90.72377014160156,0.25,0.25,0.125,-0.011585051425574644,0.6547202542424202,0.25406642630696297,0.4765677392482758,0.27644939720630646,,0.07088407874107361
vedai,00000426,5,141.95315551757812,0.0,0.0,0.0,-0.04816244549426937,0.5360858976840973,0.3408923514187336,0.5395961940288544,0.22416712641716002,,0.16425666213035583
vedai,00000428,2,125.75850677490234,0.0,0.5,0.0,-0.003514534912872458,0.5311347246170044,0.31353466510772704,0.47942660450935365,0.28971001207828523,,0.02173458337783818
vedai,00000443,1,105.29469299316406,0.0,0.0,0.0,,0.29824279546737675,0.31352517530322077,,0.19588414430618284,,0.060705161094665505
vedai,00000461,6,103.75761413574219,0.16666666666666666,0.0,0.16666666666666666,0.013513430912755864,0.5551937460899353,0.3396690748631954,,0.24794957041740417,,0.058998727798461936
vedai,00000473,1,93.04447174072266,0.0,1.0,0.0,,0.23226484060287478,0.2886269487440586,,0.3799195736646652,,0.1001041412353516
vedai,00000475,4,71.85889434814453,0.0,0.25,0.0,0.051809118276962274,0.43475722670555117,0.21246936842799186,,0.2854416787624359,,0.05325251817703247
vedai,00000493,1,89.49512481689453,0.0,0.0,0.0,0.0027271342519997743,,0.1888188026845455,,0.22593261003494264,,0.08178566694259648
vedai,00000515,3,142.03550720214844,0.0,0.0,0.0,0.16010446496086034,0.5009967863559723,0.2705320529639721,,0.2425163894891739,,0.0728029251098633
vedai,00000521,3,116.85295867919922,0.0,0.0,0.0,0.12173323263173563,0.3180308818817139,0.34950930401682856,,0.39418493807315824,,0.005537009239196755
vedai,00000534,1,101.0899887084961,0.0,0.0,0.0,0.026092289301126392,0.38047405481338503,0.2400186203420162,,0.2934390366077423,,0.11854069232940678
vedai,00000539,2,114.99018859863281,0.0,0.0,0.0,0.07699303537872337,,0.2784521274268627,,0.35342358350753783,,0.1354899048805237
vedai,00000542,2,124.04202270507812,0.0,0.0,0.0,-0.0009639951837259186,0.4574526369571686,0.2654435381293297,,0.21522020995616914,,0.049262499809265115
vedai,00000556,2,153.52647399902344,0.0,0.5,0.0,0.050704429156333,0.5625422954559326,0.2603690929710865,,0.3112977802753448,,0.07861126661300655
vedai,00000558,3,129.86720275878906,0.3333333333333333,0.0,0.0,-0.014025001751009958,0.48493832945823667,0.25775307342410086,0.26660512089729305,0.29765687584877015,,0.07748437523841856
vedai,00000572,6,154.15069580078125,0.0,0.0,0.0,0.03754524770870857,0.6210447698831558,0.34376880526542664,0.5255508869886398,0.323997563123703,,0.13819968700408936
vedai,00000583,1,109.68965148925781,0.0,0.0,0.0,-0.05351431950381802,,0.22110121101140975,,0.14850831627845762,,0.02590014934539797
vedai,00000612,4,148.31565856933594,0.25,0.0,0.25,-0.022537910753160417,0.640926793217659,0.23820496946573258,0.508330374956131,0.18382965326309203,,0.041790556907653764
vedai,00000620,2,124.93982696533203,0.0,0.0,0.0,-0.03828702845522147,0.42184792160987855,0.6592968761920929,,0.48865842521190644,,0.0593466520309448
vedai,00000625,1,127.18719482421875,0.0,0.0,0.0,-0.03596988846955629,,0.4008798196911812,,0.37517589926719663,,-0.02540413141250608
vedai,00000629,1,196.7041015625,0.0,1.0,0.0,,0.39748904705047605,0.23645479008555412,,0.24963547587394713,,0.13822884559631343
vedai,00000639,2,104.35614776611328,0.5,0.0,0.0,-0.06495113684026588,0.31312995553016665,0.3008993700146675,,0.33778590261936187,,0.07211229801177976
vedai,00000644,1,119.2631607055664,0.0,0.0,0.0,-0.06736069459107663,,0.2699167594313622,,0.32234044671058654,,0.08733824491500852
vedai,00000658,1,132.5076904296875,0.0,0.0,0.0,-0.006613864687423754,,0.30202461034059525,,0.23814266026020048,,0.157096517086029
vedai,00000663,1,94.9417495727539,0.0,0.0,0.0,0.08157591137469045,,0.2949791669845581,,0.2261742040514946,,0.0011103153228759766
vedai,00000667,1,111.53160858154297,0.0,0.0,0.0,0.03744033569058791,,0.3000011842697859,,0.2754793956875801,,-0.1148278474807739
vedai,00000671,1,110.88509368896484,1.0,0.0,0.0,,0.3018424987792969,0.32565841600298884,,0.28536157310009,,0.10919023156166074
vedai,00000685,3,129.76730346679688,0.0,0.0,0.0,0.031892149285101534,0.6060703337192536,0.3583994388580322,,0.45417528599500656,,0.24032949209213256
vedai,00000691,1,115.95217895507812,0.0,0.0,0.0,0.023557186693222265,,0.26306343674659727,,0.19176856279373167,,0.11400179862976079
vedai,00000701,1,100.33549499511719,0.0,0.0,0.0,0.02555241162440236,,0.2903640903532505,,0.22413559556007384,,0.0028811454772948997
vedai,00000710,2,147.10452270507812,0.0,0.5,0.0,,0.46030606627464293,0.28184527680277827,0.26427561044692993,0.37510649859905243,,0.10476706027984617
vedai,00000715,2,112.36327362060547,0.0,0.0,0.0,-0.05301586217401172,0.3870357036590576,0.2515287235379219,,0.2054165005683899,,0.08551104068756099
vedai,00000721,4,111.37551879882812,0.25,0.0,0.0,0.08229883377770648,0.5353000521659851,0.312062282115221,0.5251317739486694,0.28346696197986604,,0.11410028934478755
vedai,00000770,8,107.65371704101562,0.25,0.0,0.125,0.030150154928007412,0.6198056221008301,0.30133480578660965,0.6222377717494965,0.24193458557128905,,0.0826309204101563
vedai,00000825,2,97.83975219726562,0.0,0.5,0.0,0.061562251789305966,0.5479248702526093,0.29558995366096497,,0.24031195044517517,,0.08734869956970215
vedai,00000855,3,107.5642318725586,0.0,0.0,0.0,0.04214117564652309,0.5487938821315765,0.2968317002058029,,0.2132258892059326,,0.20809778571128845
vedai,00000857,4,112.49887084960938,0.0,0.25,0.0,-0.026719408883731182,0.5815962314605713,0.21257394701242446,0.4455386459827423,0.2540052175521851,,0.08836014270782466
vedai,00000864,1,119.94837951660156,0.0,0.0,0.0,,,0.23812978193163872,,0.27063831984996795,,0.07723451256752012
vedai,00000868,2,83.13982391357422,0.0,0.0,0.0,-0.11667112286460252,0.31435130238533016,0.3536715254187584,,0.42468232810497286,,0.20427448153495786
vedai,00000879,1,131.01524353027344,1.0,0.0,0.0,,0.38065433502197266,0.31639164835214617,,0.278593921661377,,0.013824868202209517
vedai,00000881,5,116.65846252441406,0.2,0.0,0.0,-0.0505539163544062,0.536486205458641,0.3301506690680981,,0.2750259131193161,,0.13204386830329895
vedai,00000897,4,95.75253295898438,0.0,0.0,0.0,0.029761637462907164,0.498438173532486,0.2647193901240826,,0.2754034250974655,,0.02241123318672178
vedai,00000911,3,109.25531005859375,0.0,0.0,0.0,-0.04451799956214001,0.28380347490310665,0.3042060784995556,,0.22483949661254882,,0.056686902046203635
vedai,00000922,3,170.1051483154297,0.3333333333333333,0.0,0.0,-0.08624995471023145,0.4904512107372284,0.3639328472316265,,0.39979098588228223,,-0.0037743985652923806
vedai,00000927,1,128.15098571777344,0.0,0.0,0.0,0.08761805649641063,0.21094828844070435,0.2069027006626129,,0.11309616863727567,,0.06138722896575932
vedai,00000938,1,134.2154541015625,0.0,0.0,0.0,-0.036098466347193825,,0.3367309905588627,,0.312634015083313,,0.07284420728683472
vedai,00000940,1,140.5530242919922,0.0,0.0,0.0,0.01789354102187035,,0.24802132546901703,,0.2729644477367401,,0.16574892997741697
vedai,00000941,1,147.95022583007812,0.0,0.0,0.0,,0.2864172101020813,0.2610368110239506,,0.17277389764785767,,0.12280501127243038
vedai,00000943,1,151.1745147705078,0.0,0.0,0.0,0.018703011679637394,,0.23805301785469055,,0.3241772294044495,,0.14862453937530518
vedai,00000949,3,147.26654052734375,0.0,0.0,0.0,-0.005104000146206045,0.47309730052947996,0.21392460390925408,,0.3166514128446579,,0.12024719715118404
vedai,00000952,6,135.7060089111328,0.16666666666666666,0.0,0.16666666666666666,-0.061847051573353753,0.6530020356178283,0.39842722937464714,0.65473652780056,0.2733833432197571,,0.13818656802177431
vedai,00000977,1,119.79298400878906,0.0,0.0,0.0,0.02130073405748778,0.23470931053161626,0.3763846904039383,,0.4595979779958725,,0.1200984060764313
vedai,00000980,2,134.77247619628906,0.0,0.0,0.0,0.0017874537156989945,0.48528642058372495,0.36605856791138647,,0.3543578177690506,,0.08024032115936275
vedai,00000998,3,117.88890075683594,0.0,0.0,0.0,0.049007910168713455,0.6095927000045777,0.22544859871268272,,0.34782381653785704,,0.06692088842391963
vedai,00001002,1,180.31797790527344,0.0,0.0,0.0,,0.2600232005119324,0.23084484711289405,,0.2709373146295547,,0.12244759798049931
vedai,00001005,1,145.71669006347656,0.0,0.0,0.0,-0.048682672123322335,0.20272420644760136,0.2348600685596466,,0.2099679559469223,,0.12100659608840947
vedai,00001011,8,106.06133270263672,0.125,0.0,0.0,-0.006633791265357058,0.6590693861246109,0.25645494014024733,0.6216183364391327,0.25984378457069396,,-0.039224970340728804
vedai,00001017,1,146.57733154296875,0.0,0.0,0.0,-0.006772543596526015,,0.24008549526333808,,0.2168911874294281,,0.06294460296630855
vedai,00001018,1,161.48751831054688,0.0,0.0,0.0,0.09552308119937136,0.4357595324516296,0.2678969740867615,0.33110690116882324,0.19984436631202696,,0.15867798328399663
vedai,00001026,1,106.4957275390625,1.0,0.0,1.0,,0.3457223832607269,0.3812842398881912,,0.4220663636922836,,0.12272682189941408
vedai,00001033,3,128.68280029296875,0.0,0.0,0.0,0.0043334098456787595,0.5195499658584595,0.32819337025284767,,0.39667155742645266,,0.1538448810577393
vedai,00001037,1,129.8256378173828,0.0,0.0,0.0,0.015443677785827004,,0.3056850954890251,,0.1772575080394745,,0.09669373035430906
vedai,00001045,1,157.06822204589844,0.0,0.0,0.0,-0.01947122830293513,0.15061218738555904,0.3221582926809788,,0.35647532939910886,,0.10851665735244753
vedai,00001059,3,163.0039825439453,0.0,0.0,0.0,-0.023370966501790085,0.6428639471530915,0.48524828925728797,,0.5681744664907455,,0.06497709751129155
vedai,00001072,1,154.76824951171875,0.0,0.0,0.0,,,0.39784211963415145,,0.3099343001842499,,0.13169295787811275
vedai,00001074,4,116.4337387084961,0.0,0.0,0.0,0.0035140388116982335,0.5015537440776825,0.3283190429210663,0.4633959472179413,0.3875510260462761,,0.10672971606254578
vedai,00001075,1,134.4923095703125,0.0,0.0,0.0,-0.10423323256476713,,0.25951421558856963,,0.3985470235347748,,0.1391874313354492
vedai,00001082,1,121.83930206298828,0.0,0.0,0.0,-0.056936236874498225,0.17027349472045894,0.37223961502313613,,0.34140437841415405,,0.16748571395874023
vedai,00001090,2,154.09774780273438,0.0,0.0,0.0,-0.006922990383963379,0.43649606704711913,0.3530842125415802,,0.376619416475296,,0.06349786520004275
vedai,00001093,5,125.27600860595703,0.0,0.0,0.0,0.004046197591811389,0.6495036318898201,0.42160593494772913,0.640686747431755,0.22574605941772463,0.48317686915397645,0.08952862024307251
vedai,00001094,4,132.85121154785156,0.0,0.0,0.0,-0.003820025477830835,0.5753652691841126,0.5068072237074375,0.36773076057434084,0.37166147232055663,,0.1066092848777771
vedai,00001095,1,143.81500244140625,0.0,0.0,0.0,-0.11524973701330854,0.30761664509773257,0.31010942310094836,,0.3090563535690308,,0.07334555387496944
vedai,00001115,9,129.9857635498047,0.2222222222222222,0.1111111111111111,0.1111111111111111,0.0031671014130103168,0.6637565106153488,0.35771230310201646,0.5761511266231537,0.4560627982020378,,0.05677080154418945
vedai,00001121,5,122.52253723144531,0.4,0.0,0.4,-0.01631842716086899,0.516298896074295,0.3356153555214405,,0.39537602066993716,,0.08457791805267334
vedai,00001122,1,126.74152374267578,0.0,0.0,0.0,0.016724384543514326,,0.2238109290599823,,0.24003336429595945,,-0.009991037845611617
vedai,00001150,2,110.1083755493164,0.0,0.0,0.0,0.018468033366877856,0.3009970664978028,0.2566170521080494,,0.2707660526037216,,0.13261201977729797
vedai,00001172,2,143.32701110839844,0.0,0.0,0.0,-0.03946434060105675,0.43245922327041625,0.39704627692699435,,0.44895983338356016,,0.01072316169738774
vedai,00001179,2,140.480224609375,0.0,0.0,0.0,-0.06712388794649166,0.5315758466720581,0.4048153184354305,,0.4317767769098282,,0.048325967788696245
vedai,00001199,2,139.0576629638672,0.0,0.0,0.0,0.017924115136336738,0.27501529455184937,0.3639965459704399,,0.41886999011039733,,0.1573328673839569
vedai,00001227,7,139.67930603027344,0.0,0.14285714285714285,0.0,-0.04271823518893971,0.6207234472036361,0.27044626548886297,0.4881479024887085,0.3126351833343506,,0.08318041563034062
vedai,00001253,1,107.36453247070312,0.0,0.0,0.0,,,0.20173087008297444,,0.1978075414896011,,0.07427546977996824
vedai,00001258,1,132.05584716796875,0.0,0.0,0.0,0.05398091103964209,,0.19023480266332626,,0.23194999992847443,,0.11981168985366819
vedai,00001263,1,157.3416290283203,0.0,0.0,0.0,0.01573146590889174,,0.29366889894008635,,0.4081130772829056,,0.08950555324554443
vedai,00001264,1,140.76539611816406,0.0,0.0,0.0,,,0.2575649693608284,,0.291341233253479,,0.1066473126411438
