id,rgb_gt,ir_gt,class_id,iou,center_shift_norm,center_shift_over_rgb_sqrt_area,dx_norm,dy_norm,rgb_hit,ir_hit,rgb_pred_iou,ir_pred_iou,rgb_wrong_class_overlap,ir_wrong_class_overlap,ir_minus_rgb_loc_iou,rgb_luminance
010010,0,0,0,1.0,0.0,0.0,0.0,0.0,True,True,0.860947707500857,0.9326226490756385,False,False,0.07167494157478149,29.12224006652832
010010,1,1,0,1.0,0.0,0.0,0.0,0.0,True,True,0.689995505013211,0.897581509142275,False,False,0.20758600412906392,29.12224006652832
010010,2,2,0,1.0,0.0,0.0,0.0,0.0,True,True,0.8032673823993357,0.8088149359122812,False,False,0.005547553512945447,29.12224006652832
010010,3,3,0,1.0,0.0,0.0,0.0,0.0,True,True,0.6493578880830859,0.7649471517848961,False,False,0.11558926370181022,29.12224006652832
010010,4,4,0,1.0,0.0,0.0,0.0,0.0,True,True,0.7825920615072957,0.9094621351180604,False,False,0.12687007361076474,29.12224006652832
010010,5,5,0,1.0,0.0,0.0,0.0,0.0,False,True,0.0,0.7931923666394437,False,False,0.7931923666394437,29.12224006652832
010010,6,6,0,1.0,0.0,0.0,0.0,0.0,True,True,0.8541208099709261,0.9084580124444347,False,False,0.054337202473508595,29.12224006652832
010011,0,0,0,1.0,0.0,0.0,0.0,0.0,True,True,0.6628002435625105,0.6225289955053404,False,False,-0.040271248057170195,33.54759979248047
010011,1,1,0,1.0,0.0,0.0,0.0,0.0,False,False,0.2858942624728705,0.31210636447753287,False,False,0.026212102004662396,33.54759979248047
010011,2,2,0,1.0,0.0,0.0,0.0,0.0,True,True,0.882766786136626,0.9236417165972228,False,False,0.04087493046059687,33.54759979248047
010011,3,3,0,1.0,0.0,0.0,0.0,0.0,True,True,0.5225886408895898,0.7968394437232305,False,False,0.27425080283364067,33.54759979248047
010015,0,0,0,1.0,0.0,0.0,0.0,0.0,True,True,0.7221622156193745,0.7505794675559732,False,False,0.02841725193659861,31.81648826599121
010021,0,0,0,1.0,0.0,0.0,0.0,0.0,True,True,0.8554914503567624,0.9192505325079858,False,False,0.06375908215122339,26.393573760986328
010021,1,1,0,1.0,0.0,0.0,0.0,0.0,True,True,0.8478052416393627,0.7663049292982671,False,False,-0.08150031234109556,26.393573760986328
010021,2,2,0,1.0,0.0,0.0,0.0,0.0,True,True,0.8651576903629369,0.8488933359958417,False,False,-0.01626435436709517,26.393573760986328
010047,0,0,0,1.0,0.0,0.0,0.0,0.0,True,True,0.8375940693982846,0.7976879888919898,False,False,-0.03990608050629485,36.98990249633789
010047,1,1,0,1.0,0.0,0.0,0.0,0.0,True,True,0.8311504125404562,0.8461965216325736,False,False,0.015046109092117455,36.98990249633789
010047,2,2,0,1.0,0.0,0.0,0.0,0.0,True,True,0.847887403929459,0.8678471829852062,False,False,0.019959779055747195,36.98990249633789
010047,3,3,0,1.0,0.0,0.0,0.0,0.0,False,False,0.19358582393600132,0.0,False,False,-0.19358582393600132,36.98990249633789
010054,0,0,0,1.0,0.0,0.0,0.0,0.0,True,True,0.7646834772898634,0.7471114885833091,False,False,-0.017571988706554298,38.48004913330078
010054,1,1,0,1.0,0.0,0.0,0.0,0.0,True,True,0.5824704279906435,0.8162736248023963,False,False,0.23380319681175277,38.48004913330078
010062,0,0,0,1.0,0.0,0.0,0.0,0.0,True,True,0.8958516910343508,0.8538044582364377,False,False,-0.042047232797913114,26.68997573852539
010062,1,1,0,1.0,0.0,0.0,0.0,0.0,True,True,0.9418882851027328,0.8422623351902732,False,False,-0.09962594991245965,26.68997573852539
010062,2,2,0,1.0,0.0,0.0,0.0,0.0,True,True,0.7096678920812172,0.7894076058842676,False,False,0.07973971380305045,26.68997573852539
010062,3,3,0,1.0,0.0,0.0,0.0,0.0,True,True,0.8092544831447409,0.8012356098792255,False,False,-0.008018873265515425,26.68997573852539
010062,4,4,0,1.0,0.0,0.0,0.0,0.0,True,True,0.7987249964113913,0.7365240515528502,False,False,-0.06220094485854111,26.68997573852539
010071,0,0,0,1.0,0.0,0.0,0.0,0.0,True,True,0.5897172295879909,0.6722605614692128,False,False,0.08254333188122187,31.751283645629883
010071,1,1,0,1.0,0.0,0.0,0.0,0.0,True,True,0.7557658072773086,0.812055039923277,False,False,0.05628923264596841,31.751283645629883
010071,2,2,0,1.0,0.0,0.0,0.0,0.0,True,True,0.6641004599484501,0.6672614837903367,False,False,0.0031610238418865455,31.751283645629883
010076,0,0,0,1.0,0.0,0.0,0.0,0.0,True,False,0.6092063456064232,0.4304051962243661,False,False,-0.17880114938205705,43.28327560424805
010076,1,1,0,1.0,0.0,0.0,0.0,0.0,False,True,0.32295563219467055,0.8243512680126301,False,False,0.5013956358179597,43.28327560424805
010076,2,2,0,1.0,0.0,0.0,0.0,0.0,True,True,0.9308301938982629,0.7171060085343438,False,False,-0.21372418536391913,43.28327560424805
010076,3,3,0,1.0,0.0,0.0,0.0,0.0,True,True,0.806898265183384,0.7685783645086757,False,False,-0.03831990067470836,43.28327560424805
010076,4,4,0,1.0,0.0,0.0,0.0,0.0,True,True,0.8297490306791327,0.632469946641835,False,False,-0.19727908403729777,43.28327560424805
010076,5,5,0,1.0,0.0,0.0,0.0,0.0,False,True,0.0,0.5873909702678449,False,False,0.5873909702678449,43.28327560424805
010088,0,0,0,1.0,0.0,0.0,0.0,0.0,True,True,0.7424273313759753,0.7540519448223115,False,False,0.011624613446336252,31.787525177001953
010088,1,1,0,1.0,0.0,0.0,0.0,0.0,True,True,0.6848020006934871,0.7406897719830177,False,False,0.0558877712895306,31.787525177001953
010088,2,2,0,1.0,0.0,0.0,0.0,0.0,True,True,0.7746654686656308,0.8834133369304331,False,False,0.10874786826480232,31.787525177001953
010088,3,3,0,1.0,0.0,0.0,0.0,0.0,True,True,0.8405178966910325,0.8457584173157124,False,False,0.005240520624679945,31.787525177001953
010088,4,4,0,1.0,0.0,0.0,0.0,0.0,True,True,0.6593804448286386,0.7479186761704316,False,False,0.08853823134179306,31.787525177001953
010088,5,5,0,1.0,0.0,0.0,0.0,0.0,True,True,0.7179140104767473,0.8038361778876362,False,False,0.08592216741088887,31.787525177001953
010088,6,6,0,1.0,0.0,0.0,0.0,0.0,True,True,0.6832611863378197,0.8788472492102762,False,False,0.1955860628724565,31.787525177001953
010088,7,7,0,1.0,0.0,0.0,0.0,0.0,True,True,0.6558845792170874,0.763448229060887,False,False,0.10756364984379962,31.787525177001953
010088,8,8,0,1.0,0.0,0.0,0.0,0.0,True,True,0.8561881183056035,0.7910285344124739,False,False,-0.06515958389312959,31.787525177001953
010088,9,9,0,1.0,0.0,0.0,0.0,0.0,True,True,0.5890712068186408,0.5669044592197293,False,False,-0.022166747598911463,31.787525177001953
010100,0,0,0,1.0,0.0,0.0,0.0,0.0,True,True,0.5683923376072407,0.5499432616930826,False,False,-0.01844907591415812,29.56603240966797
010100,1,1,0,1.0,0.0,0.0,0.0,0.0,True,True,0.5517798003348554,0.5799933981321681,False,False,0.028213597797312695,29.56603240966797
010100,2,2,0,1.0,0.0,0.0,0.0,0.0,True,False,0.624491657957617,0.12597888131614107,False,False,-0.49851277664147586,29.56603240966797
010100,3,3,0,1.0,0.0,0.0,0.0,0.0,True,True,0.7758146363823665,0.831655921509207,False,False,0.0558412851268405,29.56603240966797
010106,0,0,0,1.0,0.0,0.0,0.0,0.0,True,True,0.7749027027531683,0.8746254337643571,False,False,0.09972273101118878,45.4731330871582
010106,1,1,0,1.0,0.0,0.0,0.0,0.0,True,True,0.8336763300548414,0.851260786292773,False,False,0.01758445623793159,45.4731330871582
010106,2,2,0,1.0,0.0,0.0,0.0,0.0,True,True,0.6927764332460044,0.7172206675428234,False,False,0.02444423429681908,45.4731330871582
010106,3,3,0,1.0,0.0,0.0,0.0,0.0,True,True,0.7143053024082522,0.7203329524022911,False,False,0.0060276499940389305,45.4731330871582
010106,4,4,0,1.0,0.0,0.0,0.0,0.0,True,True,0.5887165979998974,0.9105688048850025,False,False,0.3218522068851051,45.4731330871582
010106,5,5,0,1.0,0.0,0.0,0.0,0.0,False,True,0.0,0.7469362430864709,False,False,0.7469362430864709,45.4731330871582
010106,6,6,0,1.0,0.0,0.0,0.0,0.0,True,True,0.9103545139336735,0.8672843060800737,False,False,-0.04307020785359983,45.4731330871582
010106,7,7,0,1.0,0.0,0.0,0.0,0.0,False,False,0.4397256708924133,0.4918332992655734,False,False,0.052107628373160075,45.4731330871582
010124,0,0,0,1.0,0.0,0.0,0.0,0.0,True,True,0.849614977598245,0.7291163088061464,False,False,-0.12049866879209858,37.152225494384766
010128,0,0,0,1.0,0.0,0.0,0.0,0.0,True,True,0.7545923747076346,0.7782267385859152,False,False,0.02363436387828055,32.90871810913086
010128,1,1,0,1.0,0.0,0.0,0.0,0.0,True,False,0.6958108578764098,0.4553262021541675,False,False,-0.2404846557222423,32.90871810913086
010128,2,2,0,1.0,0.0,0.0,0.0,0.0,True,True,0.8550986641947469,0.5139623167037896,False,False,-0.34113634749095734,32.90871810913086
010128,3,3,0,1.0,0.0,0.0,0.0,0.0,True,True,0.7681064301681382,0.8382460192706618,False,False,0.0701395891025236,32.90871810913086
010128,4,4,0,1.0,0.0,0.0,0.0,0.0,True,True,0.8212551301639766,0.8656944570634192,False,False,0.04443932689944263,32.90871810913086
010128,5,5,0,1.0,0.0,0.0,0.0,0.0,False,True,0.4589343979709738,0.6919355191351672,False,False,0.23300112116419336,32.90871810913086
010213,0,0,0,1.0,0.0,0.0,0.0,0.0,True,True,0.9449293536813909,0.7728505792949824,False,False,-0.1720787743864085,35.23415756225586
010213,1,1,0,1.0,0.0,0.0,0.0,0.0,False,True,0.0,0.7351252088304434,False,False,0.7351252088304434,35.23415756225586
010213,2,2,0,1.0,0.0,0.0,0.0,0.0,True,True,0.775150465775495,0.7698603116567384,False,False,-0.0052901541187565515,35.23415756225586
010213,3,3,0,1.0,0.0,0.0,0.0,0.0,True,True,0.7636962000340701,0.6767818525212199,False,False,-0.08691434751285021,35.23415756225586
010213,4,4,0,1.0,0.0,0.0,0.0,0.0,True,True,0.7098739073701308,0.5821503809682831,False,False,-0.1277235264018477,35.23415756225586
010213,5,5,0,1.0,0.0,0.0,0.0,0.0,True,True,0.8480783762472981,0.7176342499153383,False,False,-0.1304441263319598,35.23415756225586
010215,0,0,0,1.0,0.0,0.0,0.0,0.0,True,True,0.8726230717777653,0.8213769886788203,False,False,-0.05124608309894507,28.07386589050293
010215,1,1,0,1.0,0.0,0.0,0.0,0.0,True,True,0.770150923919055,0.785027028699197,False,False,0.014876104780142008,28.07386589050293
010215,2,2,0,1.0,0.0,0.0,0.0,0.0,True,True,0.7553095691830695,0.6976945124931573,False,False,-0.05761505668991218,28.07386589050293
010215,3,3,0,1.0,0.0,0.0,0.0,0.0,True,True,0.7802849164385812,0.863955015167364,False,False,0.08367009872878273,28.07386589050293
010215,4,4,0,1.0,0.0,0.0,0.0,0.0,True,True,0.6230145797846458,0.6841709596069397,False,False,0.06115637982229394,28.07386589050293
010241,0,0,0,1.0,0.0,0.0,0.0,0.0,True,True,0.8744673812644239,0.7530486223594293,False,False,-0.12141875890499465,38.44820785522461
010241,1,1,0,1.0,0.0,0.0,0.0,0.0,True,True,0.8401997024181227,0.7861761669057298,False,False,-0.05402353551239292,38.44820785522461
010241,2,2,0,1.0,0.0,0.0,0.0,0.0,True,True,0.8125242095211472,0.9029996369847791,False,False,0.09047542746363191,38.44820785522461
010246,0,0,0,1.0,0.0,0.0,0.0,0.0,True,True,0.8013938990036965,0.716045300629212,False,False,-0.0853485983744845,32.778167724609375
010246,1,1,0,1.0,0.0,0.0,0.0,0.0,True,True,0.6732517855293164,0.8231941077001422,False,False,0.14994232217082581,32.778167724609375
010249,0,0,0,1.0,0.0,0.0,0.0,0.0,True,True,0.8208201195372815,0.6470507519851811,False,False,-0.17376936755210037,36.47888946533203
010249,1,1,0,1.0,0.0,0.0,0.0,0.0,True,True,0.8926694621205865,0.7602560820800802,False,False,-0.1324133800405063,36.47888946533203
010249,2,2,0,1.0,0.0,0.0,0.0,0.0,True,True,0.6589170236267136,0.6644021787468511,False,False,0.005485155120137586,36.47888946533203
010249,3,3,0,1.0,0.0,0.0,0.0,0.0,True,True,0.8444437506943905,0.7982224593540338,False,False,-0.046221291340356685,36.47888946533203
010249,4,4,0,1.0,0.0,0.0,0.0,0.0,True,True,0.7443814300560119,0.8450505115928003,False,False,0.10066908153678844,36.47888946533203
010249,5,5,0,1.0,0.0,0.0,0.0,0.0,True,True,0.8362444933395372,0.8539148739654358,False,False,0.01767038062589854,36.47888946533203
010249,6,6,0,1.0,0.0,0.0,0.0,0.0,False,True,0.0,0.863153413506251,False,False,0.863153413506251,36.47888946533203
010290,0,0,0,1.0,0.0,0.0,0.0,0.0,True,True,0.7912558592274386,0.8421532734020171,False,False,0.05089741417457849,38.95091247558594
010290,1,1,0,1.0,0.0,0.0,0.0,0.0,False,True,0.30587305678447363,0.7620731634002633,False,False,0.4562001066157897,38.95091247558594
010290,2,2,0,1.0,0.0,0.0,0.0,0.0,True,True,0.7477046080482984,0.6842547586452231,False,False,-0.0634498494030753,38.95091247558594
010310,0,0,0,1.0,0.0,0.0,0.0,0.0,True,False,0.534827390421244,0.4658522171877622,False,False,-0.06897517323348185,34.775054931640625
010310,1,1,0,1.0,0.0,0.0,0.0,0.0,False,False,0.29464558377230976,0.3817168722361428,False,False,0.08707128846383305,34.775054931640625
010310,2,2,0,1.0,0.0,0.0,0.0,0.0,True,True,0.8661510980528261,0.9074558901835669,False,False,0.041304792130740786,34.775054931640625
010310,3,3,0,1.0,0.0,0.0,0.0,0.0,True,True,0.9028020726156376,0.8422261882262954,False,False,-0.06057588438934225,34.775054931640625
010310,4,4,0,1.0,0.0,0.0,0.0,0.0,True,True,0.7950468603517299,0.8259629535047954,False,False,0.030916093153065538,34.775054931640625
010310,5,5,0,1.0,0.0,0.0,0.0,0.0,True,True,0.871054702877587,0.7423435614384762,False,False,-0.12871114143911078,34.775054931640625
010310,6,6,0,1.0,0.0,0.0,0.0,0.0,True,True,0.7220078347275449,0.7512993251807676,False,False,0.029291490453222657,34.775054931640625
010347,0,0,0,1.0,0.0,0.0,0.0,0.0,True,True,0.7287861843166137,0.8194586546407878,False,False,0.09067247032417414,29.311342239379883
010347,1,1,0,1.0,0.0,0.0,0.0,0.0,True,True,0.746706391792668,0.7261901284340754,False,False,-0.02051626335859258,29.311342239379883
010347,2,2,0,1.0,0.0,0.0,0.0,0.0,True,False,0.6298355223978397,0.10004769720205774,False,False,-0.5297878251957819,29.311342239379883
010347,3,3,0,1.0,0.0,0.0,0.0,0.0,True,True,0.759425841713244,0.755919722938333,False,False,-0.0035061187749110267,29.311342239379883
010347,4,4,0,1.0,0.0,0.0,0.0,0.0,True,True,0.7801492293475788,0.8187337680212227,False,False,0.038584538673643864,29.311342239379883
010352,0,0,0,1.0,0.0,0.0,0.0,0.0,True,True,0.8328210933031133,0.7463916119991693,False,False,-0.08642948130394401,35.1240348815918
010352,1,1,0,1.0,0.0,0.0,0.0,0.0,True,True,0.8377423424079545,0.7248902311022511,False,False,-0.11285211130570338,35.1240348815918
010352,2,2,0,1.0,0.0,0.0,0.0,0.0,True,True,0.7390239636350059,0.8773896456603298,False,False,0.13836568202532395,35.1240348815918
010363,0,0,0,1.0,0.0,0.0,0.0,0.0,True,True,0.8541595186217229,0.7392614067205195,False,False,-0.11489811190120336,38.771759033203125
010363,1,1,0,1.0,0.0,0.0,0.0,0.0,True,True,0.8802195073964859,0.8548859839185412,False,False,-0.02533352347794471,38.771759033203125
010363,2,2,0,1.0,0.0,0.0,0.0,0.0,True,True,0.702749279148291,0.7469886836288605,False,False,0.04423940448056951,38.771759033203125
010363,3,3,0,1.0,0.0,0.0,0.0,0.0,True,True,0.7065702341453872,0.7914914322505828,False,False,0.0849211981051956,38.771759033203125
010371,0,0,0,1.0,0.0,0.0,0.0,0.0,True,True,0.7691571954165395,0.8439515749225162,False,False,0.07479437950597667,38.133365631103516
010371,1,1,0,1.0,0.0,0.0,0.0,0.0,True,True,0.7307466579874828,0.7396382136830707,False,False,0.00889155569558786,38.133365631103516
010371,2,2,0,1.0,0.0,0.0,0.0,0.0,True,True,0.8522075237269586,0.7672296498200606,False,False,-0.08497787390689804,38.133365631103516
010446,0,0,0,1.0,0.0,0.0,0.0,0.0,True,True,0.6303620440070798,0.8681382484534259,False,False,0.23777620444634606,29.843843460083008
010446,1,1,0,1.0,0.0,0.0,0.0,0.0,True,True,0.8453252236553925,0.8212531171037472,False,False,-0.024072106551645378,29.843843460083008
010446,2,2,0,1.0,0.0,0.0,0.0,0.0,True,True,0.7062466354772746,0.7606936201096248,False,False,0.054446984632350204,29.843843460083008
010446,3,3,0,1.0,0.0,0.0,0.0,0.0,True,True,0.8863777014964278,0.8873089009920353,False,False,0.0009311994956074932,29.843843460083008
010446,4,4,0,1.0,0.0,0.0,0.0,0.0,True,True,0.9404002096193899,0.9070621212602387,False,False,-0.0333380883591512,29.843843460083008
010451,0,0,0,1.0,0.0,0.0,0.0,0.0,True,True,0.8913586403801312,0.8329265770821304,False,False,-0.05843206329800088,34.79497528076172
010451,1,1,0,1.0,0.0,0.0,0.0,0.0,True,True,0.7943340974362125,0.8988023616469668,False,False,0.10446826421075428,34.79497528076172
010451,2,2,0,1.0,0.0,0.0,0.0,0.0,True,True,0.7638754658418175,0.7219348314073055,False,False,-0.041940634434512014,34.79497528076172
010451,3,3,0,1.0,0.0,0.0,0.0,0.0,True,True,0.8902053837804571,0.822179015044113,False,False,-0.06802636873634416,34.79497528076172
010451,4,4,0,1.0,0.0,0.0,0.0,0.0,True,True,0.7944142571986347,0.8026529842918187,False,False,0.008238727093184073,34.79497528076172
010451,5,5,0,1.0,0.0,0.0,0.0,0.0,False,True,0.31644064151465384,0.9173732061963438,False,False,0.6009325646816899,34.79497528076172
010451,6,6,0,1.0,0.0,0.0,0.0,0.0,True,True,0.8317882808000479,0.8560106639219497,False,False,0.024222383121901836,34.79497528076172
010451,7,7,0,1.0,0.0,0.0,0.0,0.0,True,True,0.9179481605269317,0.8543077311762455,False,False,-0.06364042935068626,34.79497528076172
010453,0,0,0,1.0,0.0,0.0,0.0,0.0,True,True,0.8923029698138666,0.7841814909455174,False,False,-0.10812147886834922,27.733760833740234
010453,1,1,0,1.0,0.0,0.0,0.0,0.0,True,True,0.9248303040302227,0.8953453909974343,False,False,-0.02948491303278844,27.733760833740234
010453,2,2,0,1.0,0.0,0.0,0.0,0.0,True,True,0.686963707313243,0.856929752593446,False,False,0.16996604528020298,27.733760833740234
010453,3,3,0,1.0,0.0,0.0,0.0,0.0,False,True,0.0,0.7085512136010919,False,False,0.7085512136010919,27.733760833740234
010453,4,4,0,1.0,0.0,0.0,0.0,0.0,False,False,0.0,0.12452652652034414,False,False,0.12452652652034414,27.733760833740234
010467,0,0,0,1.0,0.0,0.0,0.0,0.0,True,True,0.8919738843865513,0.8300847631517484,False,False,-0.061889121234802946,33.23905944824219
010467,1,1,0,1.0,0.0,0.0,0.0,0.0,True,True,0.7140691956425737,0.8206511740946729,False,False,0.10658197845209927,33.23905944824219
010467,2,2,0,1.0,0.0,0.0,0.0,0.0,True,True,0.8251238420091839,0.837136539907553,False,False,0.012012697898369118,33.23905944824219
010467,3,3,0,1.0,0.0,0.0,0.0,0.0,True,True,0.6392641364445558,0.8267799595752844,False,False,0.18751582313072857,33.23905944824219
010467,4,4,0,1.0,0.0,0.0,0.0,0.0,True,True,0.7823391335951049,0.7811332330864423,False,False,-0.0012059005086625385,33.23905944824219
010467,5,5,0,1.0,0.0,0.0,0.0,0.0,True,True,0.7976911634130741,0.8955830717699791,False,False,0.09789190835690498,33.23905944824219
010481,0,0,0,1.0,0.0,0.0,0.0,0.0,True,True,0.8289753704675974,0.812795718800221,False,False,-0.01617965166737645,35.77665328979492
010481,1,1,0,1.0,0.0,0.0,0.0,0.0,True,True,0.6958206675736619,0.7403140966328722,False,False,0.04449342905921028,35.77665328979492
010481,2,2,0,1.0,0.0,0.0,0.0,0.0,True,True,0.7392432370180373,0.8413812249507466,False,False,0.10213798793270934,35.77665328979492
010511,0,0,0,1.0,0.0,0.0,0.0,0.0,True,True,0.6320794071720577,0.6221202728594877,False,False,-0.009959134312570006,28.758726119995117
010511,1,1,0,1.0,0.0,0.0,0.0,0.0,True,True,0.5424191820250721,0.5485545471727228,False,False,0.006135365147650673,28.758726119995117
010511,2,2,0,1.0,0.0,0.0,0.0,0.0,True,True,0.7044469200054111,0.8205306061062204,False,False,0.11608368610080932,28.758726119995117
010511,3,3,0,1.0,0.0,0.0,0.0,0.0,True,True,0.6335939927940764,0.7669929151890077,False,False,0.13339892239493134,28.758726119995117
010511,4,4,0,1.0,0.0,0.0,0.0,0.0,True,True,0.7589801134082761,0.8569189773136823,False,False,0.09793886390540618,28.758726119995117
010511,5,5,0,1.0,0.0,0.0,0.0,0.0,True,True,0.671118524070105,0.6780028664200496,False,False,0.006884342349944617,28.758726119995117
010512,0,0,0,1.0,0.0,0.0,0.0,0.0,True,True,0.7478649267328729,0.5964371225341115,False,False,-0.15142780419876134,34.912315368652344
010512,1,1,0,1.0,0.0,0.0,0.0,0.0,True,True,0.5791208519408655,0.5659300892487484,False,False,-0.013190762692117053,34.912315368652344
010512,2,2,0,1.0,0.0,0.0,0.0,0.0,True,True,0.632792533207931,0.534814926601308,False,False,-0.09797760660662302,34.912315368652344
010512,3,3,0,1.0,0.0,0.0,0.0,0.0,True,True,0.8615253618629642,0.7871365281798185,False,False,-0.07438883368314575,34.912315368652344
010512,4,4,0,1.0,0.0,0.0,0.0,0.0,True,True,0.69343719721761,0.6659975635294223,False,False,-0.027439633688187692,34.912315368652344
010512,5,5,0,1.0,0.0,0.0,0.0,0.0,True,True,0.693306662361248,0.814469645773273,False,False,0.12116298341202492,34.912315368652344
010512,6,6,0,1.0,0.0,0.0,0.0,0.0,True,True,0.9317798236306796,0.9246806116755153,False,False,-0.007099211955164275,34.912315368652344
010519,0,0,0,1.0,0.0,0.0,0.0,0.0,True,True,0.9251268920282311,0.8812667633817035,False,False,-0.04386012864652755,47.12702560424805
010519,1,1,0,1.0,0.0,0.0,0.0,0.0,True,True,0.7786063243265203,0.7750022037012438,False,False,-0.0036041206252764857,47.12702560424805
010519,2,2,0,1.0,0.0,0.0,0.0,0.0,True,True,0.7552113528379363,0.7316696259639164,False,False,-0.023541726874019897,47.12702560424805
010519,3,3,0,1.0,0.0,0.0,0.0,0.0,True,True,0.583047613369956,0.6791622955762406,False,False,0.09611468220628461,47.12702560424805
010530,0,0,0,1.0,0.0,0.0,0.0,0.0,True,True,0.8557217130713665,0.8241658761383072,False,False,-0.0315558369330593,29.861759185791016
010530,1,1,0,1.0,0.0,0.0,0.0,0.0,False,False,0.08558749846123485,0.1040826285292999,False,False,0.018495130068065052,29.861759185791016
010530,2,2,0,1.0,0.0,0.0,0.0,0.0,True,True,0.82128369022368,0.7785789686303863,False,False,-0.04270472159329364,29.861759185791016
010530,3,3,0,1.0,0.0,0.0,0.0,0.0,True,True,0.6683913118284718,0.6379112935017454,False,False,-0.03048001832672642,29.861759185791016
010530,4,4,0,1.0,0.0,0.0,0.0,0.0,True,True,0.934203048775008,0.7709728982704369,False,False,-0.16323015050457113,29.861759185791016
010559,0,0,0,1.0,0.0,0.0,0.0,0.0,True,True,0.7558218712487061,0.5578851484183163,False,False,-0.19793672283038988,39.50655746459961
010559,1,1,0,1.0,0.0,0.0,0.0,0.0,True,True,0.8739291799575876,0.7271772357663441,False,False,-0.1467519441912435,39.50655746459961
010559,2,2,0,1.0,0.0,0.0,0.0,0.0,True,True,0.8430244325802781,0.720616288581528,False,False,-0.12240814399875011,39.50655746459961
010559,3,3,0,1.0,0.0,0.0,0.0,0.0,True,True,0.702312672693998,0.8060308328752941,False,False,0.10371816018129609,39.50655746459961
010559,4,4,0,1.0,0.0,0.0,0.0,0.0,True,True,0.8934483287805928,0.8373373106034665,False,False,-0.05611101817712627,39.50655746459961
010559,5,5,0,1.0,0.0,0.0,0.0,0.0,True,True,0.8076750390595347,0.8206239883357966,False,False,0.01294894927626189,39.50655746459961
010559,6,6,0,1.0,0.0,0.0,0.0,0.0,True,True,0.8153468994482793,0.8130277836707133,False,False,-0.00231911577756605,39.50655746459961
010565,0,0,0,1.0,0.0,0.0,0.0,0.0,True,True,0.7620126778246282,0.9037035732719716,False,False,0.14169089544734337,33.55961990356445
010565,1,1,0,1.0,0.0,0.0,0.0,0.0,True,True,0.8477616147965537,0.8600861144231075,False,False,0.012324499626553798,33.55961990356445
010565,2,2,0,1.0,0.0,0.0,0.0,0.0,True,True,0.8134958909266428,0.9051687425156838,False,False,0.09167285158904104,33.55961990356445
010567,0,0,0,1.0,0.0,0.0,0.0,0.0,True,True,0.742002827054839,0.729252105280813,False,False,-0.01275072177402603,26.329771041870117
010567,1,1,0,1.0,0.0,0.0,0.0,0.0,False,True,0.07736674860438883,0.760368084630601,False,False,0.6830013360262122,26.329771041870117
010567,2,2,0,1.0,0.0,0.0,0.0,0.0,False,True,0.2510904999027663,0.7737425905604461,False,False,0.5226520906576799,26.329771041870117
010567,3,3,0,1.0,0.0,0.0,0.0,0.0,True,True,0.6598678114845294,0.8333028533743637,False,False,0.17343504188983427,26.329771041870117
010567,4,4,0,1.0,0.0,0.0,0.0,0.0,True,True,0.9397150357744997,0.8808921943182136,False,False,-0.058822841456286024,26.329771041870117
010569,0,0,0,1.0,0.0,0.0,0.0,0.0,True,True,0.6460198625205508,0.5866204847953226,False,False,-0.059399377725228186,33.19305419921875
010569,1,1,0,1.0,0.0,0.0,0.0,0.0,True,False,0.6689690595172874,0.4474545418657658,False,False,-0.22151451765152158,33.19305419921875
010569,2,2,0,1.0,0.0,0.0,0.0,0.0,True,True,0.7408037710814537,0.8633251031145156,False,False,0.12252133203306192,33.19305419921875
010569,3,3,0,1.0,0.0,0.0,0.0,0.0,True,True,0.8077376160711014,0.8727607579742134,False,False,0.06502314190311198,33.19305419921875
010572,0,0,0,1.0,0.0,0.0,0.0,0.0,True,True,0.8219177944597899,0.8082237604581122,False,False,-0.01369403400167768,37.76146697998047
010572,1,1,0,1.0,0.0,0.0,0.0,0.0,True,True,0.7730622256862482,0.822871088805686,False,False,0.049808863119437885,37.76146697998047
010572,2,2,0,1.0,0.0,0.0,0.0,0.0,True,True,0.8082455855325571,0.8706108092908756,False,False,0.062365223758318544,37.76146697998047
010572,3,3,0,1.0,0.0,0.0,0.0,0.0,True,True,0.8263217772640726,0.8420203015854825,False,False,0.015698524321409835,37.76146697998047
010572,4,4,0,1.0,0.0,0.0,0.0,0.0,True,True,0.7859698789079311,0.7260320114426235,False,False,-0.059937867465307604,37.76146697998047
010594,0,0,0,1.0,0.0,0.0,0.0,0.0,True,True,0.9559711341467318,0.8091341090796785,False,False,-0.14683702506705332,34.8256950378418
010594,1,1,0,1.0,0.0,0.0,0.0,0.0,True,True,0.7524417350969873,0.8601913948903385,False,False,0.10774965979335116,34.8256950378418
040002,0,0,0,1.0,0.0,0.0,0.0,0.0,True,True,0.5302675510528195,0.5669402673132298,False,False,0.03667271626041024,40.48073959350586
040002,1,1,0,1.0,0.0,0.0,0.0,0.0,True,False,0.690525428668056,0.4199348472951146,False,False,-0.2705905813729414,40.48073959350586
040002,2,2,0,1.0,0.0,0.0,0.0,0.0,True,True,0.7922999021800227,0.8323884214813402,False,False,0.040088519301317516,40.48073959350586
040002,3,3,0,1.0,0.0,0.0,0.0,0.0,True,True,0.8718474671350722,0.7888868297375821,False,False,-0.08296063739749016,40.48073959350586
040002,4,4,0,1.0,0.0,0.0,0.0,0.0,True,True,0.8547137926500371,0.9207557711352227,False,False,0.06604197848518556,40.48073959350586
040002,5,5,0,1.0,0.0,0.0,0.0,0.0,True,True,0.7937706764959725,0.8720377716268971,False,False,0.07826709513092456,40.48073959350586
040002,6,6,0,1.0,0.0,0.0,0.0,0.0,True,True,0.7453785785048274,0.889705798799329,False,False,0.14432722029450162,40.48073959350586
040002,7,7,0,1.0,0.0,0.0,0.0,0.0,False,True,0.4102080884617474,0.8561804871210764,False,False,0.44597239865932903,40.48073959350586
040002,8,8,0,1.0,0.0,0.0,0.0,0.0,True,True,0.594152492966324,0.8706099773394165,False,False,0.2764574843730925,40.48073959350586
040012,0,0,0,1.0,0.0,0.0,0.0,0.0,True,True,0.7670937460852716,0.8078361917048408,False,False,0.04074244561956919,17.24700927734375
040012,1,1,0,1.0,0.0,0.0,0.0,0.0,True,True,0.7123306142115996,0.8014299485893449,False,False,0.08909933437774531,17.24700927734375
040012,2,2,0,1.0,0.0,0.0,0.0,0.0,True,True,0.6240683840057688,0.7027111766712676,False,False,0.07864279266549878,17.24700927734375
040012,3,3,0,1.0,0.0,0.0,0.0,0.0,True,True,0.596280761396436,0.8302728484700864,False,False,0.23399208707365038,17.24700927734375
040012,4,4,0,1.0,0.0,0.0,0.0,0.0,True,True,0.73320788297472,0.7466630694064278,False,False,0.013455186431707844,17.24700927734375
040012,5,5,0,1.0,0.0,0.0,0.0,0.0,True,True,0.8134219150834823,0.8536906273438045,False,False,0.04026871226032225,17.24700927734375
040012,6,6,0,1.0,0.0,0.0,0.0,0.0,True,True,0.7681984540400889,0.885277956785342,False,False,0.11707950274525314,17.24700927734375
040012,7,7,0,1.0,0.0,0.0,0.0,0.0,True,True,0.531745219095638,0.6267141349770654,False,False,0.09496891588142742,17.24700927734375
040012,8,8,0,1.0,0.0,0.0,0.0,0.0,True,True,0.7428052836167504,0.8517467938436487,False,False,0.10894151022689835,17.24700927734375
040012,9,9,0,1.0,0.0,0.0,0.0,0.0,True,True,0.8104984244523565,0.7178684124505632,False,False,-0.09263001200179333,17.24700927734375
040012,10,10,0,1.0,0.0,0.0,0.0,0.0,False,True,0.0,0.5189693971324998,False,False,0.5189693971324998,17.24700927734375
040020,0,0,0,1.0,0.0,0.0,0.0,0.0,True,True,0.7176696275795699,0.5627709739375893,False,False,-0.15489865364198052,40.62337112426758
040020,1,1,0,1.0,0.0,0.0,0.0,0.0,True,True,0.784650777125817,0.7835537751839339,False,False,-0.0010970019418831134,40.62337112426758
040020,2,2,0,1.0,0.0,0.0,0.0,0.0,True,True,0.6533299893527391,0.7745047782232463,False,False,0.12117478887050714,40.62337112426758
040020,3,3,0,1.0,0.0,0.0,0.0,0.0,True,True,0.8651543819295253,0.6833990087604257,False,False,-0.18175537316909962,40.62337112426758
040021,0,0,0,1.0,0.0,0.0,0.0,0.0,True,True,0.842626348210414,0.638659408265484,False,False,-0.2039669399449301,50.18379211425781
040021,1,1,0,1.0,0.0,0.0,0.0,0.0,True,True,0.7836242821752997,0.8191919857919536,False,False,0.035567703616653956,50.18379211425781
040021,2,2,0,1.0,0.0,0.0,0.0,0.0,True,True,0.855498905227078,0.7905748488117863,False,False,-0.06492405641529175,50.18379211425781
040037,0,0,0,1.0,0.0,0.0,0.0,0.0,True,True,0.9145165800655909,0.7689612685177102,False,False,-0.1455553115478807,24.86431884765625
040059,0,0,0,1.0,0.0,0.0,0.0,0.0,True,True,0.8277450092187755,0.7762890734224586,False,False,-0.05145593579631691,41.375186920166016
040059,1,1,0,1.0,0.0,0.0,0.0,0.0,True,True,0.665236750402833,0.7566103134382242,False,False,0.09137356303539113,41.375186920166016
040064,0,0,0,1.0,0.0,0.0,0.0,0.0,True,True,0.8257386541885593,0.7938216184824887,False,False,-0.03191703570607063,38.956295013427734
040064,1,1,0,1.0,0.0,0.0,0.0,0.0,True,True,0.8563552815878822,0.5992873499344449,False,False,-0.25706793165343733,38.956295013427734
040070,0,0,0,1.0,0.0,0.0,0.0,0.0,True,True,0.5625823248703553,0.6010659322107301,False,False,0.038483607340374815,36.902381896972656
040070,1,1,0,1.0,0.0,0.0,0.0,0.0,True,True,0.7445860104133459,0.5127549093895761,False,False,-0.2318311010237698,36.902381896972656
040070,2,2,0,1.0,0.0,0.0,0.0,0.0,True,True,0.8654328433517405,0.6969637340667828,False,False,-0.16846910928495773,36.902381896972656
040070,3,3,0,1.0,0.0,0.0,0.0,0.0,True,True,0.8823167102953121,0.8094900170758751,False,False,-0.07282669321943702,36.902381896972656
040073,0,0,0,1.0,0.0,0.0,0.0,0.0,True,True,0.7359120617749338,0.6600376413526342,False,False,-0.07587442042229964,51.42679214477539
040074,0,0,0,1.0,0.0,0.0,0.0,0.0,True,True,0.7028552667046171,0.7346865087654931,False,False,0.031831242060876064,36.992218017578125
040074,1,1,0,1.0,0.0,0.0,0.0,0.0,True,True,0.6165014193609072,0.6199237475315607,False,False,0.003422328170653466,36.992218017578125
040074,2,2,0,1.0,0.0,0.0,0.0,0.0,True,True,0.6224012423835716,0.7064851244819496,False,False,0.08408388209837792,36.992218017578125
040082,0,0,0,1.0,0.0,0.0,0.0,0.0,True,True,0.9146205574620309,0.6968476527772811,False,False,-0.21777290468474975,22.610916137695312
040089,0,0,0,1.0,0.0,0.0,0.0,0.0,True,True,0.5518737758103799,0.6056283366647994,False,False,0.05375456085441954,44.3776741027832
040089,1,1,0,1.0,0.0,0.0,0.0,0.0,True,True,0.7189913866586018,0.6519149742540961,False,False,-0.06707641240450579,44.3776741027832
040089,2,2,0,1.0,0.0,0.0,0.0,0.0,True,True,0.6474286787610374,0.6170498202992765,False,False,-0.030378858461760916,44.3776741027832
040089,3,3,0,1.0,0.0,0.0,0.0,0.0,True,True,0.6280128812077932,0.7187567843690174,False,False,0.09074390316122416,44.3776741027832
040099,0,0,0,1.0,0.0,0.0,0.0,0.0,True,True,0.6292704601714899,0.8105816494210112,False,False,0.18131118924952128,35.90161895751953
040099,1,1,0,1.0,0.0,0.0,0.0,0.0,True,True,0.6892852951488792,0.6263456917114499,False,False,-0.06293960343742921,35.90161895751953
040099,2,2,0,1.0,0.0,0.0,0.0,0.0,True,True,0.7651350816751598,0.6359676529164942,False,False,-0.1291674287586656,35.90161895751953
040102,0,0,0,1.0,0.0,0.0,0.0,0.0,True,True,0.5980527398185036,0.6744271954876007,False,False,0.07637445566909706,16.458738327026367
040102,1,1,0,1.0,0.0,0.0,0.0,0.0,True,True,0.8615235405234695,0.8393557153331755,False,False,-0.02216782519029392,16.458738327026367
040102,2,2,0,1.0,0.0,0.0,0.0,0.0,True,True,0.7575760731541149,0.7741220403428101,False,False,0.016545967188695165,16.458738327026367
040102,3,3,0,1.0,0.0,0.0,0.0,0.0,True,True,0.7652423320435905,0.8871712605773354,False,False,0.12192892853374493,16.458738327026367
040102,4,4,0,1.0,0.0,0.0,0.0,0.0,True,True,0.5857371593523311,0.8544973291059914,False,False,0.26876016975366035,16.458738327026367
040102,5,5,0,1.0,0.0,0.0,0.0,0.0,True,True,0.8502785625385735,0.8632719677202875,False,False,0.01299340518171399,16.458738327026367
040102,6,6,0,1.0,0.0,0.0,0.0,0.0,True,True,0.8223324462237381,0.715973225616056,False,False,-0.1063592206076821,16.458738327026367
040102,7,7,0,1.0,0.0,0.0,0.0,0.0,True,False,0.6671380086389109,0.0,False,False,-0.6671380086389109,16.458738327026367
040102,8,8,0,1.0,0.0,0.0,0.0,0.0,False,True,0.0,0.7566267396371144,False,False,0.7566267396371144,16.458738327026367
040102,9,9,0,1.0,0.0,0.0,0.0,0.0,True,True,0.6433295330352626,0.6367162991642421,False,False,-0.00661323387102053,16.458738327026367
040117,0,0,0,1.0,0.0,0.0,0.0,0.0,True,True,0.7971722675540553,0.8478310062459609,False,False,0.050658738691905514,17.53875732421875
040117,1,1,0,1.0,0.0,0.0,0.0,0.0,True,True,0.8702463063602988,0.8896662464912382,False,False,0.019419940130939395,17.53875732421875
040117,2,2,0,1.0,0.0,0.0,0.0,0.0,True,True,0.5566824573408232,0.6041745397213336,False,False,0.04749208238051039,17.53875732421875
040120,0,0,0,1.0,0.0,0.0,0.0,0.0,True,True,0.7719321478844748,0.7198117329720987,False,False,-0.05212041491237618,56.68817138671875
040120,1,1,0,1.0,0.0,0.0,0.0,0.0,True,True,0.70223863397429,0.7171688377110823,False,False,0.014930203736792325,56.68817138671875
040120,2,2,0,1.0,0.0,0.0,0.0,0.0,True,True,0.7115498453919298,0.7444950296491627,False,False,0.03294518425723292,56.68817138671875
040137,0,0,0,1.0,0.0,0.0,0.0,0.0,True,True,0.7230310423796741,0.7601892619733418,False,False,0.03715821959366772,31.974760055541992
040137,1,1,0,1.0,0.0,0.0,0.0,0.0,True,True,0.5788649447663021,0.5554887250676093,False,False,-0.023376219698692857,31.974760055541992
040137,2,2,0,1.0,0.0,0.0,0.0,0.0,True,True,0.663985932581347,0.5802340122564322,False,False,-0.08375192032491474,31.974760055541992
040137,3,3,0,1.0,0.0,0.0,0.0,0.0,True,True,0.5695517172517534,0.5311351881888827,False,False,-0.03841652906287063,31.974760055541992
040137,4,4,0,1.0,0.0,0.0,0.0,0.0,True,False,0.6518262720086401,0.4579801556850115,False,False,-0.19384611632362858,31.974760055541992
040137,5,5,0,1.0,0.0,0.0,0.0,0.0,False,True,0.37439413301364927,0.6218228852067864,False,False,0.24742875219313715,31.974760055541992
040137,6,6,0,1.0,0.0,0.0,0.0,0.0,True,True,0.6548289596172292,0.7632854344173247,False,False,0.10845647480009546,31.974760055541992
040152,0,0,0,1.0,0.0,0.0,0.0,0.0,True,True,0.6789477624367461,0.8405440817697182,False,False,0.16159631933297203,49.18058395385742
040152,1,1,0,1.0,0.0,0.0,0.0,0.0,True,True,0.721601304440777,0.8402289365986321,False,False,0.1186276321578551,49.18058395385742
040152,2,2,0,1.0,0.0,0.0,0.0,0.0,True,True,0.8724512456731737,0.7247172561025517,False,False,-0.147733989570622,49.18058395385742
040159,0,0,0,1.0,0.0,0.0,0.0,0.0,True,True,0.8804856877210504,0.8300892023186794,False,False,-0.05039648540237096,57.99807357788086
040159,1,1,0,1.0,0.0,0.0,0.0,0.0,True,True,0.8789504576433372,0.7058443348107768,False,False,-0.17310612283256044,57.99807357788086
040159,2,2,0,1.0,0.0,0.0,0.0,0.0,True,True,0.8375089455706378,0.7216420053036103,False,False,-0.11586694026702749,57.99807357788086
040159,3,3,0,1.0,0.0,0.0,0.0,0.0,True,True,0.6386913067900125,0.8055649234304257,False,False,0.16687361664041322,57.99807357788086
040160,0,0,0,1.0,0.0,0.0,0.0,0.0,True,False,0.6978410936769669,0.0,False,False,-0.6978410936769669,39.6889762878418
040160,1,1,0,1.0,0.0,0.0,0.0,0.0,True,True,0.7468407154235394,0.8377670705958772,False,False,0.09092635517233782,39.6889762878418
040160,2,2,0,1.0,0.0,0.0,0.0,0.0,True,True,0.7155307717135057,0.7207887587960088,False,False,0.005257987082503135,39.6889762878418
040160,3,3,0,1.0,0.0,0.0,0.0,0.0,True,True,0.8278166792102745,0.8423652317622177,False,False,0.014548552551943206,39.6889762878418
040160,4,4,0,1.0,0.0,0.0,0.0,0.0,False,True,0.4158003924589211,0.5219231059264484,False,False,0.10612271346752733,39.6889762878418
040160,5,5,0,1.0,0.0,0.0,0.0,0.0,True,True,0.7667240212504622,0.6861388303062572,False,False,-0.08058519094420502,39.6889762878418
040160,6,6,0,1.0,0.0,0.0,0.0,0.0,True,True,0.686420115126399,0.6306083658942628,False,False,-0.055811749232136165,39.6889762878418
040160,7,7,0,1.0,0.0,0.0,0.0,0.0,False,False,0.26917700761998026,0.2855696141853833,False,False,0.016392606565403034,39.6889762878418
040172,0,0,0,1.0,0.0,0.0,0.0,0.0,True,True,0.7516929843449781,0.7192134224543357,False,False,-0.03247956189064238,37.174129486083984
040172,1,1,0,1.0,0.0,0.0,0.0,0.0,True,True,0.8582204910676621,0.7473042188537504,False,False,-0.11091627221391165,37.174129486083984
040172,2,2,0,1.0,0.0,0.0,0.0,0.0,True,True,0.9081730233182713,0.8374142381555622,False,False,-0.07075878516270917,37.174129486083984
040172,3,3,0,1.0,0.0,0.0,0.0,0.0,True,True,0.7699944234023256,0.7993658295391335,False,False,0.029371406136807887,37.174129486083984
040172,4,4,0,1.0,0.0,0.0,0.0,0.0,True,True,0.6274583043142754,0.6850530602105446,False,False,0.05759475589626917,37.174129486083984
040180,0,0,0,1.0,0.0,0.0,0.0,0.0,True,True,0.7267953914759364,0.748389053019053,False,False,0.021593661543116593,31.981204986572266
040180,1,1,0,1.0,0.0,0.0,0.0,0.0,True,True,0.6899658885868623,0.6158261018266935,False,False,-0.07413978676016875,31.981204986572266
040180,2,2,0,1.0,0.0,0.0,0.0,0.0,True,True,0.7816424257202469,0.6139301470033678,False,False,-0.1677122787168791,31.981204986572266
040180,3,3,0,1.0,0.0,0.0,0.0,0.0,True,True,0.516023513178105,0.7917234657833007,False,False,0.27569995260519564,31.981204986572266
040180,4,4,0,1.0,0.0,0.0,0.0,0.0,True,True,0.5357446954076305,0.7614887822621323,False,False,0.22574408685450187,31.981204986572266
040194,0,0,0,1.0,0.0,0.0,0.0,0.0,True,True,0.7115928430213978,0.8694212513955343,False,False,0.15782840837413648,55.11690139770508
040194,1,1,0,1.0,0.0,0.0,0.0,0.0,True,True,0.7549972169752067,0.872971095513186,False,False,0.11797387853797925,55.11690139770508
040198,0,0,0,1.0,0.0,0.0,0.0,0.0,True,True,0.8096901467823144,0.925037739700374,False,False,0.11534759291805952,23.812122344970703
040198,1,1,0,1.0,0.0,0.0,0.0,0.0,True,False,0.7801915169065838,0.0,False,False,-0.7801915169065838,23.812122344970703
040198,2,2,0,1.0,0.0,0.0,0.0,0.0,True,True,0.6891854288163148,0.8910434067290818,False,False,0.20185797791276694,23.812122344970703
040198,3,3,0,1.0,0.0,0.0,0.0,0.0,True,True,0.7669827340253337,0.8268394897704491,False,False,0.0598567557451154,23.812122344970703
040198,4,4,0,1.0,0.0,0.0,0.0,0.0,True,True,0.7478832886750091,0.8552025185917917,False,False,0.10731922991678267,23.812122344970703
040222,0,0,0,1.0,0.0,0.0,0.0,0.0,True,True,0.7655518736591689,0.7721520964558886,False,False,0.006600222796719679,28.935129165649414
040234,0,0,0,1.0,0.0,0.0,0.0,0.0,True,True,0.7100564536732414,0.7661002390772185,False,False,0.05604378540397703,28.56080436706543
040234,1,1,0,1.0,0.0,0.0,0.0,0.0,True,True,0.8899467692710352,0.8271764375471747,False,False,-0.06277033172386048,28.56080436706543
040247,0,0,0,1.0,0.0,0.0,0.0,0.0,True,True,0.7230361877937697,0.6270855308818585,False,False,-0.09595065691191118,45.105777740478516
040247,1,1,0,1.0,0.0,0.0,0.0,0.0,True,True,0.7233544188569977,0.6284958917344964,False,False,-0.09485852712250131,45.105777740478516
040250,0,0,0,1.0,0.0,0.0,0.0,0.0,True,True,0.5322373122269544,0.5218774568216166,False,False,-0.010359855405337792,46.383670806884766
040250,1,1,0,1.0,0.0,0.0,0.0,0.0,True,True,0.6351441904484262,0.5958052309703918,False,False,-0.03933895947803434,46.383670806884766
040250,2,2,0,1.0,0.0,0.0,0.0,0.0,True,True,0.8091413567893191,0.8418073221857052,False,False,0.03266596539638611,46.383670806884766
040288,0,0,0,1.0,0.0,0.0,0.0,0.0,True,False,0.6158534523067861,0.4181450102891758,False,False,-0.19770844201761034,17.763784408569336
040288,1,1,0,1.0,0.0,0.0,0.0,0.0,True,False,0.6960792308572218,0.42617184282483533,False,False,-0.26990738803238645,17.763784408569336
040288,2,2,0,1.0,0.0,0.0,0.0,0.0,False,False,0.17799512426398093,0.09082600341833832,False,False,-0.0871691208456426,17.763784408569336
040288,3,3,0,1.0,0.0,0.0,0.0,0.0,True,True,0.6890531816903839,0.681523807584998,False,False,-0.0075293741053859,17.763784408569336
040293,0,0,0,1.0,0.0,0.0,0.0,0.0,True,True,0.7574775272977184,0.6465310921507869,False,False,-0.11094643514693159,34.83753967285156
040332,0,0,0,1.0,0.0,0.0,0.0,0.0,True,True,0.7864249225569868,0.640479192303055,False,False,-0.14594573025393187,20.192760467529297
040339,0,0,0,1.0,0.0,0.0,0.0,0.0,True,True,0.7194858198648834,0.600699687722226,False,False,-0.11878613214265732,18.531736373901367
040339,1,1,0,1.0,0.0,0.0,0.0,0.0,True,True,0.7523714211190711,0.7527583237846791,False,False,0.00038690266560803543,18.531736373901367
040339,2,2,0,1.0,0.0,0.0,0.0,0.0,True,True,0.5337993894494941,0.6034245678186527,False,False,0.0696251783691586,18.531736373901367
040363,0,0,0,1.0,0.0,0.0,0.0,0.0,True,True,0.7230949081578525,0.657243823606773,False,False,-0.06585108455107946,36.68303298950195
040363,1,1,0,1.0,0.0,0.0,0.0,0.0,True,True,0.6708344473525797,0.7811327188626251,False,False,0.11029827151004545,36.68303298950195
040363,2,2,0,1.0,0.0,0.0,0.0,0.0,False,False,0.0,0.0,False,False,0.0,36.68303298950195
040365,0,0,0,1.0,0.0,0.0,0.0,0.0,True,True,0.8903670752760343,0.8186803947157192,False,False,-0.07168668056031513,26.031442642211914
040365,1,1,0,1.0,0.0,0.0,0.0,0.0,True,True,0.6944927578510297,0.8376902820570722,False,False,0.14319752420604248,26.031442642211914
040365,2,2,0,1.0,0.0,0.0,0.0,0.0,True,True,0.7681039852961753,0.964330493859455,False,False,0.19622650856327972,26.031442642211914
040369,0,0,0,1.0,0.0,0.0,0.0,0.0,True,True,0.7331379048929132,0.6756172528557164,False,False,-0.05752065203719681,33.160865783691406
040369,1,1,0,1.0,0.0,0.0,0.0,0.0,True,True,0.7533292008854036,0.7275987576077979,False,False,-0.025730443277605652,33.160865783691406
040397,0,0,0,1.0,0.0,0.0,0.0,0.0,True,True,0.7016506782158694,0.5033260436094572,False,False,-0.19832463460641214,43.05406188964844
040397,1,1,0,1.0,0.0,0.0,0.0,0.0,True,True,0.8016025979598536,0.8764420127384664,False,False,0.07483941477861289,43.05406188964844
040397,2,2,0,1.0,0.0,0.0,0.0,0.0,True,True,0.7592047176341736,0.7775694760785177,False,False,0.018364758444344043,43.05406188964844
040397,3,3,0,1.0,0.0,0.0,0.0,0.0,False,True,0.0,0.8054544727369756,False,False,0.8054544727369756,43.05406188964844
040397,4,4,0,1.0,0.0,0.0,0.0,0.0,True,True,0.927360923409125,0.7678235282889573,False,False,-0.15953739512016774,43.05406188964844
040397,5,5,0,1.0,0.0,0.0,0.0,0.0,True,True,0.8157256751213898,0.7626760628917776,False,False,-0.05304961222961224,43.05406188964844
040397,6,6,0,1.0,0.0,0.0,0.0,0.0,True,False,0.5342725941201094,0.0,False,False,-0.5342725941201094,43.05406188964844
040400,0,0,0,1.0,0.0,0.0,0.0,0.0,True,False,0.7278500711366863,0.44435727213175147,False,False,-0.28349279900493485,44.3244743347168
040400,1,1,0,1.0,0.0,0.0,0.0,0.0,True,True,0.7015408496562926,0.7844598394092869,False,False,0.08291898975299428,44.3244743347168
040400,2,2,0,1.0,0.0,0.0,0.0,0.0,True,True,0.5325309546633845,0.8312437814081512,False,False,0.29871282674476674,44.3244743347168
040400,3,3,0,1.0,0.0,0.0,0.0,0.0,True,False,0.8665418772312444,0.15809270760796654,False,False,-0.7084491696232779,44.3244743347168
040400,4,4,0,1.0,0.0,0.0,0.0,0.0,True,True,0.8857317280653686,0.8082960192826183,False,False,-0.0774357087827503,44.3244743347168
040426,0,0,0,1.0,0.0,0.0,0.0,0.0,True,True,0.6877730652583146,0.635997784059439,False,False,-0.051775281198875645,36.864418029785156
040426,1,1,0,1.0,0.0,0.0,0.0,0.0,True,True,0.7710990465646741,0.6814992120715234,False,False,-0.08959983449315068,36.864418029785156
040426,2,2,0,1.0,0.0,0.0,0.0,0.0,True,True,0.7236300924384983,0.6639526123157834,False,False,-0.0596774801227149,36.864418029785156
040428,0,0,0,1.0,0.0,0.0,0.0,0.0,True,False,0.6088733993479253,0.0,False,False,-0.6088733993479253,32.30792999267578
040428,1,1,0,1.0,0.0,0.0,0.0,0.0,True,True,0.7348300601532596,0.6882114172952046,False,False,-0.04661864285805495,32.30792999267578
040428,2,2,0,1.0,0.0,0.0,0.0,0.0,True,True,0.7520898648517259,0.5898655582844465,False,False,-0.16222430656727937,32.30792999267578
040428,3,3,0,1.0,0.0,0.0,0.0,0.0,True,True,0.7335354858320474,0.864778250239176,False,False,0.13124276440712856,32.30792999267578
040428,4,4,0,1.0,0.0,0.0,0.0,0.0,False,False,0.6166230182056177,0.4572033349816565,False,False,-0.15941968322396122,32.30792999267578
040428,5,5,0,1.0,0.0,0.0,0.0,0.0,False,True,0.13702220959740338,0.582517559618129,False,False,0.4454953500207256,32.30792999267578
040438,0,0,0,1.0,0.0,0.0,0.0,0.0,True,False,0.8567243966641339,0.4454811050791171,False,False,-0.4112432915850168,39.40837860107422
040438,1,1,0,1.0,0.0,0.0,0.0,0.0,True,True,0.8902730057948083,0.8754587736941422,False,False,-0.014814232100666125,39.40837860107422
040438,2,2,0,1.0,0.0,0.0,0.0,0.0,True,True,0.7765920145828058,0.5386412934375187,False,False,-0.23795072114528715,39.40837860107422
040438,3,3,0,1.0,0.0,0.0,0.0,0.0,True,True,0.707885722008275,0.5720480769470021,False,False,-0.13583764506127294,39.40837860107422
040438,4,4,0,1.0,0.0,0.0,0.0,0.0,True,True,0.7252328201159609,0.6626390423322535,False,False,-0.06259377778370745,39.40837860107422
040443,0,0,0,1.0,0.0,0.0,0.0,0.0,True,True,0.6941097134167736,0.8399219670890672,False,False,0.14581225367229356,38.998939514160156
040443,1,1,0,1.0,0.0,0.0,0.0,0.0,True,True,0.6999693583949461,0.8332268184707997,False,False,0.1332574600758536,38.998939514160156
040443,2,2,0,1.0,0.0,0.0,0.0,0.0,True,True,0.9313240538697428,0.8859511807059522,False,False,-0.04537287316379057,38.998939514160156
040443,3,3,0,1.0,0.0,0.0,0.0,0.0,True,True,0.7895680910854058,0.6852883070487535,False,False,-0.10427978403665228,38.998939514160156
040443,4,4,0,1.0,0.0,0.0,0.0,0.0,False,True,0.4133430261139106,0.7135108839978478,False,False,0.3001678578839372,38.998939514160156
040443,5,5,0,1.0,0.0,0.0,0.0,0.0,True,True,0.818367104916089,0.6845073563302839,False,False,-0.13385974858580507,38.998939514160156
040443,6,6,0,1.0,0.0,0.0,0.0,0.0,False,True,0.5356508672403842,0.5477337809560454,False,False,0.01208291371566117,38.998939514160156
040443,7,7,0,1.0,0.0,0.0,0.0,0.0,False,True,0.06280523710349506,0.6999195338834997,False,False,0.6371142967800046,38.998939514160156
040443,8,8,0,1.0,0.0,0.0,0.0,0.0,False,True,0.2380058879994399,0.763885469934345,False,False,0.5258795819349051,38.998939514160156
040443,9,9,0,1.0,0.0,0.0,0.0,0.0,True,True,0.85601449842516,0.574594408871556,False,False,-0.281420089553604,38.998939514160156
040446,0,0,0,1.0,0.0,0.0,0.0,0.0,True,True,0.8675021841142355,0.66555525053371,False,False,-0.2019469335805255,18.642675399780273
040446,1,1,0,1.0,0.0,0.0,0.0,0.0,True,True,0.6350922716778291,0.502750710266019,False,False,-0.13234156141181008,18.642675399780273
040446,2,2,0,1.0,0.0,0.0,0.0,0.0,True,True,0.8424929269679678,0.8377481180578122,False,False,-0.004744808910155607,18.642675399780273
040448,0,0,0,1.0,0.0,0.0,0.0,0.0,True,True,0.8124790633212672,0.7331553090907251,False,False,-0.07932375423054205,31.207509994506836
040448,1,1,0,1.0,0.0,0.0,0.0,0.0,True,True,0.9073181596132173,0.8484489526633175,False,False,-0.05886920694989972,31.207509994506836
040448,2,2,0,1.0,0.0,0.0,0.0,0.0,True,True,0.8377221098379922,0.7914209675931092,False,False,-0.04630114224488302,31.207509994506836
040458,0,0,0,1.0,0.0,0.0,0.0,0.0,True,True,0.8057588864660157,0.8548346644226997,False,False,0.04907577795668405,40.74965286254883
040458,1,1,0,1.0,0.0,0.0,0.0,0.0,False,False,0.2750837326836918,0.4951525008035541,False,False,0.2200687681198623,40.74965286254883
040458,2,2,0,1.0,0.0,0.0,0.0,0.0,True,True,0.8169661366959478,0.6371086496280745,False,False,-0.1798574870678733,40.74965286254883
040458,3,3,0,1.0,0.0,0.0,0.0,0.0,False,False,0.0,0.0,False,False,0.0,40.74965286254883
040460,0,0,0,1.0,0.0,0.0,0.0,0.0,True,False,0.5940992568207143,0.3151077961346541,False,False,-0.2789914606860602,21.037864685058594
040460,1,1,0,1.0,0.0,0.0,0.0,0.0,True,True,0.6865092487737495,0.7164201588725622,False,False,0.029910910098812638,21.037864685058594
040460,2,2,0,1.0,0.0,0.0,0.0,0.0,True,True,0.8087461487657209,0.7396061561495515,False,False,-0.06913999261616943,21.037864685058594
040460,3,3,0,1.0,0.0,0.0,0.0,0.0,True,True,0.7863384557587081,0.8141244761173645,False,False,0.027786020358656405,21.037864685058594
040460,4,4,0,1.0,0.0,0.0,0.0,0.0,True,True,0.7160746425504231,0.7193561957739038,False,False,0.003281553223480671,21.037864685058594
040471,0,0,0,1.0,0.0,0.0,0.0,0.0,True,True,0.6958261848483555,0.7315112847778239,False,False,0.035685099929468445,33.869140625
040471,1,1,0,1.0,0.0,0.0,0.0,0.0,True,False,0.7702263466544226,0.472534000934781,False,False,-0.2976923457196416,33.869140625
040471,2,2,0,1.0,0.0,0.0,0.0,0.0,True,True,0.8076132221529964,0.6203107981746105,False,False,-0.1873024239783858,33.869140625
040471,3,3,0,1.0,0.0,0.0,0.0,0.0,True,True,0.8038085749560989,0.6962715344451375,False,False,-0.10753704051096147,33.869140625
040471,4,4,0,1.0,0.0,0.0,0.0,0.0,True,True,0.7612414044892696,0.7988631143200857,False,False,0.03762170983081614,33.869140625
040471,5,5,0,1.0,0.0,0.0,0.0,0.0,True,True,0.5713712690691206,0.8269373718025209,False,False,0.2555661027334003,33.869140625
070006,0,0,0,1.0,0.0,0.0,0.0,0.0,True,True,0.9101184825613037,0.918657951717974,False,False,0.008539469156670365,58.944549560546875
070020,0,0,0,1.0,0.0,0.0,0.0,0.0,True,True,0.5500122622489718,0.789288400599847,False,False,0.23927613835087513,70.38438415527344
070020,1,1,0,1.0,0.0,0.0,0.0,0.0,True,True,0.8352354648212357,0.9162035947647442,False,False,0.08096812994350855,70.38438415527344
070020,2,2,0,1.0,0.0,0.0,0.0,0.0,False,False,0.2741544539495561,0.3166757725185751,False,False,0.04252131856901897,70.38438415527344
070021,0,0,0,1.0,0.0,0.0,0.0,0.0,True,True,0.7985637211876345,0.9535292880900073,False,False,0.15496556690237273,61.99524688720703
070023,0,0,0,1.0,0.0,0.0,0.0,0.0,True,True,0.6820610894310958,0.9275341810507719,False,False,0.24547309161967612,64.05359649658203
070023,1,1,0,1.0,0.0,0.0,0.0,0.0,False,False,0.0,0.0,False,False,0.0,64.05359649658203
070028,0,0,0,1.0,0.0,0.0,0.0,0.0,True,True,0.74589118794407,0.7361269426509817,False,False,-0.009764245293088392,51.371402740478516
070028,1,1,0,1.0,0.0,0.0,0.0,0.0,True,True,0.961513635729474,0.8523521190112506,False,False,-0.10916151671822338,51.371402740478516
070028,2,2,0,1.0,0.0,0.0,0.0,0.0,True,True,0.8258971150454112,0.9053966480697461,False,False,0.07949953302433488,51.371402740478516
070028,3,3,0,1.0,0.0,0.0,0.0,0.0,True,True,0.6267904045383192,0.9231896150499229,False,False,0.2963992105116037,51.371402740478516
070051,0,0,0,1.0,0.0,0.0,0.0,0.0,True,True,0.659236275993832,0.921720250614368,False,False,0.26248397462053596,53.83926773071289
070051,1,1,0,1.0,0.0,0.0,0.0,0.0,False,False,0.3548293707404108,0.44916432340042334,False,False,0.09433495266001252,53.83926773071289
070051,2,2,0,1.0,0.0,0.0,0.0,0.0,True,True,0.9275116139907054,0.7906501021248482,False,False,-0.13686151186585716,53.83926773071289
070051,3,3,0,1.0,0.0,0.0,0.0,0.0,False,False,0.0,0.0,False,False,0.0,53.83926773071289
070051,4,4,0,1.0,0.0,0.0,0.0,0.0,False,False,0.0,0.0,False,False,0.0,53.83926773071289
070055,0,0,0,1.0,0.0,0.0,0.0,0.0,True,True,0.88484841591364,0.8951073339173924,False,False,0.010258918003752338,47.47274398803711
070055,1,1,0,1.0,0.0,0.0,0.0,0.0,True,True,0.6671978729320562,0.9087312653820586,False,False,0.24153339245000238,47.47274398803711
070055,2,2,0,1.0,0.0,0.0,0.0,0.0,True,True,0.6609332918198682,0.8095393309227725,False,False,0.14860603910290437,47.47274398803711
070055,3,3,0,1.0,0.0,0.0,0.0,0.0,True,True,0.7864314806655154,0.8789561877671597,False,False,0.09252470710164429,47.47274398803711
070081,0,0,0,1.0,0.0,0.0,0.0,0.0,True,True,0.646222145610043,0.9399047022952927,False,False,0.2936825566852497,64.92851257324219
070081,1,1,0,1.0,0.0,0.0,0.0,0.0,True,True,0.5324361382406081,0.9292801974492922,False,False,0.39684405920868415,64.92851257324219
070081,2,2,0,1.0,0.0,0.0,0.0,0.0,False,False,0.0,0.0,False,False,0.0,64.92851257324219
070084,0,0,0,1.0,0.0,0.0,0.0,0.0,True,True,0.682449509197817,0.9573466895715406,False,False,0.27489718037372357,66.85262298583984
070084,1,1,0,1.0,0.0,0.0,0.0,0.0,False,False,0.0,0.0,False,False,0.0,66.85262298583984
070084,2,2,0,1.0,0.0,0.0,0.0,0.0,False,False,0.0,0.0,False,False,0.0,66.85262298583984
070119,0,0,0,1.0,0.0,0.0,0.0,0.0,False,True,0.0,0.8686175980615484,False,False,0.8686175980615484,62.697486877441406
070119,1,1,0,1.0,0.0,0.0,0.0,0.0,False,False,0.0,0.0,False,False,0.0,62.697486877441406
070121,0,0,0,1.0,0.0,0.0,0.0,0.0,False,True,0.0,0.8646513811974509,False,False,0.8646513811974509,67.52237701416016
070121,1,1,0,1.0,0.0,0.0,0.0,0.0,True,True,0.8026593889434743,0.8847350186660848,False,False,0.08207562972261051,67.52237701416016
070121,2,2,0,1.0,0.0,0.0,0.0,0.0,True,True,0.8808872568923499,0.8738107872888167,False,False,-0.007076469603533253,67.52237701416016
070121,3,3,0,1.0,0.0,0.0,0.0,0.0,False,True,0.0331314713441536,0.9225379499460418,False,False,0.8894064786018882,67.52237701416016
070121,4,4,0,1.0,0.0,0.0,0.0,0.0,False,True,0.0,0.8884850156430475,False,False,0.8884850156430475,67.52237701416016
070121,5,5,0,1.0,0.0,0.0,0.0,0.0,True,True,0.5288505303393974,0.9256475745691659,False,False,0.39679704422976847,67.52237701416016
070121,6,6,0,1.0,0.0,0.0,0.0,0.0,True,True,0.846121616751667,0.9163868058974072,False,False,0.0702651891457402,67.52237701416016
070130,0,0,0,1.0,0.0,0.0,0.0,0.0,False,True,0.1463847909396993,0.9376123090472785,False,False,0.7912275181075792,66.70122528076172
070130,1,1,0,1.0,0.0,0.0,0.0,0.0,True,True,0.6498592753411969,0.9716399779858009,False,False,0.321780702644604,66.70122528076172
070151,0,0,0,1.0,0.0,0.0,0.0,0.0,False,True,0.0,0.9173015141016306,False,False,0.9173015141016306,63.45216369628906
070151,1,1,0,1.0,0.0,0.0,0.0,0.0,True,True,0.5684948100302002,0.7156546670322168,False,False,0.14715985700201661,63.45216369628906
070160,0,0,0,1.0,0.0,0.0,0.0,0.0,True,True,0.50512968934337,0.5974496803700632,False,False,0.0923199910266932,66.85579681396484
070160,1,1,0,1.0,0.0,0.0,0.0,0.0,False,False,0.3966117316957679,0.45504967546484754,False,False,0.058437943769079626,66.85579681396484
070160,2,2,0,1.0,0.0,0.0,0.0,0.0,False,True,0.0,0.8940895029056066,False,False,0.8940895029056066,66.85579681396484
070160,3,3,0,1.0,0.0,0.0,0.0,0.0,False,True,0.0,0.8852199516923418,False,False,0.8852199516923418,66.85579681396484
070165,0,0,0,1.0,0.0,0.0,0.0,0.0,False,False,0.372000990542381,0.44779956832848755,False,False,0.07579857778610655,56.628780364990234
070165,1,1,0,1.0,0.0,0.0,0.0,0.0,True,True,0.9162003895070323,0.8074706170169397,False,False,-0.10872977249009264,56.628780364990234
070165,2,2,0,1.0,0.0,0.0,0.0,0.0,True,True,0.7827829929013598,0.9587059506109745,False,False,0.17592295770961475,56.628780364990234
070176,0,0,0,1.0,0.0,0.0,0.0,0.0,True,True,0.6338524574595706,0.9233462706717127,False,False,0.28949381321214207,51.21564483642578
070176,1,1,0,1.0,0.0,0.0,0.0,0.0,True,True,0.9338646978677134,0.8483607798492665,False,False,-0.08550391801844692,51.21564483642578
070176,2,2,0,1.0,0.0,0.0,0.0,0.0,True,True,0.8268617194850604,0.7982524764399822,False,False,-0.02860924304507817,51.21564483642578
070176,3,3,0,1.0,0.0,0.0,0.0,0.0,True,True,0.879323577066782,0.7372683122585728,False,False,-0.14205526480820918,51.21564483642578
070176,4,4,0,1.0,0.0,0.0,0.0,0.0,False,False,0.08457510724141144,0.1563475718673967,False,False,0.07177246462598526,51.21564483642578
070176,5,5,0,1.0,0.0,0.0,0.0,0.0,False,False,0.0,0.2613527100550532,False,False,0.2613527100550532,51.21564483642578
070176,6,6,0,1.0,0.0,0.0,0.0,0.0,False,False,0.0,0.4138560408501035,False,False,0.4138560408501035,51.21564483642578
070188,0,0,0,1.0,0.0,0.0,0.0,0.0,True,True,0.805166991509462,0.8323755929793554,False,False,0.027208601469893345,65.5993881225586
070188,1,1,0,1.0,0.0,0.0,0.0,0.0,False,True,0.16607965639139394,0.7665481873249972,False,False,0.6004685309336033,65.5993881225586
070188,2,2,0,1.0,0.0,0.0,0.0,0.0,True,True,0.6911278837750188,0.8376996366103738,False,False,0.14657175283535506,65.5993881225586
070188,3,3,0,1.0,0.0,0.0,0.0,0.0,False,True,0.0,0.667496821766131,False,False,0.667496821766131,65.5993881225586
070188,4,4,0,1.0,0.0,0.0,0.0,0.0,False,False,0.025170530447711816,0.02196793714067657,False,False,-0.0032025933070352446,65.5993881225586
070188,5,5,0,1.0,0.0,0.0,0.0,0.0,False,False,0.017457760844653544,0.047590323368263576,False,False,0.030132562523610032,65.5993881225586
070193,0,0,0,1.0,0.0,0.0,0.0,0.0,True,True,0.8494580428848704,0.9480753294680001,False,False,0.09861728658312974,65.72627258300781
070193,1,1,0,1.0,0.0,0.0,0.0,0.0,False,True,0.0,0.7334582893882042,False,False,0.7334582893882042,65.72627258300781
070193,2,2,0,1.0,0.0,0.0,0.0,0.0,False,False,0.0,0.0,False,False,0.0,65.72627258300781
070198,0,0,0,1.0,0.0,0.0,0.0,0.0,False,True,0.41572883233954727,0.9717876701084307,False,False,0.5560588377688834,66.46798706054688
070199,0,0,0,1.0,0.0,0.0,0.0,0.0,False,True,0.4547457326543035,0.8212537948415529,False,False,0.3665080621872494,66.74595642089844
070214,0,0,0,1.0,0.0,0.0,0.0,0.0,True,True,0.7342647100746155,0.9892367288324107,False,False,0.2549720187577952,61.069679260253906
070214,1,1,0,1.0,0.0,0.0,0.0,0.0,True,True,0.6628095372696992,0.9353527351783093,False,False,0.27254319790861015,61.069679260253906
070214,2,2,0,1.0,0.0,0.0,0.0,0.0,True,True,0.7492605003397044,0.8949615197824247,False,False,0.1457010194427203,61.069679260253906
070222,0,0,0,1.0,0.0,0.0,0.0,0.0,True,True,0.5259570478206133,0.7827086159599712,False,False,0.25675156813935796,65.59272003173828
070222,1,1,0,1.0,0.0,0.0,0.0,0.0,True,True,0.7924881767619635,0.9729086792312349,False,False,0.18042050246927144,65.59272003173828
070222,2,2,0,1.0,0.0,0.0,0.0,0.0,False,False,0.0,0.0,False,False,0.0,65.59272003173828
070279,0,0,0,1.0,0.0,0.0,0.0,0.0,True,True,0.5767411722921455,0.9363935285232886,False,False,0.3596523562311431,65.70074462890625
070279,1,1,0,1.0,0.0,0.0,0.0,0.0,False,False,0.0,0.0,False,False,0.0,65.70074462890625
070279,2,2,0,1.0,0.0,0.0,0.0,0.0,True,True,0.6135431599290672,0.9279053569654664,False,False,0.3143621970363992,65.70074462890625
070285,0,0,0,1.0,0.0,0.0,0.0,0.0,False,True,0.0,0.943768616266503,False,False,0.943768616266503,66.8967056274414
070285,1,1,0,1.0,0.0,0.0,0.0,0.0,False,False,0.0,0.0,False,False,0.0,66.8967056274414
070299,0,0,0,1.0,0.0,0.0,0.0,0.0,False,False,0.3814205482173664,0.4537386615013396,False,False,0.07231811328397325,56.522918701171875
070299,1,1,0,1.0,0.0,0.0,0.0,0.0,True,True,0.9115322716376196,0.7530317178984469,False,False,-0.1585005537391727,56.522918701171875
070299,2,2,0,1.0,0.0,0.0,0.0,0.0,True,True,0.7660065312707774,0.864689409673005,False,False,0.09868287840222756,56.522918701171875
070302,0,0,0,1.0,0.0,0.0,0.0,0.0,True,True,0.7840526716628231,0.9103378074558988,False,False,0.12628513579307565,51.89748764038086
070302,1,1,0,1.0,0.0,0.0,0.0,0.0,False,True,0.0,0.8477420632635173,False,False,0.8477420632635173,51.89748764038086
070302,2,2,0,1.0,0.0,0.0,0.0,0.0,False,False,0.0,0.0,False,False,0.0,51.89748764038086
070363,0,0,0,1.0,0.0,0.0,0.0,0.0,True,True,0.9395895214990978,0.8921901880228252,False,False,-0.047399333476272565,49.6164436340332
070363,1,1,0,1.0,0.0,0.0,0.0,0.0,True,True,0.779950717663393,0.8315210014676812,False,False,0.051570283804288186,49.6164436340332
070363,2,2,0,1.0,0.0,0.0,0.0,0.0,True,True,0.8335076212981906,0.7791394768987528,False,False,-0.05436814439943771,49.6164436340332
070363,3,3,0,1.0,0.0,0.0,0.0,0.0,False,False,0.08867617000356322,0.14649058355226138,False,False,0.057814413548698165,49.6164436340332
070363,4,4,0,1.0,0.0,0.0,0.0,0.0,True,True,0.7171849632184277,0.9264107775520724,False,False,0.20922581433364462,49.6164436340332
070363,5,5,0,1.0,0.0,0.0,0.0,0.0,False,True,0.0,0.9057739200532068,False,False,0.9057739200532068,49.6164436340332
070363,6,6,0,1.0,0.0,0.0,0.0,0.0,False,False,0.0,0.1786817413675481,False,False,0.1786817413675481,49.6164436340332
070369,0,0,0,1.0,0.0,0.0,0.0,0.0,False,True,0.0,0.5196739784247585,False,False,0.5196739784247585,59.72333908081055
070369,1,1,0,1.0,0.0,0.0,0.0,0.0,False,False,0.0,0.0,False,False,0.0,59.72333908081055
070369,2,2,0,1.0,0.0,0.0,0.0,0.0,False,True,0.1797673065264235,0.9131437083700362,False,False,0.7333764018436127,59.72333908081055
070369,3,3,0,1.0,0.0,0.0,0.0,0.0,True,True,0.8962621471809983,0.9528953336003795,False,False,0.0566331864193812,59.72333908081055
070369,4,4,0,1.0,0.0,0.0,0.0,0.0,True,True,0.6090758418873549,0.8702590626591454,False,False,0.26118322077179057,59.72333908081055
070373,0,0,0,1.0,0.0,0.0,0.0,0.0,True,True,0.6422220459951687,0.9313486076301091,False,False,0.2891265616349403,67.44271087646484
070373,1,1,0,1.0,0.0,0.0,0.0,0.0,True,True,0.5000669747243665,0.8886955453874016,False,False,0.38862857066303513,67.44271087646484
070373,2,2,0,1.0,0.0,0.0,0.0,0.0,True,True,0.7716056498086244,0.8623512360244819,False,False,0.09074558621585749,67.44271087646484
070373,3,3,0,1.0,0.0,0.0,0.0,0.0,True,True,0.7449961462135756,0.8735579289872745,False,False,0.1285617827736989,67.44271087646484
070373,4,4,0,1.0,0.0,0.0,0.0,0.0,False,True,0.10139482776246662,0.559128500104829,False,False,0.45773367234236234,67.44271087646484
070408,0,0,0,1.0,0.0,0.0,0.0,0.0,False,True,0.0,0.7742675550171559,False,False,0.7742675550171559,62.97265625
070417,0,0,0,1.0,0.0,0.0,0.0,0.0,True,True,0.6475755354506709,0.811736295839998,False,False,0.16416076038932703,68.30415344238281
070417,1,1,0,1.0,0.0,0.0,0.0,0.0,True,True,0.7508968754059551,0.9251741685712769,False,False,0.1742772931653218,68.30415344238281
070437,0,0,0,1.0,0.0,0.0,0.0,0.0,True,True,0.6387839976272845,0.9434020047678131,False,False,0.30461800714052856,67.42170715332031
070441,0,0,0,1.0,0.0,0.0,0.0,0.0,False,False,0.0,0.0,False,False,0.0,65.96007537841797
070441,1,1,0,1.0,0.0,0.0,0.0,0.0,False,False,0.37443013338234404,0.4235926326000225,False,False,0.04916249921767846,65.96007537841797
070441,2,2,0,1.0,0.0,0.0,0.0,0.0,False,False,0.07410416888818154,0.01543700831275511,False,False,-0.05866716057542643,65.96007537841797
070441,3,3,0,1.0,0.0,0.0,0.0,0.0,False,False,0.22894892316982465,0.27939432207530046,False,False,0.05044539890547581,65.96007537841797
070447,0,0,0,1.0,0.0,0.0,0.0,0.0,True,True,0.5780674675550215,0.8128628545623611,False,False,0.2347953870073396,64.98526000976562
070447,1,1,0,1.0,0.0,0.0,0.0,0.0,False,True,0.46211377388635894,0.8317762758393542,False,False,0.36966250195299527,64.98526000976562
070447,2,2,0,1.0,0.0,0.0,0.0,0.0,False,False,0.0,0.09748566365293165,False,False,0.09748566365293165,64.98526000976562
070447,3,3,0,1.0,0.0,0.0,0.0,0.0,False,True,0.0,0.8607704517610263,False,False,0.8607704517610263,64.98526000976562
070447,4,4,0,1.0,0.0,0.0,0.0,0.0,False,True,0.147608506515357,0.8494745791489177,False,False,0.7018660726335606,64.98526000976562
070447,5,5,0,1.0,0.0,0.0,0.0,0.0,True,True,0.8242626722898025,0.974857977525928,False,False,0.1505953052361254,64.98526000976562
070447,6,6,0,1.0,0.0,0.0,0.0,0.0,False,False,0.023004306574897902,0.04698078425927232,False,False,0.023976477684374414,64.98526000976562
070447,7,7,0,1.0,0.0,0.0,0.0,0.0,False,False,0.0,0.0,False,False,0.0,64.98526000976562
070447,8,8,0,1.0,0.0,0.0,0.0,0.0,False,False,0.0,0.0,False,False,0.0,64.98526000976562
070451,0,0,0,1.0,0.0,0.0,0.0,0.0,True,True,0.512811825923649,0.8028286838782159,False,False,0.2900168579545669,66.84526062011719
070451,1,1,0,1.0,0.0,0.0,0.0,0.0,True,True,0.6186328257097272,0.7694474275227063,False,False,0.15081460181297912,66.84526062011719
070452,0,0,0,1.0,0.0,0.0,0.0,0.0,True,True,0.5225983937981299,0.9196968137629208,False,False,0.3970984199647909,58.6088752746582
120003,0,0,0,1.0,0.0,0.0,0.0,0.0,False,True,0.4091109575525776,0.666240381926788,False,False,0.25712942437421044,20.325305938720703
120003,1,1,0,1.0,0.0,0.0,0.0,0.0,True,True,0.8297107074493532,0.7911879398421916,False,False,-0.03852276760716156,20.325305938720703
120020,0,0,0,1.0,0.0,0.0,0.0,0.0,True,True,0.7993592170675013,0.8915490727798415,False,False,0.09218985571234017,20.638002395629883
120020,1,1,0,1.0,0.0,0.0,0.0,0.0,True,True,0.7040504087887962,0.8456407465971915,False,False,0.14159033780839525,20.638002395629883
120020,2,2,0,1.0,0.0,0.0,0.0,0.0,True,True,0.8701553499359498,0.7267313793059686,False,False,-0.14342397062998113,20.638002395629883
120020,3,3,0,1.0,0.0,0.0,0.0,0.0,True,True,0.7860835856920619,0.7100072376937727,False,False,-0.07607634799828922,20.638002395629883
120024,0,0,0,1.0,0.0,0.0,0.0,0.0,True,True,0.6238490129517706,0.7620311739672494,False,False,0.13818216101547875,20.291643142700195
120024,1,1,0,1.0,0.0,0.0,0.0,0.0,False,True,0.5263099348955197,0.7847384547850772,False,False,0.2584285198895575,20.291643142700195
120024,2,2,0,1.0,0.0,0.0,0.0,0.0,True,False,0.6293745400161519,0.3526791201364049,False,False,-0.276695419879747,20.291643142700195
120030,0,0,0,1.0,0.0,0.0,0.0,0.0,True,True,0.6758410999495498,0.8653858039733281,False,False,0.18954470402377832,20.643369674682617
120030,1,1,0,1.0,0.0,0.0,0.0,0.0,False,False,0.0,0.48891253278629854,False,False,0.48891253278629854,20.643369674682617
120035,0,0,0,1.0,0.0,0.0,0.0,0.0,True,True,0.6173698894521812,0.9415818562674505,False,False,0.3242119668152693,20.713403701782227
120035,1,1,0,1.0,0.0,0.0,0.0,0.0,True,True,0.5531741141212915,0.9356552009526128,False,False,0.3824810868313213,20.713403701782227
120051,0,0,0,1.0,0.0,0.0,0.0,0.0,False,True,0.0,0.7849644461480534,False,False,0.7849644461480534,20.538414001464844
120051,1,1,0,1.0,0.0,0.0,0.0,0.0,False,True,0.05771428861319361,0.681296550495896,False,False,0.6235822618827024,20.538414001464844
120051,2,2,0,1.0,0.0,0.0,0.0,0.0,False,False,0.30908283002833564,0.0,False,False,-0.30908283002833564,20.538414001464844
120081,0,0,0,1.0,0.0,0.0,0.0,0.0,True,True,0.6654363883844169,0.8087051793163128,False,False,0.14326879093189593,21.486156463623047
120083,0,0,0,1.0,0.0,0.0,0.0,0.0,False,True,0.0,0.8674672876504671,False,False,0.8674672876504671,23.000295639038086
120083,1,1,0,1.0,0.0,0.0,0.0,0.0,True,True,0.5991362179690238,0.6140138778557984,False,False,0.014877659886774586,23.000295639038086
120087,0,0,0,1.0,0.0,0.0,0.0,0.0,False,True,0.0,0.7657934396361865,False,False,0.7657934396361865,21.317630767822266
120088,0,0,0,1.0,0.0,0.0,0.0,0.0,True,True,0.8817309198695273,0.8661002679928046,False,False,-0.015630651876722745,20.641071319580078
120088,1,1,0,1.0,0.0,0.0,0.0,0.0,True,True,0.7616161868047827,0.7697679335921197,False,False,0.008151746787336989,20.641071319580078
120088,2,2,0,1.0,0.0,0.0,0.0,0.0,True,True,0.7052103477629448,0.8521612346802175,False,False,0.14695088691727276,20.641071319580078
120088,3,3,0,1.0,0.0,0.0,0.0,0.0,False,True,0.46059101590947626,0.9334082071760935,False,False,0.47281719126661725,20.641071319580078
120088,4,4,0,1.0,0.0,0.0,0.0,0.0,True,True,0.5796766983424259,0.773646821293366,False,False,0.19397012295094018,20.641071319580078
120089,0,0,0,1.0,0.0,0.0,0.0,0.0,True,True,0.6258592961048899,0.7929674528274995,False,False,0.1671081567226096,20.54583740234375
120089,1,1,0,1.0,0.0,0.0,0.0,0.0,False,True,0.3864886720819442,0.7379159664289419,False,False,0.35142729434699765,20.54583740234375
120089,2,2,0,1.0,0.0,0.0,0.0,0.0,False,True,0.29261242645054486,0.53458925284028,False,False,0.24197682638973517,20.54583740234375
120111,0,0,0,1.0,0.0,0.0,0.0,0.0,False,True,0.0,0.7156974431115608,False,False,0.7156974431115608,21.022626876831055
120111,1,1,0,1.0,0.0,0.0,0.0,0.0,True,True,0.8279953214224782,0.8753569306032615,False,False,0.04736160918078325,21.022626876831055
120111,2,2,0,1.0,0.0,0.0,0.0,0.0,False,True,0.37102576353006433,0.5970326340695644,False,False,0.22600687053950008,21.022626876831055
120111,3,3,0,1.0,0.0,0.0,0.0,0.0,False,True,0.36304129937670476,0.699770876881685,False,False,0.3367295775049803,21.022626876831055
120114,0,0,0,1.0,0.0,0.0,0.0,0.0,True,True,0.5554532129086072,0.7638566509968105,False,False,0.20840343808820339,21.223281860351562
120114,1,1,0,1.0,0.0,0.0,0.0,0.0,True,True,0.6092655118791046,0.8505233452440382,False,False,0.24125783336493356,21.223281860351562
120133,0,0,0,1.0,0.0,0.0,0.0,0.0,False,True,0.48497885758021275,0.796300728333653,False,False,0.3113218707534402,20.59174156188965
120133,1,1,0,1.0,0.0,0.0,0.0,0.0,True,True,0.735055453925972,0.8311529087422299,False,False,0.09609745481625787,20.59174156188965
120139,0,0,0,1.0,0.0,0.0,0.0,0.0,False,True,0.2804408201822778,0.6976909474910568,False,False,0.417250127308779,21.29354476928711
120139,1,1,0,1.0,0.0,0.0,0.0,0.0,False,True,0.36161725539592,0.8443552611537415,False,False,0.4827380057578215,21.29354476928711
120151,0,0,0,1.0,0.0,0.0,0.0,0.0,True,True,0.7957760870721485,0.8786472581661513,False,False,0.08287117109400277,20.659626007080078
120151,1,1,0,1.0,0.0,0.0,0.0,0.0,True,True,0.8221451620017216,0.7785052756800473,False,False,-0.04363988632167426,20.659626007080078
120151,2,2,0,1.0,0.0,0.0,0.0,0.0,False,True,0.00656691927380375,0.9106623407849925,False,False,0.9040954215111888,20.659626007080078
120151,3,3,0,1.0,0.0,0.0,0.0,0.0,False,True,0.4461387394724106,0.8648356239710806,False,False,0.41869688449867,20.659626007080078
120151,4,4,0,1.0,0.0,0.0,0.0,0.0,False,True,0.20438491552320093,0.5434390949432936,False,False,0.33905417942009264,20.659626007080078
120155,0,0,0,1.0,0.0,0.0,0.0,0.0,True,True,0.7726596073871684,0.9706295825377791,False,False,0.19796997515061066,20.637264251708984
120155,1,1,0,1.0,0.0,0.0,0.0,0.0,False,True,0.22826111036764907,0.7587196035664029,False,False,0.5304584931987538,20.637264251708984
120155,2,2,0,1.0,0.0,0.0,0.0,0.0,False,True,0.26751119982988764,0.5674969755421533,False,False,0.29998577571226565,20.637264251708984
120155,3,3,0,1.0,0.0,0.0,0.0,0.0,False,True,0.0,0.8484671933667551,False,False,0.8484671933667551,20.637264251708984
120157,0,0,0,1.0,0.0,0.0,0.0,0.0,True,True,0.6703323553250713,0.8735530358378979,False,False,0.2032206805128266,21.957101821899414
120157,1,1,0,1.0,0.0,0.0,0.0,0.0,False,True,0.4122773982763027,0.8825151617428294,False,False,0.4702377634665267,21.957101821899414
120157,2,2,0,1.0,0.0,0.0,0.0,0.0,False,True,0.0,0.9492977498865569,False,False,0.9492977498865569,21.957101821899414
120157,3,3,0,1.0,0.0,0.0,0.0,0.0,False,True,0.0,0.8060884547332436,False,False,0.8060884547332436,21.957101821899414
120157,4,4,0,1.0,0.0,0.0,0.0,0.0,False,False,0.0,0.24287221385082824,False,False,0.24287221385082824,21.957101821899414
120162,0,0,0,1.0,0.0,0.0,0.0,0.0,True,True,0.7388600858119653,0.7232181551640591,False,False,-0.0156419306479062,21.597925186157227
120165,0,0,0,1.0,0.0,0.0,0.0,0.0,True,True,0.525330786317072,0.7271844322790173,False,False,0.20185364596194533,21.20547103881836
120165,1,1,0,1.0,0.0,0.0,0.0,0.0,False,True,0.0,0.8192996495849147,False,False,0.8192996495849147,21.20547103881836
120165,2,2,0,1.0,0.0,0.0,0.0,0.0,False,False,0.0,0.033867685012809685,False,False,0.033867685012809685,21.20547103881836
120165,3,3,0,1.0,0.0,0.0,0.0,0.0,False,True,0.0,0.8699410553393303,False,False,0.8699410553393303,21.20547103881836
120199,0,0,0,1.0,0.0,0.0,0.0,0.0,True,True,0.6652903626777303,0.885592690389489,False,False,0.22030232771175862,20.565425872802734
120225,0,0,0,1.0,0.0,0.0,0.0,0.0,True,True,0.7751534765898925,0.7239392670191228,False,False,-0.05121420957076972,20.628835678100586
120227,0,0,0,1.0,0.0,0.0,0.0,0.0,False,True,0.13455028885023493,0.6810315778464344,False,False,0.5464812889961995,21.7153263092041
120227,1,1,0,1.0,0.0,0.0,0.0,0.0,False,True,0.4911265616733827,0.7659218013316492,False,False,0.2747952396582665,21.7153263092041
120227,2,2,0,1.0,0.0,0.0,0.0,0.0,False,True,0.0,0.7626197792633511,False,False,0.7626197792633511,21.7153263092041
120233,0,0,0,1.0,0.0,0.0,0.0,0.0,False,True,0.0012023145281898255,0.8715822542783206,False,False,0.8703799397501307,20.844284057617188
120233,1,1,0,1.0,0.0,0.0,0.0,0.0,True,True,0.6740283768487116,0.6378390970997205,False,False,-0.03618927974899111,20.844284057617188
120233,2,2,0,1.0,0.0,0.0,0.0,0.0,False,False,0.49155755817332036,0.47332339559324527,False,False,-0.018234162580075097,20.844284057617188
120233,3,3,0,1.0,0.0,0.0,0.0,0.0,True,True,0.5368238146308065,0.867153567606139,False,False,0.3303297529753325,20.844284057617188
120233,4,4,0,1.0,0.0,0.0,0.0,0.0,False,True,0.2469702450987405,0.7517856635336932,False,False,0.5048154184349527,20.844284057617188
120234,0,0,0,1.0,0.0,0.0,0.0,0.0,False,True,0.3161162098288103,0.7646100015431069,False,False,0.4484937917142966,20.555421829223633
120234,1,1,0,1.0,0.0,0.0,0.0,0.0,False,True,0.2950019554972422,0.8048937820680975,False,False,0.5098918265708553,20.555421829223633
120234,2,2,0,1.0,0.0,0.0,0.0,0.0,False,True,0.07911504810461273,0.7654976326854861,False,False,0.6863825845808733,20.555421829223633
120234,3,3,0,1.0,0.0,0.0,0.0,0.0,True,True,0.7341601571991496,0.6615334681174104,False,False,-0.07262668908173919,20.555421829223633
120234,4,4,0,1.0,0.0,0.0,0.0,0.0,True,True,0.6065278530167278,0.5226994949014123,False,False,-0.08382835811531553,20.555421829223633
120237,0,0,0,1.0,0.0,0.0,0.0,0.0,True,True,0.6548235224710584,0.8647855143051728,False,False,0.20996199183411446,20.91122817993164
120237,1,1,0,1.0,0.0,0.0,0.0,0.0,True,True,0.8101417402680737,0.917795757560278,False,False,0.10765401729220425,20.91122817993164
120273,0,0,0,1.0,0.0,0.0,0.0,0.0,True,True,0.7105312037034273,0.7498834475974447,False,False,0.03935224389401748,22.343114852905273
120273,1,1,0,1.0,0.0,0.0,0.0,0.0,False,False,0.0,0.0,False,False,0.0,22.343114852905273
120273,2,2,0,1.0,0.0,0.0,0.0,0.0,False,False,0.0,0.0,False,False,0.0,22.343114852905273
120288,0,0,0,1.0,0.0,0.0,0.0,0.0,True,True,0.7556542509804148,0.9168783444033058,False,False,0.161224093422891,20.805233001708984
120288,1,1,0,1.0,0.0,0.0,0.0,0.0,True,True,0.8404689677093,0.9306208888523524,False,False,0.09015192114305237,20.805233001708984
120298,0,0,0,1.0,0.0,0.0,0.0,0.0,True,True,0.6008182972014046,0.8366341870657996,False,False,0.23581588986439506,20.678030014038086
120357,0,0,0,1.0,0.0,0.0,0.0,0.0,True,True,0.5199835142021686,0.6748158588368393,False,False,0.15483234463467066,20.518966674804688
120357,1,1,0,1.0,0.0,0.0,0.0,0.0,False,True,0.14587694941513157,0.7289324422339467,False,False,0.5830554928188152,20.518966674804688
120357,2,2,0,1.0,0.0,0.0,0.0,0.0,False,True,0.0,0.582347773735418,False,False,0.582347773735418,20.518966674804688
120426,0,0,0,1.0,0.0,0.0,0.0,0.0,False,True,0.29828171883817944,0.8261669167376224,False,False,0.527885197899443,20.45139503479004
120426,1,1,0,1.0,0.0,0.0,0.0,0.0,False,True,0.19618307748581007,0.6890313707467318,False,False,0.4928482932609217,20.45139503479004
120426,2,2,0,1.0,0.0,0.0,0.0,0.0,True,True,0.6155240986769152,0.8300363111680373,False,False,0.21451221249112218,20.45139503479004
120426,3,3,0,1.0,0.0,0.0,0.0,0.0,True,True,0.6047823628075796,0.7677710066107802,False,False,0.16298864380320066,20.45139503479004
120426,4,4,0,1.0,0.0,0.0,0.0,0.0,False,True,0.0,0.7545242234684395,False,False,0.7545242234684395,20.45139503479004
120427,0,0,0,1.0,0.0,0.0,0.0,0.0,True,True,0.6783393491026105,0.9098648818412676,False,False,0.23152553273865706,20.946941375732422
120427,1,1,0,1.0,0.0,0.0,0.0,0.0,True,True,0.5194019470538594,0.8221950429585826,False,False,0.30279309590472314,20.946941375732422
120429,0,0,0,1.0,0.0,0.0,0.0,0.0,False,True,0.3901824818804891,0.6449309237519761,False,False,0.25474844187148704,21.654226303100586
120429,1,1,0,1.0,0.0,0.0,0.0,0.0,False,True,0.14619823374312044,0.5836068012906221,False,False,0.4374085675475017,21.654226303100586
120429,2,2,0,1.0,0.0,0.0,0.0,0.0,False,True,0.3879690077578598,0.6981957691877285,False,False,0.3102267614298687,21.654226303100586
120429,3,3,0,1.0,0.0,0.0,0.0,0.0,False,True,0.0,0.7185279460122009,False,False,0.7185279460122009,21.654226303100586
120429,4,4,0,1.0,0.0,0.0,0.0,0.0,False,False,0.3815232781291188,0.0,False,False,-0.3815232781291188,21.654226303100586
120429,5,5,0,1.0,0.0,0.0,0.0,0.0,False,False,0.45111581071752543,0.0,False,False,-0.45111581071752543,21.654226303100586
120429,6,6,0,1.0,0.0,0.0,0.0,0.0,True,True,0.7148804278544586,0.8233006541151693,False,False,0.10842022626071068,21.654226303100586
120429,7,7,0,1.0,0.0,0.0,0.0,0.0,True,True,0.6547308132098778,0.7636603642263698,False,False,0.10892955101649204,21.654226303100586
120429,8,8,0,1.0,0.0,0.0,0.0,0.0,False,True,0.4855662248541046,0.6022793188183863,False,False,0.11671309396428164,21.654226303100586
120429,9,9,0,1.0,0.0,0.0,0.0,0.0,False,True,0.08444887880276748,0.6122171334908489,False,False,0.5277682546880814,21.654226303100586
120431,0,0,0,1.0,0.0,0.0,0.0,0.0,False,True,0.0,0.875026892554765,False,False,0.875026892554765,20.789573669433594
120444,0,0,0,1.0,0.0,0.0,0.0,0.0,True,True,0.8958253127080866,0.9685114252930864,False,False,0.0726861125849998,20.437238693237305
120455,0,0,0,1.0,0.0,0.0,0.0,0.0,True,True,0.6736108618250389,0.7006041503460225,False,False,0.026993288520983594,20.569419860839844
120455,1,1,0,1.0,0.0,0.0,0.0,0.0,False,True,0.4866743916975803,0.8393463244340116,False,False,0.35267193273643127,20.569419860839844
120456,0,0,0,1.0,0.0,0.0,0.0,0.0,True,True,0.767890540709948,0.8083266540027493,False,False,0.04043611329280128,20.476497650146484
250002,0,0,0,1.0,0.0,0.0,0.0,0.0,True,True,0.8208688502179167,0.7371206259572585,False,False,-0.0837482242606582,130.8225555419922
250010,0,0,0,1.0,0.0,0.0,0.0,0.0,True,True,0.927881959832428,0.9525899829329888,False,False,0.02470802310056075,32.21949005126953
250031,0,0,0,1.0,0.0,0.0,0.0,0.0,True,True,0.5523716743716062,0.8591982906127532,False,False,0.30682661624114704,121.34021759033203
250031,1,1,0,1.0,0.0,0.0,0.0,0.0,True,True,0.5191586381905073,0.8851386940448163,False,False,0.3659800558543089,121.34021759033203
250056,0,0,0,1.0,0.0,0.0,0.0,0.0,True,True,0.8616722161273583,0.9855447155225494,False,False,0.12387249939519107,68.03958129882812
250063,0,0,0,1.0,0.0,0.0,0.0,0.0,True,True,0.5477099781157472,0.7861399705924653,False,False,0.23842999247671814,47.01044845581055
250063,1,1,0,1.0,0.0,0.0,0.0,0.0,True,True,0.6251104850735906,0.6066399515802526,False,False,-0.018470533493337937,47.01044845581055
250097,0,0,0,1.0,0.0,0.0,0.0,0.0,True,True,0.6318512410502917,0.7110692924743048,False,False,0.07921805142401317,115.53308868408203
250097,1,1,0,1.0,0.0,0.0,0.0,0.0,True,True,0.6452233596322601,0.7503711298255901,False,False,0.10514777019332999,115.53308868408203
250097,2,2,0,1.0,0.0,0.0,0.0,0.0,True,True,0.6099569089139497,0.8251904779264081,False,False,0.21523356901245838,115.53308868408203
250105,0,0,0,1.0,0.0,0.0,0.0,0.0,False,True,0.3337729801482967,0.8475088534416125,False,False,0.5137358732933158,124.02180480957031
250105,1,1,0,1.0,0.0,0.0,0.0,0.0,False,True,0.0,0.6370633891144266,False,False,0.6370633891144266,124.02180480957031
250111,0,0,0,1.0,0.0,0.0,0.0,0.0,True,True,0.794840714701187,0.6803180263757813,False,False,-0.11452268832540569,62.42974853515625
250111,1,1,0,1.0,0.0,0.0,0.0,0.0,False,True,0.0,0.8165875968747693,False,False,0.8165875968747693,62.42974853515625
250122,0,0,0,1.0,0.0,0.0,0.0,0.0,True,True,0.7447999181211387,0.9156686278045449,False,False,0.17086870968340628,64.88863372802734
250151,0,0,0,1.0,0.0,0.0,0.0,0.0,True,True,0.9016456577154665,0.8917810704566074,False,False,-0.009864587258859081,120.87276458740234
250151,1,1,0,1.0,0.0,0.0,0.0,0.0,False,True,0.0,0.9403569809341668,False,False,0.9403569809341668,120.87276458740234
250151,2,2,0,1.0,0.0,0.0,0.0,0.0,False,True,0.0,0.9652657473525695,False,False,0.9652657473525695,120.87276458740234
250156,0,0,0,1.0,0.0,0.0,0.0,0.0,True,True,0.5336107464839902,0.5975645349935644,False,False,0.06395378850957423,20.76726531982422
250156,1,1,0,1.0,0.0,0.0,0.0,0.0,True,True,0.6192166423040562,0.6846200979954662,False,False,0.06540345569141004,20.76726531982422
250156,2,2,0,1.0,0.0,0.0,0.0,0.0,False,False,0.2686313497030424,0.2877347050720962,False,False,0.019103355369053776,20.76726531982422
250157,0,0,0,1.0,0.0,0.0,0.0,0.0,True,True,0.7673631983501664,0.8920718455848252,False,False,0.1247086472346588,85.95355987548828
250171,0,0,0,1.0,0.0,0.0,0.0,0.0,True,True,0.8831016388843695,0.9248053728354692,False,False,0.04170373395109961,34.921104431152344
250171,1,1,0,1.0,0.0,0.0,0.0,0.0,True,True,0.8153198962804645,0.8682915501825412,False,False,0.0529716539020767,34.921104431152344
250171,2,2,0,1.0,0.0,0.0,0.0,0.0,True,True,0.7800605685646333,0.9085186056661948,False,False,0.12845803710156145,34.921104431152344
250198,0,0,0,1.0,0.0,0.0,0.0,0.0,True,True,0.5688279039441136,0.921559345695641,False,False,0.3527314417515274,122.07779693603516
250198,1,1,0,1.0,0.0,0.0,0.0,0.0,True,True,0.6196021209224235,0.8960390182468941,False,False,0.27643689732447063,122.07779693603516
250206,0,0,0,1.0,0.0,0.0,0.0,0.0,True,True,0.8930143994628585,0.9211935589543221,False,False,0.028179159491463546,125.45740509033203
250209,0,0,0,1.0,0.0,0.0,0.0,0.0,True,True,0.8181612298597697,0.9300735244061787,False,False,0.11191229454640905,20.517230987548828
250212,0,0,0,1.0,0.0,0.0,0.0,0.0,True,True,0.8847435580817655,0.8745669904508873,False,False,-0.010176567630878264,124.43498229980469
250215,0,0,0,1.0,0.0,0.0,0.0,0.0,True,True,0.7482088059858016,0.9022677750055513,False,False,0.1540589690197497,118.78820037841797
250236,0,0,0,1.0,0.0,0.0,0.0,0.0,True,True,0.9506708019327321,0.9186901791162834,False,False,-0.031980622816448756,121.93550872802734
250236,1,1,0,1.0,0.0,0.0,0.0,0.0,True,True,0.6664268908017218,0.7606086546770706,False,False,0.09418176387534882,121.93550872802734
250240,0,0,0,1.0,0.0,0.0,0.0,0.0,True,True,0.7689293456913008,0.8080695562229528,False,False,0.039140210531652064,128.0713348388672
250252,0,0,0,1.0,0.0,0.0,0.0,0.0,True,True,0.8171511575218257,0.9634144267958262,False,False,0.14626326927400057,124.6332778930664
250253,0,0,0,1.0,0.0,0.0,0.0,0.0,True,True,0.6777975649205092,0.8641409752631435,False,False,0.18634341034263424,122.54153442382812
250259,0,0,0,1.0,0.0,0.0,0.0,0.0,False,True,0.0,0.8614165104381694,False,False,0.8614165104381694,113.0229721069336
250259,1,1,0,1.0,0.0,0.0,0.0,0.0,True,True,0.6109458765439387,0.8153685430892684,False,False,0.2044226665453297,113.0229721069336
250261,0,0,0,1.0,0.0,0.0,0.0,0.0,True,True,0.7294384777982208,0.791045011707315,False,False,0.06160653390909421,127.0287094116211
250261,1,1,0,1.0,0.0,0.0,0.0,0.0,False,True,0.22748952965758482,0.705242025772713,False,False,0.47775249611512816,127.0287094116211
250261,2,2,0,1.0,0.0,0.0,0.0,0.0,True,True,0.5472763439512501,0.6267662069356433,False,False,0.0794898629843932,127.0287094116211
250270,0,0,0,1.0,0.0,0.0,0.0,0.0,False,True,0.4211635517738263,0.8023845632698705,False,False,0.3812210114960442,130.7078857421875
250293,0,0,0,1.0,0.0,0.0,0.0,0.0,True,True,0.6266436776008252,0.8912790036180701,False,False,0.26463532601724493,114.51138305664062
250293,1,1,0,1.0,0.0,0.0,0.0,0.0,False,False,0.0,0.0,False,False,0.0,114.51138305664062
250302,0,0,0,1.0,0.0,0.0,0.0,0.0,True,True,0.6731177183352359,0.6251247008771827,False,False,-0.04799301745805318,19.499755859375
250316,0,0,0,1.0,0.0,0.0,0.0,0.0,True,True,0.6131359064465959,0.7582010603152326,False,False,0.14506515386863672,46.9012336730957
250316,1,1,0,1.0,0.0,0.0,0.0,0.0,True,True,0.7456921061854376,0.7726455095931272,False,False,0.02695340340768959,46.9012336730957
250326,0,0,0,1.0,0.0,0.0,0.0,0.0,True,True,0.8782034674868328,0.874132054569229,False,False,-0.004071412917603712,125.79434967041016
250326,1,1,0,1.0,0.0,0.0,0.0,0.0,False,True,0.0,0.9373774523116333,False,False,0.9373774523116333,125.79434967041016
250326,2,2,0,1.0,0.0,0.0,0.0,0.0,False,False,0.0,0.0,False,False,0.0,125.79434967041016
250331,0,0,0,1.0,0.0,0.0,0.0,0.0,True,True,0.8398338810654369,0.774496038240468,False,False,-0.0653378428249689,19.901275634765625
250332,0,0,0,1.0,0.0,0.0,0.0,0.0,True,True,0.6499717244604898,0.8574228767795582,False,False,0.2074511523190684,130.24835205078125
250332,1,1,0,1.0,0.0,0.0,0.0,0.0,True,False,0.7577596459386647,0.0,False,False,-0.7577596459386647,130.24835205078125
250332,2,2,0,1.0,0.0,0.0,0.0,0.0,False,False,0.0,0.0,False,False,0.0,130.24835205078125
250332,3,3,0,1.0,0.0,0.0,0.0,0.0,False,True,0.0,0.7565196643670192,False,False,0.7565196643670192,130.24835205078125
250345,0,0,0,1.0,0.0,0.0,0.0,0.0,False,True,0.4729239217770173,0.8626736102360882,False,False,0.38974968845907093,131.73724365234375
250349,0,0,0,1.0,0.0,0.0,0.0,0.0,True,True,0.9074382912805686,0.9680177360888093,False,False,0.06057944480824062,32.15114974975586
250354,0,0,0,1.0,0.0,0.0,0.0,0.0,True,True,0.6687799212666157,0.7828250495016771,False,False,0.11404512823506141,123.76144409179688
250354,1,1,0,1.0,0.0,0.0,0.0,0.0,False,True,0.0,0.8038184662427975,False,False,0.8038184662427975,123.76144409179688
250354,2,2,0,1.0,0.0,0.0,0.0,0.0,False,True,0.0,0.8973294682446191,False,False,0.8973294682446191,123.76144409179688
250361,0,0,0,1.0,0.0,0.0,0.0,0.0,True,True,0.7748741215826079,0.8159681935032761,False,False,0.04109407192066816,126.4678955078125
250361,1,1,0,1.0,0.0,0.0,0.0,0.0,True,True,0.7023494939603101,0.760046857779469,False,False,0.05769736381915891,126.4678955078125
250365,0,0,0,1.0,0.0,0.0,0.0,0.0,True,True,0.6289427155843124,0.8219518141964415,False,False,0.19300909861212912,119.14444732666016
250365,1,1,0,1.0,0.0,0.0,0.0,0.0,True,True,0.8360050554224944,0.882953908173668,False,False,0.046948852751173664,119.14444732666016
250365,2,2,0,1.0,0.0,0.0,0.0,0.0,False,True,0.0,0.9231713268020213,False,False,0.9231713268020213,119.14444732666016
250368,0,0,0,1.0,0.0,0.0,0.0,0.0,False,False,0.46716037116920983,0.0,False,False,-0.46716037116920983,20.442983627319336
250368,1,1,0,1.0,0.0,0.0,0.0,0.0,True,True,0.7407823843457785,0.7901535977118219,False,False,0.04937121336604344,20.442983627319336
250368,2,2,0,1.0,0.0,0.0,0.0,0.0,True,True,0.7766444724819502,0.8972568656515512,False,False,0.12061239316960093,20.442983627319336
250368,3,3,0,1.0,0.0,0.0,0.0,0.0,True,True,0.8388576169123086,0.7549741929835274,False,False,-0.08388342392878123,20.442983627319336
250389,0,0,0,1.0,0.0,0.0,0.0,0.0,True,True,0.7700180616865967,0.8215009321224293,False,False,0.05148287043583255,20.198013305664062
250389,1,1,0,1.0,0.0,0.0,0.0,0.0,True,True,0.6592918055766994,0.6030757672173052,False,False,-0.05621603835939426,20.198013305664062
250389,2,2,0,1.0,0.0,0.0,0.0,0.0,True,True,0.9477769307453889,0.9378185273175086,False,False,-0.009958403427880347,20.198013305664062
250389,3,3,0,1.0,0.0,0.0,0.0,0.0,True,True,0.5995533007573103,0.5512096052561624,False,False,-0.04834369550114792,20.198013305664062
250396,0,0,0,1.0,0.0,0.0,0.0,0.0,True,True,0.8617879117164604,0.9495874344607058,False,False,0.0877995227442454,31.510766983032227
250404,0,0,0,1.0,0.0,0.0,0.0,0.0,True,True,0.5609509581336812,0.8733521474920612,False,False,0.31240118935838,118.1922836303711
250404,1,1,0,1.0,0.0,0.0,0.0,0.0,True,True,0.6821281038687422,0.9255564907043009,False,False,0.24342838683555867,118.1922836303711
250407,0,0,0,1.0,0.0,0.0,0.0,0.0,True,True,0.7571010243691114,0.7937929267198375,False,False,0.03669190235072606,126.96089172363281
