stem	sequence_prefix
020001	02
020002	02
020003	02
020004	02
020005	02
020006	02
020007	02
020008	02
020009	02
020010	02
020011	02
020012	02
020013	02
020014	02
020015	02
020016	02
020017	02
020018	02
020019	02
020020	02
020021	02
020022	02
020023	02
020024	02
020025	02
020026	02
020027	02
020028	02
020029	02
020030	02
020031	02
020032	02
020033	02
020034	02
020035	02
020036	02
020037	02
020038	02
020039	02
020040	02
020041	02
020042	02
020043	02
020044	02
020045	02
020046	02
020047	02
020048	02
020049	02
020050	02
020051	02
020052	02
020053	02
020054	02
020055	02
020056	02
020057	02
020058	02
020059	02
020060	02
020061	02
020062	02
020063	02
020064	02
020065	02
020066	02
020067	02
020068	02
020069	02
020070	02
020071	02
020072	02
020073	02
020074	02
020075	02
020076	02
020077	02
020078	02
020079	02
020080	02
020081	02
020082	02
020083	02
020084	02
020085	02
020086	02
020087	02
020088	02
020089	02
020090	02
020091	02
020092	02
020093	02
020094	02
020095	02
020096	02
020097	02
020098	02
020099	02
020100	02
020101	02
020102	02
020103	02
020104	02
020105	02
020106	02
020107	02
020108	02
020109	02
020110	02
020111	02
020112	02
020113	02
020114	02
020115	02
020116	02
020117	02
020118	02
020119	02
020120	02
020121	02
020122	02
020123	02
020124	02
020125	02
020126	02
020127	02
020128	02
020129	02
020130	02
020131	02
020132	02
020133	02
020134	02
020135	02
020136	02
020137	02
020138	02
020139	02
020140	02
020141	02
020142	02
020143	02
020144	02
020145	02
020146	02
020147	02
020148	02
020149	02
020150	02
020151	02
020152	02
020153	02
020154	02
020155	02
020156	02
020157	02
020158	02
020159	02
020160	02
020161	02
020162	02
020163	02
020164	02
020165	02
020166	02
020167	02
020168	02
020169	02
020170	02
020171	02
020172	02
020173	02
020174	02
020175	02
020176	02
020177	02
020178	02
020179	02
020180	02
020181	02
020182	02
020183	02
020184	02
020185	02
020186	02
020187	02
020188	02
020189	02
020190	02
020191	02
020192	02
020193	02
020194	02
020195	02
020196	02
020197	02
020198	02
020199	02
020200	02
020201	02
020202	02
020203	02
020204	02
020205	02
020206	02
020207	02
020208	02
020209	02
020210	02
020211	02
020212	02
020213	02
020214	02
020215	02
020216	02
020217	02
020218	02
020219	02
020220	02
020221	02
020222	02
020223	02
020224	02
020225	02
020226	02
020227	02
020228	02
020229	02
020230	02
020231	02
020232	02
020233	02
020234	02
020235	02
020236	02
020237	02
020238	02
020239	02
020240	02
020241	02
020242	02
020243	02
020244	02
020245	02
020246	02
020247	02
020248	02
020249	02
020250	02
020251	02
020252	02
020253	02
020254	02
020255	02
020256	02
020257	02
020258	02
020259	02
020260	02
020261	02
020262	02
020263	02
020264	02
020265	02
020266	02
020267	02
020268	02
020269	02
020270	02
020271	02
020272	02
020273	02
020274	02
020275	02
020276	02
020277	02
020278	02
020279	02
020280	02
020281	02
020282	02
020283	02
020284	02
020285	02
020286	02
020287	02
020288	02
020289	02
020290	02
020291	02
020292	02
020293	02
020294	02
020295	02
020296	02
020297	02
020298	02
020299	02
020300	02
020301	02
020302	02
020303	02
020304	02
020305	02
020306	02
020307	02
020308	02
020309	02
020310	02
020311	02
020312	02
020313	02
020314	02
020315	02
020316	02
020317	02
020318	02
020319	02
020320	02
020321	02
020322	02
020323	02
020324	02
020325	02
020326	02
020327	02
020328	02
020329	02
020330	02
020331	02
020332	02
020333	02
020334	02
020335	02
020336	02
020337	02
020338	02
020339	02
020340	02
020341	02
020342	02
020343	02
020344	02
020345	02
020346	02
020347	02
020348	02
020349	02
020350	02
020351	02
020352	02
020353	02
020354	02
020355	02
020356	02
020357	02
020358	02
020359	02
020360	02
020361	02
020362	02
020363	02
020364	02
020365	02
020366	02
020367	02
020368	02
020369	02
020370	02
020371	02
020372	02
020373	02
020374	02
020375	02
020376	02
020377	02
020378	02
020379	02
020380	02
020381	02
020382	02
020383	02
020384	02
020385	02
020386	02
020387	02
020388	02
020389	02
020390	02
020391	02
020392	02
020393	02
020394	02
020395	02
020396	02
020397	02
020398	02
020399	02
020400	02
020401	02
020402	02
020403	02
020404	02
020405	02
020406	02
020407	02
020408	02
020409	02
020410	02
020411	02
020412	02
020413	02
020414	02
020415	02
020416	02
020417	02
020418	02
020419	02
020420	02
020421	02
020422	02
020423	02
020424	02
020425	02
020426	02
020427	02
020428	02
020429	02
020430	02
020431	02
020432	02
020433	02
020434	02
020435	02
020436	02
020437	02
020438	02
020439	02
020440	02
020441	02
020442	02
020443	02
020444	02
020445	02
020446	02
020447	02
020448	02
020449	02
020450	02
020451	02
020452	02
020453	02
020454	02
020455	02
020456	02
020457	02
020458	02
020459	02
020460	02
020461	02
020462	02
020463	02
020464	02
020465	02
020466	02
020467	02
020468	02
020469	02
020470	02
020471	02
020472	02
020473	02
020474	02
020475	02
020476	02
020477	02
020478	02
020479	02
020480	02
020481	02
020482	02
020483	02
020484	02
020485	02
020486	02
020487	02
020488	02
020489	02
020490	02
020491	02
020492	02
020493	02
020494	02
020495	02
020496	02
020497	02
020498	02
020499	02
020500	02
030001	03
030002	03
030003	03
030004	03
030005	03
030006	03
030007	03
030008	03
030009	03
030010	03
030011	03
030012	03
030013	03
030014	03
030015	03
030016	03
030017	03
030018	03
030019	03
030020	03
030021	03
030022	03
030023	03
030024	03
030025	03
030026	03
030027	03
030028	03
030029	03
030030	03
030031	03
030032	03
030033	03
030034	03
030035	03
030036	03
030037	03
030038	03
030039	03
030040	03
030041	03
030042	03
030043	03
030044	03
030045	03
030046	03
030047	03
030048	03
030049	03
030050	03
030051	03
030052	03
030053	03
030054	03
030055	03
030056	03
030057	03
030058	03
030059	03
030060	03
030061	03
030062	03
030063	03
030064	03
030065	03
030066	03
030067	03
030068	03
030069	03
030070	03
030071	03
030072	03
030073	03
030074	03
030075	03
030076	03
030077	03
030078	03
030079	03
030080	03
030081	03
030082	03
030083	03
030084	03
030085	03
030086	03
030087	03
030088	03
030089	03
030090	03
030091	03
030092	03
030093	03
030094	03
030095	03
030096	03
030097	03
030098	03
030099	03
030100	03
030101	03
030102	03
030103	03
030104	03
030105	03
030106	03
030107	03
030108	03
030109	03
030110	03
030111	03
030112	03
030113	03
030114	03
030115	03
030116	03
030117	03
030118	03
030119	03
030120	03
030121	03
030122	03
030123	03
030124	03
030125	03
030126	03
030127	03
030128	03
030129	03
030130	03
030131	03
030132	03
030133	03
030134	03
030135	03
030136	03
030137	03
030138	03
030139	03
030140	03
030141	03
030142	03
030143	03
030144	03
030145	03
030146	03
030147	03
030148	03
030149	03
030150	03
030151	03
030152	03
030153	03
030154	03
030155	03
030156	03
030157	03
030158	03
030159	03
030160	03
030161	03
030162	03
030163	03
030164	03
030165	03
030166	03
030167	03
030168	03
030169	03
030170	03
030171	03
030172	03
030173	03
030174	03
030175	03
030176	03
030177	03
030178	03
030179	03
030180	03
030181	03
030182	03
030183	03
030184	03
030185	03
030186	03
030187	03
030188	03
030189	03
030190	03
030191	03
030192	03
030193	03
030194	03
030195	03
030196	03
030197	03
030198	03
030199	03
030200	03
030201	03
030202	03
030203	03
030204	03
030205	03
030206	03
030207	03
030208	03
030209	03
030210	03
030211	03
030212	03
030213	03
030214	03
030215	03
030216	03
030217	03
030218	03
030219	03
030220	03
030221	03
030222	03
030223	03
030224	03
030225	03
030226	03
030227	03
030228	03
030229	03
030230	03
030231	03
030232	03
030233	03
030234	03
030235	03
030236	03
030237	03
030238	03
030239	03
030240	03
030241	03
030242	03
030243	03
030244	03
030245	03
030246	03
030247	03
030248	03
030249	03
030250	03
030251	03
030252	03
030253	03
030254	03
030255	03
030256	03
030257	03
030258	03
030259	03
030260	03
030261	03
030262	03
030263	03
030264	03
030265	03
030266	03
030267	03
030268	03
030269	03
030270	03
030271	03
030272	03
030273	03
030274	03
030275	03
030276	03
030277	03
030278	03
030279	03
030280	03
030281	03
030282	03
030283	03
030284	03
030285	03
030286	03
030287	03
030288	03
030289	03
030290	03
030291	03
030292	03
030293	03
030294	03
030295	03
030296	03
030297	03
030299	03
030300	03
030301	03
030302	03
030303	03
030304	03
030305	03
030306	03
030307	03
030308	03
030309	03
030310	03
030311	03
030312	03
030313	03
030314	03
030315	03
030316	03
030317	03
030318	03
030319	03
030320	03
030321	03
030322	03
030323	03
030324	03
030325	03
030326	03
030327	03
030328	03
030329	03
030330	03
030331	03
030332	03
030333	03
030334	03
030335	03
030336	03
030337	03
030338	03
030339	03
030340	03
030341	03
030342	03
030343	03
030344	03
030345	03
030346	03
030347	03
030348	03
030349	03
030350	03
030351	03
030352	03
030353	03
030354	03
030355	03
030356	03
030357	03
030358	03
030359	03
030360	03
030361	03
030362	03
030363	03
030364	03
030365	03
030366	03
030367	03
030368	03
030369	03
030370	03
030371	03
030372	03
030373	03
030374	03
030375	03
030376	03
030377	03
030378	03
030379	03
030380	03
030381	03
030382	03
030383	03
030384	03
030385	03
030386	03
030387	03
030388	03
030389	03
030390	03
030391	03
030392	03
030393	03
030394	03
030395	03
030396	03
030397	03
030398	03
030399	03
030400	03
030401	03
030402	03
030403	03
030404	03
030405	03
030406	03
030407	03
030408	03
030409	03
030410	03
030411	03
030412	03
030413	03
030414	03
030415	03
030416	03
030417	03
030418	03
030419	03
030420	03
030421	03
030422	03
030423	03
030424	03
030425	03
030426	03
030427	03
030428	03
030429	03
030430	03
030431	03
030432	03
030433	03
030434	03
030435	03
030436	03
030437	03
030438	03
030439	03
030440	03
030441	03
030442	03
030443	03
030444	03
030445	03
030446	03
030447	03
030448	03
030449	03
030450	03
030451	03
030452	03
030453	03
030454	03
030455	03
030456	03
030457	03
030458	03
030459	03
030460	03
030461	03
030462	03
030463	03
030464	03
030465	03
030466	03
030467	03
030468	03
030469	03
030470	03
030471	03
030472	03
030473	03
030474	03
050001	05
050002	05
050003	05
050004	05
050005	05
050006	05
050007	05
050008	05
050009	05
050010	05
050011	05
050012	05
050013	05
050014	05
050015	05
050016	05
050017	05
050018	05
050019	05
050020	05
050021	05
050022	05
050023	05
050024	05
050025	05
050026	05
050027	05
050028	05
050029	05
050030	05
050031	05
050032	05
050033	05
050034	05
050035	05
050036	05
050037	05
050038	05
050039	05
050040	05
050041	05
050042	05
050043	05
050044	05
050045	05
050046	05
050047	05
050048	05
050049	05
050050	05
050051	05
050052	05
050053	05
050054	05
050055	05
050056	05
050057	05
050058	05
050059	05
050060	05
050061	05
050062	05
050063	05
050064	05
050065	05
050066	05
050067	05
050068	05
050069	05
050070	05
050071	05
050072	05
050073	05
050074	05
050075	05
050076	05
050077	05
050078	05
050079	05
050080	05
050081	05
050082	05
050083	05
050084	05
050085	05
050086	05
050087	05
050088	05
050089	05
050090	05
050091	05
050092	05
050093	05
050094	05
050095	05
050096	05
050097	05
050098	05
050099	05
050100	05
050101	05
050102	05
050103	05
050104	05
050105	05
050106	05
050107	05
050108	05
050109	05
050110	05
050111	05
050112	05
050113	05
050114	05
050115	05
050116	05
050117	05
050118	05
050119	05
050120	05
050121	05
050122	05
050123	05
050124	05
050125	05
050126	05
050127	05
050128	05
050129	05
050130	05
050131	05
050132	05
050133	05
050134	05
050135	05
050136	05
050137	05
050138	05
050139	05
050140	05
050141	05
050142	05
050143	05
050144	05
050145	05
050146	05
050147	05
050148	05
050149	05
050150	05
050151	05
050152	05
050153	05
050154	05
050155	05
050156	05
050157	05
050158	05
050159	05
050160	05
050161	05
050162	05
050163	05
050164	05
050165	05
050166	05
050167	05
050168	05
050169	05
050170	05
050171	05
050172	05
050173	05
050174	05
050175	05
050176	05
050177	05
050178	05
050179	05
050180	05
050181	05
050182	05
050183	05
050184	05
050185	05
050186	05
050187	05
050188	05
050189	05
050190	05
050191	05
050192	05
050193	05
050194	05
050195	05
050196	05
050197	05
050198	05
050199	05
050200	05
050201	05
050202	05
050203	05
050204	05
050205	05
050206	05
050207	05
050208	05
050209	05
050210	05
050211	05
050212	05
050213	05
050214	05
050215	05
050216	05
050217	05
050218	05
050219	05
050220	05
050221	05
050222	05
050223	05
050224	05
050225	05
050226	05
050227	05
050228	05
050229	05
050230	05
050231	05
050232	05
050233	05
050234	05
050235	05
050236	05
050237	05
050238	05
050239	05
050240	05
050241	05
050242	05
050243	05
050244	05
050245	05
050246	05
050247	05
050248	05
050249	05
050250	05
050251	05
050252	05
050253	05
050254	05
050255	05
050256	05
050257	05
050258	05
050259	05
050260	05
050261	05
050262	05
050263	05
050264	05
050265	05
050266	05
050267	05
050268	05
050269	05
050270	05
050271	05
050272	05
050273	05
050274	05
050275	05
050276	05
050277	05
050278	05
050279	05
050280	05
050281	05
050282	05
050283	05
050284	05
050285	05
050286	05
050287	05
050288	05
050289	05
050290	05
050291	05
050292	05
050293	05
050294	05
050295	05
050296	05
050297	05
050298	05
050299	05
050300	05
050301	05
050302	05
050303	05
050304	05
050305	05
050306	05
050307	05
050308	05
050309	05
050310	05
050311	05
050312	05
050313	05
050314	05
050315	05
050316	05
050317	05
050318	05
050319	05
050320	05
050321	05
050322	05
050323	05
050324	05
050325	05
050326	05
050327	05
050328	05
050329	05
050330	05
050331	05
050332	05
050333	05
050334	05
050335	05
050336	05
050337	05
050338	05
050339	05
050340	05
050341	05
050342	05
050343	05
050344	05
050345	05
050346	05
050347	05
050348	05
050349	05
050350	05
050351	05
050352	05
050353	05
050354	05
050355	05
050356	05
050357	05
050358	05
050359	05
050360	05
050361	05
050362	05
050363	05
050364	05
050365	05
050366	05
050367	05
050368	05
050369	05
050370	05
050371	05
050372	05
050373	05
050374	05
050375	05
050376	05
050377	05
050378	05
050379	05
050380	05
050381	05
050382	05
050383	05
050384	05
050385	05
050386	05
050387	05
050388	05
050389	05
050390	05
050391	05
050392	05
050393	05
050394	05
050395	05
050396	05
050397	05
050398	05
050399	05
050400	05
050401	05
050402	05
050403	05
050404	05
050405	05
050406	05
050407	05
050408	05
050409	05
050410	05
050411	05
050412	05
050413	05
050414	05
050415	05
050416	05
050417	05
050418	05
050419	05
050420	05
050421	05
050422	05
050423	05
050424	05
050425	05
050426	05
050427	05
050428	05
060001	06
060002	06
060003	06
060004	06
060005	06
060006	06
060007	06
060008	06
060009	06
060010	06
060011	06
060012	06
060013	06
060014	06
060015	06
060016	06
060017	06
060018	06
060019	06
060020	06
060021	06
060022	06
060023	06
060024	06
060025	06
060026	06
060027	06
060028	06
060029	06
060030	06
060031	06
060032	06
060033	06
060034	06
060035	06
060036	06
060037	06
060038	06
060039	06
060040	06
060041	06
060042	06
060043	06
060044	06
060045	06
060046	06
060047	06
060048	06
060049	06
060050	06
060051	06
060052	06
060053	06
060054	06
060055	06
060056	06
060057	06
060058	06
060059	06
060060	06
060061	06
060062	06
060063	06
060064	06
060065	06
060066	06
060067	06
060068	06
060069	06
060070	06
060071	06
060072	06
060073	06
060074	06
060075	06
060076	06
060077	06
060078	06
060079	06
060080	06
060081	06
060082	06
060083	06
060084	06
060085	06
060086	06
060087	06
060088	06
060089	06
060090	06
060091	06
060092	06
060093	06
060094	06
060095	06
060096	06
060097	06
060098	06
060099	06
060100	06
060101	06
060102	06
060103	06
060104	06
060105	06
060106	06
060107	06
060108	06
060109	06
060110	06
060111	06
060112	06
060113	06
060114	06
060115	06
060116	06
060117	06
060118	06
060119	06
060120	06
060121	06
060122	06
060123	06
060124	06
060125	06
060126	06
060127	06
060128	06
060129	06
060130	06
060131	06
060132	06
060133	06
060134	06
060135	06
060136	06
060137	06
060138	06
060139	06
060140	06
060141	06
060142	06
060143	06
060144	06
060145	06
060146	06
060147	06
060148	06
060149	06
060150	06
060151	06
060152	06
060153	06
060154	06
060155	06
060156	06
060157	06
060158	06
060159	06
060160	06
060161	06
060162	06
060163	06
060164	06
060165	06
060166	06
060167	06
060168	06
060169	06
060170	06
060171	06
060172	06
060173	06
060174	06
060175	06
060176	06
060177	06
060178	06
060179	06
060180	06
060181	06
060182	06
060183	06
060184	06
060185	06
060186	06
060187	06
060188	06
060189	06
060190	06
060191	06
060192	06
060193	06
060194	06
060195	06
060196	06
060197	06
060198	06
060199	06
060200	06
060201	06
060202	06
060203	06
060204	06
060205	06
060206	06
060207	06
060208	06
060209	06
060210	06
060211	06
060212	06
060213	06
060214	06
060215	06
060216	06
060217	06
060218	06
060219	06
060220	06
060221	06
060222	06
060223	06
060224	06
060225	06
060226	06
060227	06
060228	06
060229	06
060230	06
060231	06
060232	06
060233	06
060234	06
060235	06
060236	06
060237	06
060238	06
060239	06
060240	06
060241	06
060242	06
060243	06
060244	06
060245	06
060246	06
060247	06
060248	06
060249	06
060250	06
060251	06
060252	06
060253	06
060254	06
060255	06
060256	06
060257	06
060258	06
060259	06
060260	06
060261	06
060262	06
060263	06
060264	06
060265	06
060266	06
060267	06
060268	06
060269	06
060270	06
060271	06
060272	06
060273	06
060274	06
060275	06
060276	06
060277	06
060278	06
060279	06
060280	06
060281	06
060282	06
060283	06
060284	06
060285	06
060286	06
060287	06
060288	06
060289	06
060290	06
060291	06
060292	06
060293	06
060294	06
060295	06
060296	06
060297	06
060298	06
060299	06
060300	06
060301	06
060302	06
060303	06
060304	06
060305	06
060306	06
060307	06
060308	06
060309	06
060310	06
060311	06
060312	06
060313	06
060314	06
060315	06
060316	06
060317	06
060318	06
060319	06
060320	06
060321	06
060322	06
060323	06
060324	06
060325	06
060326	06
060327	06
060328	06
060329	06
060330	06
060331	06
060332	06
060333	06
060334	06
060335	06
060336	06
060337	06
060338	06
060339	06
060340	06
060341	06
060342	06
060343	06
060344	06
060345	06
060346	06
060347	06
060348	06
060349	06
060350	06
060351	06
060352	06
060353	06
060354	06
060355	06
060356	06
060357	06
060358	06
060359	06
060360	06
060361	06
060362	06
060363	06
060364	06
060365	06
060366	06
060367	06
060368	06
060369	06
060370	06
060371	06
060372	06
060373	06
060374	06
060375	06
060376	06
060377	06
060378	06
060379	06
060380	06
060381	06
060382	06
060383	06
060384	06
060385	06
060386	06
060387	06
060388	06
060389	06
060390	06
060391	06
060392	06
060393	06
060394	06
060395	06
060396	06
060397	06
060398	06
060399	06
060400	06
060401	06
060402	06
060403	06
060404	06
060405	06
060406	06
060407	06
060408	06
060409	06
060410	06
060411	06
060412	06
060413	06
060414	06
060415	06
060416	06
060417	06
060418	06
060419	06
060420	06
060421	06
060422	06
060423	06
060424	06
060425	06
060426	06
060427	06
060428	06
060429	06
060430	06
060431	06
060432	06
060433	06
060434	06
060435	06
060436	06
060437	06
060438	06
060439	06
060440	06
060441	06
060442	06
060443	06
060444	06
060445	06
060446	06
060447	06
060448	06
060449	06
060450	06
060451	06
060452	06
060453	06
060454	06
060455	06
060456	06
060457	06
060458	06
060459	06
060460	06
060461	06
060462	06
060463	06
060464	06
060465	06
060466	06
060467	06
060468	06
060469	06
060470	06
060471	06
060472	06
060473	06
060474	06
060475	06
060476	06
060477	06
060478	06
060479	06
060480	06
060481	06
060482	06
060483	06
060484	06
060485	06
060486	06
060487	06
060488	06
060489	06
060490	06
060491	06
060492	06
060493	06
060494	06
060495	06
060496	06
060497	06
060498	06
060499	06
060500	06
060501	06
060502	06
060503	06
060504	06
060505	06
060506	06
060507	06
060508	06
060509	06
060510	06
060511	06
060512	06
060513	06
060514	06
060515	06
080001	08
080002	08
080003	08
080004	08
080005	08
080006	08
080007	08
080008	08
080009	08
080010	08
080011	08
080012	08
080013	08
080014	08
080015	08
080016	08
080017	08
080018	08
080019	08
080020	08
080021	08
080022	08
080023	08
080024	08
080025	08
080026	08
080027	08
080028	08
080029	08
080030	08
080031	08
080032	08
080033	08
080034	08
080035	08
080036	08
080037	08
080038	08
080039	08
080040	08
080041	08
080042	08
080043	08
080044	08
080045	08
080046	08
080047	08
080048	08
080049	08
080050	08
080051	08
080052	08
080053	08
080054	08
080055	08
080056	08
080057	08
080058	08
080059	08
080060	08
080061	08
080062	08
080063	08
080064	08
080065	08
080066	08
080067	08
080068	08
080069	08
080070	08
080071	08
080072	08
080073	08
080074	08
080075	08
080076	08
080077	08
080078	08
080079	08
080080	08
080081	08
080082	08
080083	08
080084	08
080085	08
080086	08
080087	08
080088	08
080089	08
080090	08
080091	08
080092	08
080093	08
080094	08
080095	08
080096	08
080097	08
080098	08
080099	08
080100	08
080101	08
080102	08
080103	08
080104	08
080106	08
080107	08
080108	08
080109	08
080110	08
080111	08
080112	08
080113	08
080114	08
080115	08
080116	08
080117	08
080118	08
080119	08
080120	08
080121	08
080122	08
080123	08
080124	08
080125	08
080126	08
080127	08
080128	08
080129	08
080130	08
080131	08
080132	08
080133	08
080134	08
080135	08
080136	08
080137	08
080138	08
080139	08
080140	08
080141	08
080142	08
080143	08
080144	08
080145	08
080146	08
080147	08
080148	08
080149	08
080150	08
080151	08
080152	08
080153	08
080154	08
080155	08
080156	08
080157	08
080158	08
080159	08
080160	08
080161	08
080162	08
080163	08
080164	08
080165	08
080166	08
080167	08
080169	08
080170	08
080171	08
080172	08
080174	08
080175	08
080176	08
080177	08
080178	08
080179	08
080180	08
080181	08
080182	08
080183	08
080184	08
080185	08
080186	08
080187	08
080188	08
080189	08
080190	08
080191	08
080192	08
080193	08
080194	08
080195	08
080196	08
080197	08
080198	08
080199	08
080200	08
080201	08
080202	08
080203	08
080204	08
080205	08
080206	08
080207	08
080208	08
080209	08
080210	08
080211	08
080212	08
080213	08
080214	08
080215	08
080216	08
080217	08
080218	08
080219	08
080220	08
080221	08
080222	08
080223	08
080224	08
080225	08
080226	08
080227	08
080228	08
080229	08
080230	08
080231	08
080232	08
080233	08
080234	08
080235	08
080236	08
080237	08
080238	08
080239	08
080240	08
080241	08
080242	08
080243	08
080244	08
080245	08
080246	08
080247	08
080248	08
080249	08
080250	08
080251	08
080252	08
080253	08
080254	08
080255	08
080256	08
080257	08
080258	08
080259	08
080260	08
080261	08
080262	08
080263	08
080264	08
080265	08
080266	08
080267	08
080268	08
080269	08
080270	08
080271	08
080272	08
080273	08
080274	08
080275	08
080276	08
080277	08
080278	08
080279	08
080280	08
080281	08
080282	08
080283	08
080284	08
080285	08
080286	08
080287	08
080288	08
080289	08
080290	08
080291	08
080292	08
080293	08
080294	08
080295	08
080296	08
080297	08
080298	08
080299	08
080300	08
080301	08
080302	08
080303	08
080304	08
080305	08
080306	08
080307	08
080308	08
080309	08
080310	08
080311	08
080312	08
080313	08
080314	08
080315	08
080316	08
080317	08
080318	08
080319	08
080320	08
080321	08
080322	08
080323	08
080324	08
080325	08
080326	08
080327	08
080328	08
080329	08
080330	08
080331	08
080332	08
080333	08
080334	08
080335	08
080336	08
080337	08
080338	08
080339	08
080340	08
080341	08
080342	08
080343	08
080344	08
080345	08
080346	08
080347	08
080348	08
080349	08
080350	08
080351	08
080352	08
080353	08
080354	08
080355	08
080356	08
080357	08
080358	08
080359	08
080360	08
080361	08
080362	08
080363	08
080364	08
080365	08
080366	08
080367	08
080368	08
080369	08
080370	08
080371	08
080372	08
080373	08
080374	08
080375	08
080376	08
080377	08
080378	08
080379	08
080381	08
080382	08
080383	08
080384	08
080385	08
080386	08
080387	08
080388	08
080389	08
080390	08
080391	08
080392	08
080393	08
080394	08
080395	08
080396	08
080397	08
080398	08
080399	08
080400	08
080401	08
080402	08
080403	08
080404	08
080405	08
080406	08
080407	08
080409	08
080410	08
080411	08
080412	08
080413	08
080414	08
080415	08
080416	08
080417	08
080418	08
080419	08
080420	08
080421	08
080422	08
080423	08
080424	08
080425	08
080426	08
080427	08
080428	08
080429	08
080430	08
080431	08
080432	08
080433	08
080434	08
080435	08
080436	08
080437	08
080438	08
080439	08
080440	08
080441	08
080442	08
080443	08
080444	08
080445	08
080446	08
080447	08
080448	08
080449	08
080450	08
080451	08
080452	08
080453	08
080454	08
080455	08
080456	08
080457	08
080458	08
080459	08
080460	08
080461	08
080462	08
080463	08
080464	08
080465	08
080466	08
080467	08
080468	08
080469	08
080470	08
080471	08
080472	08
080473	08
080474	08
080475	08
080476	08
080477	08
080478	08
080479	08
080480	08
080481	08
080482	08
080483	08
080484	08
080485	08
080486	08
080487	08
080488	08
080489	08
080490	08
080491	08
080492	08
080493	08
080494	08
080495	08
080496	08
080497	08
080498	08
080499	08
080500	08
080501	08
080502	08
080503	08
080504	08
080505	08
080506	08
080507	08
080508	08
080509	08
080510	08
080511	08
080512	08
080513	08
080514	08
080515	08
080516	08
080517	08
080518	08
080519	08
080520	08
080521	08
080522	08
080523	08
080524	08
080525	08
080526	08
080527	08
080528	08
080529	08
080530	08
080531	08
080532	08
080533	08
080534	08
080535	08
080536	08
080537	08
080538	08
080539	08
080540	08
080541	08
080542	08
080543	08
080544	08
080545	08
080546	08
080547	08
080548	08
080549	08
080550	08
080551	08
080552	08
080553	08
080554	08
080555	08
080556	08
080557	08
080558	08
080559	08
080560	08
080561	08
080562	08
080563	08
080564	08
080565	08
080566	08
080568	08
080569	08
080570	08
080571	08
080572	08
080573	08
080574	08
080575	08
080576	08
080577	08
080578	08
080579	08
080580	08
080581	08
080582	08
080583	08
080584	08
080585	08
080586	08
080587	08
080588	08
080589	08
080590	08
080591	08
080592	08
080593	08
080594	08
080595	08
080596	08
080597	08
080598	08
080599	08
080600	08
080601	08
080602	08
080603	08
080604	08
080605	08
080606	08
080607	08
080608	08
080609	08
080610	08
080611	08
080612	08
080613	08
080614	08
080615	08
080616	08
080617	08
080618	08
080619	08
080620	08
080621	08
080622	08
080623	08
080624	08
080625	08
080626	08
080627	08
080628	08
080629	08
080630	08
080631	08
080632	08
080633	08
080634	08
080635	08
080636	08
080637	08
080638	08
080639	08
080640	08
080641	08
080642	08
080643	08
080644	08
080645	08
080646	08
080647	08
080648	08
080649	08
080650	08
080651	08
080652	08
080653	08
080654	08
080655	08
080656	08
080657	08
080658	08
080659	08
080660	08
080661	08
080662	08
080663	08
080664	08
080665	08
080666	08
080667	08
080668	08
080669	08
080670	08
080671	08
080672	08
080673	08
080674	08
080675	08
080676	08
080677	08
080678	08
080679	08
080680	08
080681	08
080682	08
080683	08
080684	08
080685	08
080686	08
080687	08
080688	08
080689	08
080690	08
080691	08
080692	08
080693	08
080694	08
080695	08
080696	08
080697	08
080698	08
080699	08
080700	08
080701	08
080702	08
080703	08
080704	08
080705	08
080706	08
080707	08
080708	08
080710	08
080711	08
080712	08
080713	08
080714	08
080715	08
080716	08
080717	08
080718	08
080719	08
080720	08
080721	08
080722	08
080723	08
080724	08
080725	08
080726	08
080727	08
080728	08
080729	08
080730	08
080731	08
080732	08
080733	08
080734	08
080735	08
080736	08
080737	08
080738	08
080739	08
080740	08
080741	08
080742	08
080743	08
080744	08
080745	08
080746	08
080747	08
080748	08
080749	08
080750	08
080751	08
080752	08
080753	08
080754	08
080755	08
080756	08
080757	08
080758	08
080759	08
080760	08
080761	08
080762	08
080763	08
080764	08
080765	08
080766	08
080767	08
080768	08
080769	08
080770	08
080771	08
080772	08
080773	08
080774	08
080775	08
080776	08
080777	08
080778	08
080779	08
080780	08
080781	08
080782	08
080783	08
080784	08
080785	08
080786	08
080787	08
080788	08
080789	08
080790	08
080791	08
080792	08
080793	08
080794	08
080795	08
080796	08
080797	08
080798	08
080799	08
080800	08
080801	08
080803	08
080804	08
080805	08
080806	08
080807	08
080808	08
080809	08
080810	08
080811	08
080812	08
080813	08
080814	08
080815	08
080816	08
080817	08
080818	08
080819	08
080820	08
080821	08
080822	08
080823	08
080824	08
080825	08
080826	08
080827	08
080828	08
080829	08
080830	08
080831	08
080832	08
080833	08
080834	08
080835	08
080836	08
080837	08
080838	08
080839	08
080840	08
080841	08
080842	08
080843	08
080844	08
080845	08
080846	08
080847	08
080848	08
080849	08
080850	08
080851	08
080852	08
080853	08
080854	08
080855	08
080856	08
080857	08
080858	08
080859	08
080860	08
080861	08
080862	08
080863	08
080864	08
080865	08
080866	08
080867	08
080868	08
080869	08
080870	08
080871	08
080873	08
080874	08
080875	08
080876	08
080877	08
080878	08
080879	08
080880	08
080881	08
080882	08
080883	08
080884	08
080885	08
080886	08
080887	08
080888	08
080889	08
080890	08
080891	08
080892	08
080893	08
080894	08
080895	08
080896	08
080897	08
080898	08
080899	08
080900	08
080901	08
080902	08
080903	08
080904	08
080905	08
080906	08
080907	08
080908	08
080909	08
080910	08
080911	08
080912	08
080913	08
080914	08
080915	08
080916	08
080917	08
080918	08
080919	08
080920	08
080921	08
080922	08
080923	08
080924	08
080925	08
080926	08
080927	08
080928	08
080929	08
080930	08
080931	08
080932	08
080933	08
080934	08
080935	08
080936	08
080937	08
080938	08
080939	08
080940	08
080941	08
080942	08
080943	08
080944	08
080945	08
080946	08
080947	08
080948	08
080949	08
080950	08
080951	08
080952	08
080953	08
080954	08
080955	08
080956	08
080957	08
080958	08
080959	08
080960	08
080961	08
080962	08
080963	08
080964	08
080965	08
080966	08
080967	08
080968	08
080969	08
080970	08
080971	08
080972	08
080973	08
080974	08
080975	08
080976	08
080977	08
080978	08
080979	08
080980	08
080981	08
080982	08
080983	08
080984	08
080985	08
080986	08
080987	08
080988	08
080989	08
080990	08
080991	08
080992	08
080993	08
080994	08
080995	08
080996	08
080997	08
080998	08
080999	08
081000	08
081001	08
081002	08
081003	08
081004	08
081005	08
081006	08
081007	08
081008	08
081009	08
081010	08
081011	08
081012	08
081013	08
081014	08
081015	08
081016	08
081017	08
081018	08
081019	08
081020	08
081021	08
081022	08
081023	08
081024	08
081025	08
081026	08
081027	08
081028	08
081029	08
081030	08
081031	08
081032	08
081033	08
081034	08
081035	08
081036	08
081037	08
081038	08
081039	08
081040	08
081041	08
081042	08
081043	08
081044	08
081045	08
081046	08
081047	08
081048	08
081049	08
081050	08
081051	08
081052	08
081053	08
081054	08
081055	08
081056	08
081057	08
081058	08
081059	08
081060	08
081061	08
081062	08
081063	08
081064	08
081065	08
081066	08
081067	08
081068	08
081069	08
081070	08
081071	08
081072	08
081073	08
081074	08
081075	08
081076	08
081077	08
081078	08
081079	08
081080	08
081081	08
081082	08
081083	08
081084	08
081085	08
081086	08
081087	08
081088	08
081089	08
081090	08
081091	08
081092	08
081093	08
081094	08
081095	08
081096	08
081097	08
081098	08
081099	08
081100	08
081101	08
081102	08
081103	08
081104	08
081105	08
081106	08
081107	08
081108	08
081109	08
081110	08
081111	08
081112	08
081113	08
081114	08
081115	08
081116	08
081117	08
081118	08
081119	08
081120	08
081121	08
081122	08
081123	08
081124	08
081125	08
081126	08
081127	08
081128	08
081129	08
081130	08
081131	08
081132	08
081133	08
081134	08
081135	08
081136	08
081137	08
081138	08
081139	08
081140	08
081141	08
081142	08
081143	08
081144	08
081145	08
081146	08
081147	08
081148	08
081149	08
081150	08
081151	08
081152	08
081153	08
081154	08
081155	08
081156	08
081157	08
081158	08
081159	08
081160	08
081161	08
081162	08
081163	08
081164	08
081165	08
081166	08
081167	08
081168	08
081169	08
081170	08
081171	08
081172	08
081173	08
081174	08
081175	08
081176	08
081177	08
081178	08
081179	08
081180	08
081181	08
081182	08
081183	08
081184	08
081185	08
081186	08
081187	08
081188	08
081189	08
081190	08
081191	08
081192	08
081193	08
081194	08
081195	08
081196	08
081197	08
081198	08
081199	08
081200	08
081201	08
081202	08
081203	08
081204	08
081205	08
081206	08
081207	08
081208	08
081209	08
081210	08
081211	08
081212	08
081213	08
081214	08
081215	08
081216	08
081217	08
081218	08
081219	08
081220	08
081221	08
081222	08
081223	08
081224	08
081225	08
081226	08
081227	08
081228	08
081229	08
081230	08
081231	08
081232	08
081233	08
081234	08
081235	08
081236	08
081237	08
081238	08
081239	08
081240	08
081241	08
081242	08
081243	08
081244	08
081245	08
081246	08
081247	08
081248	08
081249	08
081250	08
081251	08
081252	08
081253	08
081254	08
081255	08
081256	08
081257	08
081258	08
081259	08
081260	08
081261	08
081262	08
081263	08
081264	08
081265	08
081266	08
081267	08
081268	08
081269	08
081270	08
081271	08
081272	08
081273	08
081274	08
081275	08
081276	08
081277	08
081278	08
081279	08
081280	08
081281	08
081282	08
081283	08
081284	08
081285	08
081286	08
081287	08
081288	08
081289	08
081290	08
081291	08
081292	08
081293	08
081294	08
081295	08
081296	08
081297	08
081298	08
081299	08
081300	08
081301	08
081302	08
081303	08
081304	08
081305	08
081306	08
081307	08
081308	08
081309	08
081310	08
081311	08
081312	08
081313	08
081314	08
081315	08
081316	08
081317	08
081318	08
081319	08
081320	08
081321	08
081322	08
081323	08
081324	08
081325	08
081326	08
081327	08
081328	08
081329	08
081330	08
081331	08
081332	08
081333	08
081334	08
081335	08
081336	08
081337	08
081338	08
081339	08
081340	08
081341	08
081342	08
081343	08
081344	08
081345	08
081346	08
081347	08
081348	08
081349	08
081350	08
081351	08
081352	08
081353	08
081354	08
081355	08
081356	08
081357	08
081358	08
081359	08
081360	08
081361	08
081362	08
081363	08
081364	08
081365	08
081366	08
081367	08
081368	08
081369	08
081370	08
081371	08
081372	08
081373	08
081374	08
081375	08
081376	08
081377	08
081378	08
081379	08
081380	08
081381	08
081382	08
081383	08
081384	08
081385	08
081386	08
081387	08
081388	08
081389	08
081390	08
081391	08
081392	08
081393	08
081394	08
081395	08
081396	08
081397	08
081398	08
081399	08
081400	08
081401	08
081402	08
081403	08
081404	08
081405	08
081406	08
081407	08
081408	08
081409	08
081410	08
081411	08
081412	08
081413	08
081414	08
081415	08
081416	08
081417	08
081418	08
081419	08
081420	08
081421	08
081422	08
081423	08
081424	08
081425	08
081426	08
081427	08
081428	08
081429	08
081430	08
081431	08
081432	08
081433	08
081434	08
081435	08
081436	08
081437	08
081438	08
081439	08
081440	08
081441	08
081442	08
081443	08
081444	08
081445	08
081446	08
081447	08
081448	08
081449	08
081450	08
081451	08
081452	08
081453	08
081454	08
081455	08
081456	08
081457	08
081458	08
081459	08
081460	08
081461	08
081462	08
081463	08
081464	08
081465	08
081466	08
081467	08
081468	08
081469	08
081470	08
081471	08
081472	08
081473	08
081474	08
081475	08
081476	08
081477	08
081478	08
081479	08
081480	08
081481	08
081482	08
081483	08
081484	08
081485	08
081486	08
081487	08
081488	08
081489	08
081490	08
081491	08
081492	08
081493	08
081494	08
081495	08
081496	08
081497	08
081498	08
081499	08
081500	08
081501	08
081502	08
081503	08
081504	08
081505	08
081506	08
081507	08
081508	08
081509	08
081510	08
081511	08
081512	08
081513	08
081514	08
081515	08
081516	08
081517	08
081518	08
081519	08
081520	08
081521	08
081522	08
081523	08
081524	08
081525	08
081526	08
081527	08
090001	09
090002	09
090003	09
090004	09
090005	09
090006	09
090007	09
090008	09
090009	09
090010	09
090011	09
090012	09
090013	09
090014	09
090015	09
090016	09
090017	09
090018	09
090019	09
090020	09
090021	09
090022	09
090023	09
090024	09
090025	09
090026	09
090027	09
090028	09
090029	09
090030	09
090031	09
090032	09
090033	09
090034	09
090035	09
090036	09
090037	09
090038	09
090039	09
090040	09
090041	09
090042	09
090043	09
090044	09
090045	09
090046	09
090047	09
090048	09
090049	09
090050	09
090051	09
090052	09
090053	09
090054	09
090055	09
090056	09
090057	09
090058	09
090059	09
090060	09
090061	09
090062	09
090063	09
090064	09
090065	09
090066	09
090067	09
090068	09
090069	09
090070	09
090071	09
090072	09
090073	09
090074	09
090075	09
090076	09
090077	09
090078	09
090079	09
090080	09
090081	09
090082	09
090083	09
090084	09
090085	09
090086	09
090087	09
090088	09
090089	09
090090	09
090091	09
090092	09
090093	09
090094	09
090095	09
090096	09
090097	09
090098	09
090099	09
090100	09
090101	09
090102	09
090103	09
090104	09
090105	09
090106	09
090107	09
090108	09
090109	09
090110	09
090111	09
090112	09
090113	09
090114	09
090115	09
090116	09
090117	09
090118	09
090119	09
090120	09
090121	09
090122	09
090123	09
090124	09
090125	09
090126	09
090127	09
090128	09
090129	09
090130	09
090131	09
090132	09
090133	09
090134	09
090135	09
090136	09
090137	09
090138	09
090139	09
090140	09
090141	09
090142	09
090143	09
090144	09
090145	09
090146	09
090147	09
090148	09
090149	09
090150	09
090151	09
090152	09
090153	09
090154	09
090155	09
090156	09
090157	09
090158	09
090159	09
090160	09
090161	09
090162	09
090163	09
090164	09
090165	09
090166	09
090167	09
090168	09
090169	09
090170	09
090171	09
090172	09
090173	09
090174	09
090175	09
090176	09
090177	09
090178	09
090179	09
090180	09
090181	09
090182	09
090183	09
090184	09
090185	09
090186	09
090187	09
090188	09
090189	09
090190	09
090191	09
090192	09
090193	09
090194	09
090195	09
090196	09
090197	09
090198	09
090199	09
090200	09
090201	09
090202	09
090203	09
090204	09
090205	09
090206	09
090207	09
090208	09
090209	09
090210	09
090211	09
090212	09
090213	09
090214	09
090215	09
090216	09
090217	09
090218	09
090219	09
090220	09
090221	09
090222	09
090223	09
090224	09
090225	09
090226	09
090227	09
090228	09
090229	09
090230	09
090231	09
090232	09
090233	09
090234	09
090235	09
090236	09
090237	09
090238	09
090239	09
090240	09
090241	09
090242	09
090243	09
090244	09
090245	09
090246	09
090247	09
090248	09
090249	09
090250	09
090251	09
090252	09
090253	09
090254	09
090255	09
090256	09
090257	09
090258	09
090259	09
090260	09
090261	09
090262	09
090263	09
090264	09
090265	09
090266	09
090267	09
090268	09
090269	09
090270	09
090271	09
090272	09
090273	09
090274	09
090275	09
090276	09
090277	09
090278	09
090279	09
090280	09
090281	09
090282	09
090283	09
090284	09
090285	09
090286	09
090287	09
090288	09
090289	09
090290	09
090291	09
090292	09
090293	09
090294	09
090295	09
090296	09
090297	09
090298	09
090299	09
090300	09
090301	09
090302	09
090303	09
090304	09
090305	09
090306	09
090307	09
090308	09
090309	09
090310	09
090311	09
090312	09
090313	09
090314	09
090315	09
090316	09
090317	09
090318	09
090319	09
090320	09
090321	09
090322	09
090323	09
090324	09
090325	09
090326	09
090327	09
090328	09
090329	09
090330	09
090331	09
090332	09
090333	09
090334	09
090335	09
090336	09
090337	09
090338	09
090339	09
090340	09
090341	09
090342	09
090343	09
090344	09
090345	09
090346	09
090347	09
090348	09
090349	09
090350	09
090351	09
090352	09
090353	09
090354	09
090355	09
090356	09
090357	09
090358	09
090359	09
090360	09
090361	09
090362	09
090363	09
090364	09
090365	09
090366	09
090367	09
090368	09
090369	09
090370	09
090371	09
090372	09
090373	09
090374	09
090375	09
090376	09
090377	09
090378	09
090379	09
090380	09
090381	09
090382	09
090383	09
090384	09
090385	09
090386	09
090387	09
090388	09
090389	09
090390	09
090391	09
090392	09
090393	09
090394	09
090395	09
090396	09
090397	09
090398	09
090399	09
090400	09
090401	09
090402	09
090403	09
090404	09
090405	09
090406	09
090407	09
090408	09
090409	09
090410	09
090411	09
090412	09
090413	09
090414	09
090415	09
090416	09
090417	09
090418	09
090419	09
090420	09
090421	09
090422	09
090423	09
090424	09
090425	09
090426	09
090427	09
090428	09
090429	09
090430	09
090431	09
090432	09
090433	09
090434	09
090435	09
090436	09
090437	09
090438	09
090439	09
090440	09
090441	09
090442	09
090443	09
090444	09
090445	09
090446	09
090447	09
090448	09
090449	09
090450	09
090451	09
090452	09
090453	09
090454	09
090455	09
090456	09
090457	09
090458	09
090459	09
090460	09
090461	09
090462	09
090463	09
090464	09
090465	09
090466	09
090467	09
090468	09
090469	09
090470	09
090471	09
090472	09
090473	09
090474	09
090475	09
090476	09
090477	09
090478	09
090479	09
090480	09
090481	09
090482	09
090483	09
090484	09
090485	09
090486	09
090487	09
090488	09
090489	09
090490	09
090491	09
090492	09
090493	09
090494	09
090495	09
090496	09
090497	09
090498	09
090499	09
090500	09
090501	09
090502	09
090503	09
090504	09
090505	09
090506	09
090507	09
090508	09
090509	09
090510	09
090511	09
090512	09
090513	09
090514	09
090515	09
090516	09
090517	09
090518	09
090519	09
090520	09
090521	09
090522	09
090523	09
090524	09
090525	09
090526	09
090527	09
090528	09
090529	09
090530	09
090531	09
090532	09
090533	09
090534	09
090535	09
090536	09
090537	09
090538	09
090539	09
090540	09
090541	09
090542	09
090543	09
090544	09
090545	09
090546	09
090547	09
090548	09
090549	09
090550	09
090551	09
090552	09
090553	09
090554	09
090555	09
090556	09
090557	09
090558	09
090559	09
090560	09
090561	09
090562	09
090563	09
090564	09
090565	09
090566	09
090567	09
090568	09
090569	09
090570	09
090571	09
090572	09
090573	09
090574	09
090575	09
090576	09
090577	09
090578	09
090579	09
090580	09
090581	09
090582	09
090583	09
090584	09
090585	09
090586	09
090587	09
090588	09
090589	09
090590	09
090591	09
090592	09
090593	09
090594	09
090595	09
090596	09
090597	09
090598	09
090599	09
090600	09
090601	09
090602	09
090603	09
090604	09
090605	09
090606	09
090607	09
090608	09
090609	09
090610	09
090611	09
090612	09
090613	09
090614	09
090615	09
090616	09
090617	09
090618	09
090619	09
090620	09
090621	09
090622	09
090623	09
090624	09
090625	09
090626	09
090627	09
090628	09
090629	09
090630	09
090631	09
090632	09
090633	09
090634	09
090635	09
090636	09
090637	09
090638	09
090639	09
090640	09
090641	09
090642	09
090643	09
090644	09
090645	09
090646	09
090647	09
090648	09
090649	09
090650	09
090651	09
090652	09
090653	09
090654	09
090655	09
090656	09
090657	09
090658	09
090659	09
090660	09
090661	09
090662	09
090663	09
090664	09
090665	09
090666	09
090667	09
090668	09
090669	09
090670	09
090671	09
090672	09
090673	09
090674	09
090675	09
090676	09
090677	09
090678	09
090679	09
090680	09
090681	09
090682	09
090683	09
090684	09
090685	09
090686	09
090687	09
090688	09
090689	09
090690	09
090691	09
090692	09
090693	09
090694	09
090695	09
090696	09
090697	09
090698	09
090699	09
090700	09
090701	09
090702	09
090703	09
090704	09
090705	09
090706	09
090707	09
090708	09
090709	09
090710	09
090711	09
090712	09
090713	09
090714	09
090715	09
090716	09
090717	09
090718	09
090719	09
090720	09
090721	09
090722	09
090723	09
090724	09
090725	09
090726	09
090727	09
090728	09
090729	09
090730	09
090731	09
090732	09
090733	09
090734	09
090735	09
090736	09
090737	09
090738	09
090739	09
090740	09
090741	09
090742	09
090743	09
090744	09
090745	09
090746	09
090747	09
090748	09
090749	09
090750	09
090751	09
090752	09
090753	09
090754	09
090755	09
090756	09
090757	09
090758	09
090759	09
090760	09
090761	09
090762	09
090763	09
090764	09
090765	09
090766	09
090767	09
090768	09
090769	09
090770	09
090771	09
090772	09
090773	09
090774	09
090775	09
090776	09
090777	09
090778	09
090779	09
090780	09
090781	09
090782	09
090783	09
090784	09
090785	09
090786	09
090787	09
090788	09
090789	09
090790	09
090791	09
090792	09
090793	09
090794	09
090795	09
090796	09
090797	09
090798	09
090799	09
090800	09
090801	09
090802	09
090803	09
090804	09
090805	09
090806	09
090807	09
090808	09
090809	09
090810	09
090811	09
090812	09
090813	09
090814	09
090815	09
090816	09
090817	09
090819	09
090820	09
090821	09
090822	09
090823	09
090824	09
090825	09
090826	09
090827	09
090828	09
090829	09
090830	09
090831	09
090832	09
090833	09
090834	09
090835	09
090836	09
090837	09
090838	09
090839	09
090840	09
090841	09
090842	09
090843	09
090844	09
090845	09
090846	09
090847	09
090848	09
090849	09
090850	09
090851	09
090852	09
090853	09
090854	09
090855	09
090856	09
090857	09
090858	09
090859	09
090860	09
090861	09
090862	09
090863	09
090864	09
090865	09
090866	09
090867	09
090868	09
090869	09
090870	09
090871	09
090872	09
090873	09
090874	09
090875	09
090876	09
090877	09
090878	09
090879	09
090880	09
090881	09
090882	09
090883	09
090884	09
090885	09
090886	09
090887	09
090888	09
090889	09
090890	09
090891	09
090892	09
090893	09
090894	09
090895	09
090896	09
090897	09
090898	09
090899	09
090900	09
090901	09
090902	09
090903	09
090904	09
090905	09
090906	09
090907	09
090908	09
090909	09
090910	09
090911	09
090912	09
090913	09
090914	09
090915	09
090916	09
090917	09
090918	09
090919	09
090920	09
090921	09
090922	09
090923	09
090924	09
090925	09
090926	09
090927	09
090928	09
090929	09
090930	09
090931	09
090932	09
090933	09
090934	09
090935	09
090936	09
090937	09
090938	09
090939	09
090940	09
090941	09
090942	09
090943	09
090944	09
090945	09
090946	09
090947	09
090948	09
090949	09
090950	09
090951	09
090952	09
090953	09
090954	09
090955	09
090956	09
090957	09
090958	09
090959	09
090960	09
090961	09
090962	09
090963	09
090964	09
090965	09
090966	09
090967	09
090968	09
090969	09
090970	09
090971	09
090972	09
090973	09
090974	09
090975	09
090976	09
090977	09
090978	09
090979	09
090980	09
090981	09
090982	09
090983	09
090984	09
090985	09
090986	09
090987	09
090988	09
090989	09
090990	09
090991	09
090992	09
090993	09
090994	09
090995	09
090996	09
090997	09
090998	09
090999	09
091000	09
091001	09
091002	09
091003	09
091004	09
091005	09
091006	09
091007	09
091008	09
091009	09
091010	09
091011	09
091012	09
091013	09
091014	09
091015	09
091016	09
091017	09
091018	09
091019	09
091020	09
091021	09
091022	09
091023	09
091024	09
091025	09
091026	09
091027	09
091028	09
091029	09
091030	09
091031	09
091032	09
091033	09
091034	09
091035	09
091036	09
091037	09
091038	09
091039	09
091040	09
091041	09
091042	09
091043	09
091044	09
091045	09
091046	09
091047	09
091048	09
091049	09
091050	09
091051	09
091052	09
091053	09
091054	09
091055	09
091056	09
091057	09
091058	09
091059	09
091060	09
091061	09
091062	09
091063	09
091064	09
091065	09
091066	09
091067	09
091068	09
091069	09
091070	09
091071	09
091072	09
091073	09
091074	09
091075	09
091076	09
091077	09
091078	09
091079	09
091080	09
091081	09
091082	09
091083	09
091084	09
091085	09
091086	09
091087	09
091088	09
091089	09
091090	09
091091	09
091092	09
091093	09
091094	09
091095	09
091096	09
091097	09
091098	09
091099	09
091100	09
091101	09
091102	09
091103	09
091104	09
091105	09
091106	09
091107	09
091108	09
091109	09
091110	09
091111	09
091112	09
091113	09
091114	09
091115	09
091116	09
091117	09
091118	09
091119	09
091120	09
091121	09
091122	09
091123	09
091124	09
091125	09
091126	09
091127	09
091128	09
091129	09
091130	09
091131	09
091132	09
091133	09
091134	09
091135	09
091136	09
091137	09
091138	09
091139	09
091140	09
091141	09
091142	09
091143	09
091144	09
091145	09
091146	09
091147	09
091148	09
091149	09
091150	09
091151	09
091152	09
091153	09
091154	09
091155	09
091156	09
091157	09
091158	09
091159	09
091160	09
091161	09
091162	09
091163	09
091164	09
091165	09
091166	09
091167	09
091168	09
091169	09
091170	09
091171	09
091172	09
091173	09
091174	09
091175	09
091176	09
091177	09
091178	09
091179	09
091180	09
091181	09
091182	09
091183	09
091184	09
091185	09
091186	09
091187	09
091188	09
091189	09
091190	09
091191	09
091192	09
091193	09
091194	09
091195	09
091196	09
091197	09
091198	09
091199	09
091200	09
091201	09
091202	09
091203	09
091204	09
091205	09
091206	09
091207	09
091208	09
091209	09
091210	09
091211	09
091212	09
091213	09
091214	09
091215	09
091216	09
091217	09
091218	09
091219	09
091220	09
091221	09
091222	09
091223	09
091224	09
091225	09
091226	09
091227	09
091228	09
091229	09
091230	09
091231	09
091232	09
091233	09
091234	09
091235	09
091236	09
091237	09
091238	09
091239	09
091240	09
091241	09
091242	09
091243	09
091244	09
091245	09
091246	09
091247	09
091248	09
091249	09
091250	09
091251	09
091252	09
091253	09
091254	09
091255	09
091256	09
091257	09
091258	09
091259	09
100001	10
100002	10
100003	10
100004	10
100005	10
100006	10
100007	10
100008	10
100009	10
100010	10
100011	10
100012	10
100013	10
100014	10
100015	10
100016	10
100017	10
100018	10
100019	10
100020	10
100021	10
100022	10
100023	10
100024	10
100025	10
100026	10
100027	10
100028	10
100029	10
100030	10
100031	10
100032	10
100033	10
100034	10
100035	10
100036	10
100037	10
100038	10
100039	10
100040	10
100041	10
100042	10
100043	10
100044	10
100045	10
100046	10
100047	10
100048	10
100049	10
100050	10
100051	10
100052	10
100053	10
100054	10
100055	10
100056	10
100057	10
100058	10
100059	10
100060	10
100061	10
100062	10
100063	10
100064	10
100065	10
100066	10
100067	10
100068	10
100069	10
100070	10
100071	10
100072	10
100073	10
100074	10
100075	10
100076	10
100077	10
100078	10
100079	10
100080	10
100081	10
100082	10
100083	10
100084	10
100085	10
100086	10
100087	10
100088	10
100089	10
100090	10
100091	10
100092	10
100093	10
100094	10
100095	10
100096	10
100097	10
100098	10
100099	10
100100	10
100101	10
100102	10
100103	10
100104	10
100105	10
100106	10
100107	10
100108	10
100109	10
100110	10
100111	10
100112	10
100113	10
100114	10
100115	10
100116	10
100117	10
100118	10
100119	10
100120	10
100121	10
100122	10
100123	10
100124	10
100125	10
100126	10
100127	10
100128	10
100129	10
100130	10
100131	10
100132	10
100133	10
100134	10
100135	10
100136	10
100137	10
100138	10
100139	10
100140	10
100141	10
100142	10
100143	10
100144	10
100145	10
100146	10
100147	10
100148	10
100149	10
100150	10
100151	10
100152	10
100153	10
100154	10
100155	10
100156	10
100157	10
100158	10
100159	10
100160	10
100161	10
100162	10
100163	10
100164	10
100165	10
100166	10
100167	10
100168	10
100169	10
100170	10
100171	10
100172	10
100173	10
100174	10
100175	10
100176	10
100177	10
100178	10
100179	10
100180	10
100181	10
100182	10
100183	10
100184	10
100185	10
100186	10
100187	10
100188	10
100189	10
100190	10
100191	10
100192	10
100193	10
100194	10
100195	10
100196	10
100197	10
100198	10
100199	10
100200	10
100201	10
100202	10
100203	10
100204	10
100205	10
100206	10
100207	10
100208	10
100209	10
100210	10
100211	10
100212	10
100213	10
100214	10
100215	10
100216	10
100217	10
100218	10
100219	10
100220	10
100221	10
100222	10
100223	10
100224	10
100225	10
100226	10
100227	10
100228	10
100229	10
100230	10
100231	10
100232	10
100233	10
100234	10
100235	10
100236	10
100237	10
100238	10
100239	10
100240	10
100241	10
100242	10
100243	10
100244	10
100245	10
100246	10
100247	10
100248	10
100249	10
100250	10
100251	10
100252	10
100253	10
100254	10
100255	10
100256	10
100257	10
100258	10
100259	10
100260	10
100261	10
100262	10
100263	10
100264	10
100265	10
100266	10
100267	10
100268	10
100269	10
100270	10
100271	10
100272	10
100273	10
100274	10
100275	10
100276	10
100277	10
100278	10
100279	10
100280	10
100281	10
100282	10
100283	10
100284	10
100285	10
100286	10
100287	10
100288	10
100289	10
100290	10
100291	10
100292	10
100293	10
100294	10
100295	10
100296	10
100297	10
100298	10
100299	10
100300	10
100301	10
100302	10
100303	10
100304	10
100305	10
100306	10
100307	10
100308	10
100309	10
100310	10
100311	10
100312	10
100313	10
100314	10
100315	10
100316	10
100317	10
100318	10
100319	10
100320	10
100321	10
100322	10
100323	10
100324	10
100325	10
100326	10
100327	10
100328	10
100329	10
100330	10
100331	10
100332	10
100333	10
100334	10
100335	10
100336	10
100337	10
100338	10
100339	10
100340	10
100341	10
100342	10
100343	10
100344	10
100345	10
100346	10
100347	10
100348	10
100349	10
100350	10
100351	10
100352	10
100353	10
100354	10
100355	10
100356	10
100357	10
100358	10
100359	10
100360	10
100361	10
100362	10
100363	10
100364	10
100365	10
100366	10
100367	10
100368	10
100369	10
100370	10
100371	10
100372	10
100373	10
100374	10
100375	10
100376	10
100377	10
100378	10
100379	10
100380	10
100381	10
100382	10
100383	10
100384	10
100385	10
100386	10
100387	10
100388	10
100389	10
100390	10
100391	10
100392	10
100393	10
100394	10
100395	10
100396	10
100397	10
100398	10
100399	10
100400	10
100401	10
100402	10
100403	10
100404	10
100405	10
100406	10
100407	10
100408	10
100409	10
100410	10
100411	10
100412	10
100413	10
100414	10
100415	10
100416	10
100417	10
100418	10
100419	10
100420	10
100421	10
100422	10
100423	10
100424	10
100425	10
100426	10
100427	10
100428	10
100429	10
100430	10
100431	10
100432	10
100433	10
100434	10
100435	10
100436	10
100437	10
100438	10
100439	10
100440	10
100441	10
100442	10
100443	10
100444	10
100445	10
100446	10
100447	10
100448	10
100449	10
100450	10
100451	10
100452	10
100453	10
100454	10
100455	10
100456	10
100457	10
100458	10
100459	10
100460	10
100461	10
100462	10
100463	10
100464	10
100465	10
100466	10
100467	10
100468	10
100469	10
100470	10
100471	10
100472	10
100473	10
100474	10
100475	10
100476	10
100477	10
100478	10
100479	10
100480	10
100481	10
100482	10
100483	10
100484	10
100485	10
100486	10
100487	10
100488	10
100489	10
100490	10
100491	10
100492	10
100493	10
100494	10
100495	10
100496	10
100497	10
100498	10
100499	10
100500	10
100501	10
100502	10
100503	10
100504	10
100505	10
100506	10
100507	10
100508	10
100509	10
100510	10
100511	10
100512	10
100513	10
100514	10
100515	10
100516	10
100517	10
100518	10
100519	10
100520	10
100521	10
100522	10
100523	10
100524	10
100525	10
100526	10
100527	10
100528	10
100529	10
100530	10
100531	10
100532	10
100533	10
100534	10
100535	10
100536	10
100537	10
100538	10
100539	10
100540	10
100541	10
100542	10
100543	10
100544	10
100545	10
100546	10
100547	10
100548	10
100549	10
100550	10
100551	10
100552	10
100553	10
100554	10
100555	10
100556	10
100557	10
100558	10
100559	10
100560	10
100561	10
100562	10
100563	10
100564	10
100565	10
100566	10
100567	10
100568	10
100569	10
100570	10
100571	10
100572	10
100573	10
100574	10
100575	10
100576	10
100577	10
100578	10
100579	10
100580	10
100581	10
100582	10
100583	10
100584	10
100585	10
100586	10
100587	10
100588	10
100589	10
100590	10
100591	10
100592	10
100593	10
100594	10
100595	10
100596	10
100597	10
100598	10
100599	10
100600	10
100601	10
100602	10
100603	10
100604	10
100605	10
100606	10
100607	10
100608	10
100609	10
100610	10
100611	10
100612	10
100613	10
100614	10
100615	10
100616	10
100617	10
100618	10
100619	10
100620	10
100621	10
100622	10
100623	10
100624	10
100625	10
100626	10
100627	10
100628	10
100629	10
100630	10
100631	10
100632	10
100633	10
100634	10
100635	10
100636	10
100637	10
100638	10
100639	10
100640	10
100641	10
100642	10
100643	10
100644	10
100645	10
100646	10
100647	10
100648	10
100649	10
100650	10
100651	10
100652	10
100653	10
100654	10
100655	10
100656	10
100657	10
100658	10
100659	10
100660	10
100661	10
100662	10
100663	10
100664	10
100665	10
100666	10
100667	10
100668	10
100669	10
100670	10
100671	10
100672	10
100673	10
100674	10
100675	10
100676	10
100677	10
100678	10
100679	10
100680	10
100681	10
100682	10
100683	10
100684	10
100685	10
100686	10
100687	10
100688	10
100689	10
100690	10
100691	10
100692	10
100693	10
100694	10
100695	10
100696	10
100697	10
100698	10
100699	10
100700	10
100701	10
100702	10
100703	10
100704	10
100705	10
100706	10
100707	10
100708	10
100709	10
100710	10
100711	10
100712	10
100713	10
100714	10
100715	10
100716	10
100717	10
100718	10
100719	10
100720	10
100721	10
100722	10
100723	10
100724	10
100725	10
100726	10
100727	10
100728	10
100729	10
100730	10
100731	10
100732	10
100733	10
100734	10
100735	10
100736	10
100737	10
100738	10
100739	10
100740	10
100741	10
100742	10
100743	10
100744	10
100745	10
100746	10
100747	10
100748	10
100749	10
100750	10
100751	10
100752	10
100753	10
100754	10
100755	10
100756	10
100757	10
100758	10
100759	10
100760	10
100761	10
100762	10
100763	10
100764	10
100765	10
100766	10
100767	10
100768	10
100769	10
100770	10
100771	10
100772	10
100773	10
100774	10
100775	10
100776	10
100777	10
100778	10
100779	10
100780	10
100781	10
100782	10
100783	10
100784	10
100785	10
100786	10
100787	10
100788	10
100789	10
100790	10
100791	10
100792	10
100793	10
100794	10
100795	10
100796	10
100797	10
100798	10
100799	10
100800	10
100801	10
100802	10
100803	10
100804	10
100805	10
100806	10
100807	10
100808	10
100809	10
100810	10
100811	10
100812	10
100813	10
100814	10
100815	10
100816	10
100818	10
100819	10
100820	10
100821	10
100822	10
100823	10
100824	10
100825	10
100826	10
100827	10
100828	10
100829	10
100830	10
100831	10
100832	10
100833	10
100834	10
100835	10
100836	10
100837	10
100838	10
100839	10
100840	10
100841	10
100842	10
100843	10
100844	10
100845	10
100846	10
100847	10
100848	10
100849	10
100850	10
100851	10
100852	10
100853	10
100854	10
100855	10
100856	10
100857	10
100858	10
100859	10
100860	10
100861	10
100862	10
100863	10
100864	10
100865	10
100866	10
100867	10
100868	10
100869	10
100870	10
100871	10
100872	10
100873	10
100874	10
100875	10
100876	10
100877	10
100878	10
100879	10
100880	10
100881	10
100882	10
100883	10
100884	10
100885	10
100886	10
100887	10
100888	10
100889	10
100890	10
100891	10
100892	10
100893	10
100894	10
100895	10
100896	10
100897	10
100898	10
100899	10
100900	10
100901	10
100902	10
100903	10
100904	10
100905	10
100906	10
100907	10
100908	10
100909	10
100910	10
100911	10
100912	10
100913	10
100914	10
100915	10
100916	10
100917	10
100918	10
100919	10
100920	10
100921	10
100922	10
100923	10
100924	10
100925	10
100926	10
100927	10
100928	10
100929	10
100930	10
100931	10
100932	10
100933	10
100934	10
100935	10
100936	10
100937	10
100938	10
100939	10
100941	10
100942	10
100943	10
100944	10
100945	10
100946	10
100947	10
100948	10
100949	10
100950	10
100951	10
100952	10
100953	10
100954	10
100955	10
100956	10
100957	10
100958	10
100959	10
100960	10
100961	10
100962	10
100963	10
100964	10
100965	10
100966	10
100967	10
100968	10
100969	10
100970	10
100971	10
100972	10
100973	10
100974	10
100975	10
100976	10
100977	10
100978	10
100980	10
100981	10
100982	10
100983	10
100984	10
100985	10
100986	10
100987	10
100988	10
100989	10
100990	10
100992	10
100993	10
100994	10
100995	10
100996	10
100997	10
100998	10
100999	10
101000	10
101002	10
101003	10
101004	10
101005	10
101006	10
101007	10
101008	10
101009	10
101010	10
101011	10
101012	10
101013	10
101014	10
101015	10
101016	10
101017	10
101018	10
101019	10
101020	10
101021	10
101022	10
101023	10
101024	10
101025	10
101026	10
101027	10
101028	10
101029	10
101030	10
101031	10
101032	10
101033	10
101034	10
101035	10
101036	10
101037	10
101038	10
101039	10
101040	10
101041	10
101042	10
101043	10
101044	10
101045	10
101046	10
101047	10
101048	10
101049	10
101050	10
101051	10
101052	10
101053	10
101054	10
101055	10
101056	10
101057	10
101058	10
101059	10
101060	10
101061	10
101062	10
101063	10
101064	10
101065	10
101066	10
101067	10
101068	10
101069	10
101070	10
101071	10
101072	10
101073	10
101074	10
101075	10
101076	10
101077	10
101078	10
101079	10
101080	10
101081	10
101082	10
101083	10
101084	10
101085	10
101086	10
101087	10
101088	10
101089	10
101090	10
101091	10
101092	10
101093	10
101094	10
101095	10
101096	10
101097	10
101098	10
101099	10
101100	10
101101	10
101102	10
101103	10
101104	10
101105	10
101106	10
101107	10
101108	10
101109	10
101110	10
101111	10
101112	10
101113	10
101114	10
101115	10
101116	10
101117	10
101118	10
101119	10
101120	10
101121	10
101122	10
101123	10
101124	10
101125	10
101126	10
101127	10
101128	10
101129	10
101130	10
101131	10
101132	10
101133	10
101134	10
101135	10
101136	10
101137	10
101138	10
101140	10
101141	10
101142	10
101143	10
101144	10
101145	10
101146	10
101147	10
101148	10
101149	10
101150	10
101151	10
101152	10
101153	10
101154	10
101155	10
101156	10
101157	10
101158	10
101159	10
101160	10
101161	10
101162	10
101163	10
101164	10
101165	10
101166	10
101167	10
101168	10
101169	10
101170	10
101171	10
101172	10
101173	10
101174	10
101175	10
101176	10
101177	10
101178	10
101179	10
101180	10
101181	10
101182	10
101183	10
101184	10
101185	10
101186	10
101187	10
101188	10
101189	10
101190	10
101191	10
101192	10
101193	10
101194	10
101195	10
101196	10
101197	10
101198	10
101199	10
101200	10
101201	10
101202	10
101203	10
101204	10
101205	10
101206	10
101207	10
101208	10
101209	10
101210	10
101211	10
101212	10
101213	10
101214	10
101215	10
101216	10
101217	10
101218	10
101219	10
101220	10
101221	10
101222	10
101223	10
101224	10
101225	10
101226	10
101227	10
101228	10
101229	10
101230	10
101231	10
101232	10
101233	10
101234	10
101235	10
101236	10
101237	10
101238	10
101239	10
101240	10
101241	10
101242	10
101243	10
101244	10
101245	10
101246	10
101247	10
101248	10
101249	10
101250	10
101251	10
101252	10
101253	10
101254	10
101255	10
101256	10
101257	10
101258	10
101259	10
101260	10
101261	10
101262	10
101263	10
101264	10
101265	10
101266	10
101267	10
101268	10
101269	10
101270	10
101271	10
101272	10
101273	10
101274	10
101275	10
101276	10
101277	10
101278	10
101279	10
101280	10
101281	10
101282	10
101283	10
101284	10
101285	10
101286	10
101287	10
101288	10
101289	10
101290	10
101291	10
101292	10
101293	10
101294	10
101295	10
101296	10
101297	10
101298	10
101299	10
101300	10
101301	10
101302	10
101303	10
101304	10
101305	10
101306	10
101307	10
101308	10
101309	10
101310	10
101311	10
101312	10
101313	10
101314	10
101315	10
101316	10
101317	10
101318	10
101319	10
110001	11
110002	11
110003	11
110004	11
110005	11
110006	11
110007	11
110008	11
110009	11
110010	11
110011	11
110012	11
110013	11
110014	11
110015	11
110016	11
110017	11
110018	11
110019	11
110020	11
110021	11
110022	11
110023	11
110024	11
110025	11
110026	11
110029	11
110030	11
110031	11
110032	11
110033	11
110034	11
110035	11
110036	11
110037	11
110038	11
110039	11
110040	11
110041	11
110042	11
110043	11
110044	11
110045	11
110046	11
110047	11
110048	11
110049	11
110050	11
110051	11
110052	11
110053	11
110054	11
110055	11
110056	11
110057	11
110058	11
110059	11
110060	11
110061	11
110062	11
110063	11
110064	11
110065	11
110066	11
110067	11
110068	11
110069	11
110070	11
110071	11
110072	11
110073	11
110074	11
110076	11
110077	11
110078	11
110079	11
110080	11
110081	11
110082	11
110083	11
110084	11
110085	11
110086	11
110087	11
110088	11
110089	11
110091	11
110092	11
110093	11
110094	11
110095	11
110096	11
110097	11
110098	11
110099	11
110100	11
110101	11
110102	11
110103	11
110104	11
110105	11
110106	11
110107	11
110108	11
110109	11
110110	11
110111	11
110112	11
110113	11
110114	11
110115	11
110116	11
110117	11
110118	11
110119	11
110120	11
110121	11
110122	11
110123	11
110124	11
110125	11
110126	11
110127	11
110128	11
110129	11
110130	11
110131	11
110132	11
110133	11
110134	11
110135	11
110136	11
110137	11
110138	11
110140	11
110141	11
110142	11
110143	11
110144	11
110145	11
110146	11
110147	11
110148	11
110150	11
110151	11
110152	11
110153	11
110154	11
110155	11
110156	11
110157	11
110158	11
110159	11
110160	11
110161	11
110162	11
110163	11
110164	11
110165	11
110166	11
110167	11
110168	11
110169	11
110170	11
110171	11
110172	11
110173	11
110174	11
110175	11
110176	11
110177	11
110178	11
110179	11
110180	11
110181	11
110182	11
110183	11
110184	11
110185	11
110186	11
110187	11
110188	11
110189	11
110190	11
110191	11
110192	11
110193	11
110194	11
110197	11
110198	11
110199	11
110200	11
110201	11
110202	11
110203	11
110204	11
110205	11
110206	11
110207	11
110208	11
110209	11
110210	11
110211	11
110212	11
110213	11
110214	11
110215	11
110216	11
110217	11
110218	11
110219	11
110221	11
110222	11
110223	11
110224	11
110225	11
110226	11
110227	11
110228	11
110229	11
110230	11
110231	11
110232	11
110233	11
110234	11
110235	11
110236	11
110237	11
110238	11
110239	11
110240	11
110241	11
110242	11
110243	11
110244	11
110245	11
110246	11
110247	11
110248	11
110249	11
110250	11
110251	11
110252	11
110253	11
110254	11
110255	11
110256	11
110257	11
110258	11
110259	11
110260	11
110261	11
110262	11
110263	11
110264	11
110265	11
110266	11
110267	11
110268	11
110269	11
110271	11
110272	11
110273	11
110274	11
110275	11
110276	11
110277	11
110278	11
110279	11
110280	11
110281	11
110282	11
110283	11
110284	11
110285	11
110286	11
110287	11
110289	11
110290	11
110291	11
110292	11
110293	11
110294	11
110295	11
110296	11
110297	11
110298	11
110299	11
110300	11
110301	11
110302	11
110303	11
110304	11
110305	11
110306	11
110307	11
110308	11
110309	11
110310	11
110311	11
110312	11
110313	11
110314	11
110315	11
110316	11
110317	11
110318	11
110319	11
110320	11
110321	11
110322	11
110323	11
110324	11
110325	11
110326	11
110327	11
110328	11
110329	11
110330	11
110331	11
110332	11
110333	11
110334	11
110335	11
110336	11
110337	11
110338	11
110339	11
110340	11
110341	11
110342	11
110344	11
110345	11
110346	11
110347	11
110348	11
110349	11
110350	11
110351	11
110352	11
110353	11
110354	11
110355	11
110356	11
110357	11
110358	11
110359	11
110360	11
110361	11
110362	11
110363	11
110364	11
110365	11
110366	11
110367	11
110368	11
110369	11
110370	11
110371	11
110372	11
110373	11
110374	11
110375	11
110376	11
110378	11
110379	11
110380	11
110381	11
110382	11
110383	11
110384	11
110385	11
110386	11
110387	11
110388	11
110389	11
110391	11
110392	11
110393	11
110394	11
110395	11
110396	11
110397	11
110398	11
110399	11
110400	11
110401	11
110402	11
110403	11
110404	11
110405	11
110406	11
110407	11
110408	11
110409	11
110411	11
110412	11
110413	11
110414	11
110415	11
110416	11
110417	11
110418	11
110419	11
110420	11
110421	11
110422	11
110423	11
110424	11
110425	11
110426	11
110427	11
110428	11
110429	11
110430	11
110431	11
110432	11
110433	11
110434	11
110435	11
110436	11
110437	11
110438	11
110439	11
110440	11
110441	11
110442	11
110443	11
110444	11
110445	11
110446	11
110447	11
110448	11
110449	11
110450	11
110451	11
110452	11
110453	11
110454	11
110455	11
110456	11
110458	11
110459	11
110460	11
110461	11
110462	11
110463	11
110464	11
110465	11
110466	11
110467	11
110468	11
110469	11
110470	11
110471	11
110472	11
110473	11
110474	11
110475	11
110476	11
110477	11
110478	11
110479	11
110481	11
110482	11
110483	11
110484	11
110485	11
130001	13
130002	13
130003	13
130004	13
130005	13
130006	13
130007	13
130008	13
130009	13
130010	13
130011	13
130012	13
130013	13
130014	13
130015	13
130016	13
130017	13
130018	13
130019	13
130020	13
130021	13
130022	13
130023	13
130024	13
130025	13
130026	13
130027	13
130028	13
130029	13
130030	13
130031	13
130032	13
130033	13
130034	13
130035	13
130036	13
130037	13
130038	13
130039	13
130040	13
130041	13
130042	13
130043	13
130044	13
130045	13
130046	13
130047	13
130048	13
130049	13
130050	13
130051	13
130052	13
130053	13
130054	13
130055	13
130056	13
130057	13
130058	13
130059	13
130060	13
130061	13
130062	13
130063	13
130064	13
130065	13
130066	13
130067	13
130068	13
130069	13
130070	13
130071	13
130072	13
130073	13
130074	13
130075	13
130076	13
130077	13
130078	13
130079	13
130080	13
130081	13
130082	13
130083	13
130084	13
130085	13
130086	13
130087	13
130088	13
130089	13
130090	13
130091	13
130092	13
130093	13
130094	13
130095	13
130096	13
130097	13
130098	13
130099	13
130100	13
130101	13
130102	13
130103	13
130104	13
130105	13
130106	13
130107	13
130108	13
130109	13
130110	13
130111	13
130112	13
130113	13
130114	13
130115	13
130116	13
130117	13
130118	13
130119	13
130120	13
130121	13
130122	13
130123	13
130124	13
130125	13
130126	13
130127	13
130128	13
130129	13
130130	13
130131	13
130132	13
130133	13
130134	13
130135	13
130136	13
130137	13
130138	13
130139	13
130140	13
130141	13
130142	13
130143	13
130144	13
130145	13
130146	13
130147	13
130148	13
130149	13
130150	13
130151	13
130152	13
130153	13
130154	13
130155	13
130156	13
130157	13
130158	13
130159	13
130160	13
130161	13
130162	13
130163	13
130164	13
130165	13
130166	13
130167	13
130168	13
130169	13
130170	13
130171	13
130172	13
130173	13
130174	13
130175	13
130176	13
130177	13
130178	13
130179	13
130180	13
130181	13
130182	13
130183	13
130184	13
130185	13
130186	13
130187	13
130188	13
130189	13
130190	13
130191	13
130192	13
130193	13
130194	13
130195	13
130196	13
130197	13
130198	13
130199	13
130200	13
130201	13
130202	13
130203	13
130204	13
130205	13
130206	13
130207	13
130208	13
130209	13
130210	13
130211	13
130212	13
130213	13
130214	13
130215	13
130216	13
130217	13
130218	13
130219	13
130220	13
130221	13
130222	13
130223	13
130224	13
130225	13
130226	13
130227	13
130228	13
130229	13
130230	13
130231	13
130232	13
130233	13
130234	13
130235	13
130236	13
130237	13
130238	13
130239	13
130240	13
130241	13
130242	13
130243	13
130244	13
130245	13
130246	13
130247	13
130248	13
130249	13
130250	13
130251	13
130252	13
130253	13
130254	13
130255	13
130256	13
130257	13
130258	13
130259	13
130260	13
130261	13
130262	13
130263	13
130264	13
130265	13
130266	13
130267	13
130268	13
130269	13
130270	13
130271	13
130272	13
130273	13
130274	13
130275	13
130276	13
130277	13
130278	13
130279	13
130280	13
130281	13
130282	13
130283	13
130284	13
130285	13
130286	13
130287	13
130288	13
130289	13
130290	13
130291	13
130292	13
130293	13
130294	13
130295	13
130296	13
130297	13
130298	13
130299	13
130300	13
130301	13
130302	13
130303	13
130304	13
130305	13
130306	13
130307	13
130308	13
130309	13
130310	13
130311	13
130312	13
130313	13
130314	13
130315	13
130316	13
130317	13
130318	13
130319	13
130320	13
130321	13
130322	13
130323	13
130324	13
130325	13
130326	13
130327	13
130328	13
130329	13
130330	13
130331	13
130332	13
130333	13
130334	13
130335	13
130336	13
130337	13
130338	13
130339	13
130340	13
130341	13
130342	13
130343	13
130344	13
130345	13
130346	13
130347	13
130348	13
130349	13
130350	13
130351	13
130352	13
130353	13
130354	13
130355	13
130356	13
130357	13
130358	13
130359	13
130360	13
130361	13
130362	13
130363	13
130364	13
130365	13
130366	13
130367	13
130368	13
130369	13
130370	13
130371	13
130372	13
130373	13
130374	13
130375	13
130376	13
130377	13
130378	13
130379	13
130380	13
130381	13
130382	13
130383	13
130384	13
130385	13
130386	13
130387	13
130388	13
130389	13
130390	13
130391	13
130392	13
130393	13
130394	13
130395	13
130396	13
130397	13
130398	13
130399	13
130400	13
130401	13
130402	13
130403	13
130404	13
130405	13
130406	13
130407	13
130408	13
130409	13
130410	13
130411	13
130412	13
130413	13
130414	13
130415	13
130416	13
130417	13
130418	13
130419	13
130420	13
130421	13
130422	13
130423	13
130424	13
130425	13
130426	13
130427	13
130428	13
130429	13
130430	13
130431	13
130432	13
130433	13
130434	13
130435	13
130436	13
130437	13
130438	13
130439	13
130440	13
130441	13
130442	13
130443	13
130444	13
130445	13
130446	13
130447	13
130448	13
130449	13
130450	13
130451	13
130452	13
130453	13
130454	13
130455	13
130456	13
130457	13
130458	13
130459	13
130460	13
130461	13
130462	13
130463	13
130464	13
130465	13
130466	13
130467	13
130468	13
130469	13
130470	13
130471	13
130472	13
130473	13
130474	13
130475	13
130476	13
130477	13
130478	13
130479	13
130480	13
130481	13
130482	13
130483	13
130484	13
130485	13
130486	13
130487	13
130488	13
130489	13
130490	13
130491	13
130492	13
130493	13
130494	13
130495	13
130496	13
130497	13
130498	13
130499	13
130500	13
140001	14
140002	14
140003	14
140004	14
140005	14
140006	14
140007	14
140008	14
140009	14
140010	14
140011	14
140012	14
140013	14
140014	14
140015	14
140016	14
140017	14
140018	14
140019	14
140020	14
140021	14
140022	14
140023	14
140024	14
140025	14
140026	14
140027	14
140028	14
140029	14
140030	14
140031	14
140032	14
140033	14
140034	14
140035	14
140036	14
140037	14
140038	14
140039	14
140040	14
140041	14
140042	14
140043	14
140044	14
140045	14
140046	14
140047	14
140048	14
140049	14
140050	14
140051	14
140052	14
140053	14
140054	14
140055	14
140056	14
140057	14
140058	14
140059	14
140060	14
140061	14
140062	14
140063	14
140064	14
140065	14
140066	14
140067	14
140068	14
140069	14
140070	14
140071	14
140072	14
140073	14
140074	14
140075	14
140076	14
140077	14
140078	14
140079	14
140080	14
140081	14
140082	14
140083	14
140084	14
140085	14
140086	14
140087	14
140088	14
140089	14
140090	14
140091	14
140092	14
140093	14
140094	14
140095	14
140096	14
140097	14
140098	14
140099	14
140100	14
140101	14
140102	14
140103	14
140104	14
140105	14
140106	14
140107	14
140108	14
140109	14
140110	14
140111	14
140112	14
140113	14
140114	14
140115	14
140116	14
140117	14
140118	14
140119	14
140120	14
140121	14
140122	14
140123	14
140124	14
140125	14
140126	14
140127	14
140128	14
140129	14
140130	14
140131	14
140132	14
140133	14
140134	14
140135	14
140136	14
140137	14
140138	14
140139	14
140140	14
140141	14
140142	14
140143	14
140144	14
140145	14
140146	14
140147	14
140148	14
140149	14
140150	14
140151	14
140152	14
140153	14
140154	14
140155	14
140156	14
140157	14
140158	14
140159	14
140160	14
140161	14
140162	14
140163	14
140164	14
140165	14
140166	14
140167	14
140168	14
140169	14
140170	14
140171	14
140172	14
140173	14
140174	14
140175	14
140176	14
140177	14
140178	14
140179	14
140180	14
140181	14
140182	14
140183	14
140184	14
140185	14
140186	14
140187	14
140188	14
140189	14
140190	14
140191	14
140192	14
140193	14
140194	14
140195	14
140196	14
140197	14
140198	14
140199	14
140200	14
140201	14
140202	14
140203	14
140204	14
140205	14
140206	14
140207	14
140208	14
140209	14
140210	14
140211	14
140212	14
140213	14
140214	14
140215	14
140216	14
140217	14
140218	14
140219	14
140220	14
140221	14
140222	14
140223	14
140224	14
140225	14
140226	14
140227	14
140228	14
140229	14
140230	14
140231	14
140232	14
140233	14
140234	14
140235	14
140236	14
140237	14
140238	14
140239	14
140240	14
140241	14
140242	14
140243	14
140244	14
140245	14
140246	14
140247	14
140248	14
140249	14
140250	14
140251	14
140252	14
140253	14
140254	14
140255	14
140256	14
140257	14
140258	14
140259	14
140260	14
140261	14
140262	14
140263	14
140264	14
140265	14
140266	14
140267	14
140268	14
140269	14
140270	14
140271	14
140272	14
140273	14
140274	14
140275	14
140276	14
140277	14
140278	14
140279	14
140280	14
140281	14
140282	14
140283	14
140284	14
140285	14
140286	14
140287	14
140288	14
140289	14
140290	14
140291	14
140292	14
140293	14
140294	14
140295	14
140296	14
140297	14
140298	14
140299	14
140300	14
140301	14
140302	14
140303	14
140304	14
140305	14
140306	14
140307	14
140308	14
140309	14
140310	14
140311	14
140312	14
140313	14
140314	14
140315	14
140316	14
140317	14
140318	14
140319	14
140320	14
140321	14
140322	14
140323	14
140324	14
140325	14
140326	14
140327	14
140328	14
140329	14
140330	14
140331	14
140332	14
140333	14
140334	14
140335	14
140336	14
140337	14
140338	14
140339	14
140340	14
140341	14
140342	14
140343	14
140344	14
140345	14
140346	14
140347	14
140348	14
140349	14
140350	14
140351	14
140352	14
140353	14
140354	14
140355	14
140356	14
140357	14
140358	14
140359	14
140360	14
140361	14
140362	14
140363	14
140364	14
140365	14
140366	14
140367	14
140368	14
140369	14
140370	14
140371	14
140372	14
140373	14
140374	14
140375	14
140376	14
140377	14
140378	14
140379	14
140380	14
140381	14
140382	14
140383	14
140384	14
140385	14
140386	14
140387	14
140388	14
140389	14
140390	14
140391	14
140392	14
140393	14
140394	14
140395	14
140396	14
140397	14
140398	14
140399	14
140400	14
140401	14
140402	14
140403	14
140404	14
140405	14
140406	14
140407	14
140408	14
140409	14
140410	14
140411	14
140412	14
140413	14
140414	14
140415	14
140416	14
140417	14
140418	14
140419	14
140420	14
140421	14
140422	14
140423	14
140424	14
140425	14
140426	14
140427	14
140428	14
140429	14
140430	14
140431	14
140432	14
140433	14
140434	14
140435	14
140436	14
140437	14
140438	14
140439	14
140440	14
140441	14
140442	14
140443	14
140444	14
140445	14
140446	14
140447	14
140448	14
140449	14
140450	14
140451	14
140452	14
140453	14
140454	14
140455	14
140456	14
140457	14
140458	14
140459	14
140460	14
140461	14
140462	14
140463	14
140464	14
140465	14
140466	14
140467	14
140468	14
140469	14
140470	14
140471	14
140472	14
140473	14
140474	14
140475	14
140476	14
140477	14
140478	14
140479	14
140480	14
140481	14
140482	14
140483	14
140484	14
140485	14
140486	14
140487	14
140488	14
140489	14
140490	14
140491	14
140492	14
140493	14
140494	14
140495	14
140496	14
140497	14
140498	14
140499	14
140500	14
140501	14
140502	14
140503	14
140504	14
140505	14
140506	14
140507	14
140508	14
140509	14
140510	14
140511	14
140512	14
140513	14
140514	14
140515	14
140516	14
140517	14
140518	14
140519	14
140520	14
140521	14
140522	14
140523	14
140524	14
140525	14
140526	14
140527	14
140528	14
140529	14
140530	14
140531	14
140532	14
140533	14
140534	14
140535	14
140536	14
140537	14
140538	14
140539	14
140540	14
140541	14
140542	14
140543	14
140544	14
140545	14
140546	14
140547	14
140548	14
140549	14
140550	14
140551	14
140552	14
140553	14
140554	14
140555	14
140556	14
140557	14
140558	14
150001	15
150002	15
150003	15
150004	15
150005	15
150006	15
150007	15
150008	15
150009	15
150010	15
150011	15
150012	15
150013	15
150014	15
150015	15
150016	15
150017	15
150018	15
150019	15
150020	15
150021	15
150022	15
150023	15
150024	15
150025	15
150026	15
150027	15
150028	15
150029	15
150030	15
150031	15
150032	15
150033	15
150034	15
150035	15
150036	15
150037	15
150038	15
150039	15
150040	15
150041	15
150042	15
150043	15
150044	15
150045	15
150046	15
150047	15
150048	15
150049	15
150050	15
150051	15
150052	15
150053	15
150054	15
150055	15
150056	15
150057	15
150058	15
150059	15
150060	15
150061	15
150062	15
150063	15
150064	15
150065	15
150066	15
150067	15
150068	15
150069	15
150070	15
150071	15
150072	15
150073	15
150074	15
150075	15
150076	15
150077	15
150078	15
150079	15
150080	15
150081	15
150082	15
150083	15
150084	15
150085	15
150086	15
150087	15
150088	15
150089	15
150090	15
150091	15
150092	15
150093	15
150094	15
150095	15
150096	15
150097	15
150098	15
150099	15
150100	15
150101	15
150102	15
150103	15
150104	15
150105	15
150106	15
150107	15
150108	15
150109	15
150110	15
150111	15
150112	15
150113	15
150114	15
150115	15
150116	15
150117	15
150118	15
150119	15
150120	15
150121	15
150122	15
150123	15
150124	15
150125	15
150126	15
150127	15
150128	15
150129	15
150130	15
150131	15
150132	15
150133	15
150134	15
150135	15
150136	15
150137	15
150138	15
150139	15
150140	15
150141	15
150142	15
150143	15
150144	15
150145	15
150146	15
150147	15
150148	15
150149	15
150150	15
150151	15
150152	15
150153	15
150154	15
150155	15
150156	15
150157	15
150158	15
150159	15
150160	15
150161	15
150162	15
150163	15
150164	15
150165	15
150166	15
150167	15
150168	15
150169	15
150170	15
150171	15
150172	15
150173	15
150174	15
150175	15
150176	15
150177	15
150178	15
150179	15
150180	15
150181	15
150182	15
150183	15
150184	15
150185	15
150186	15
150187	15
150188	15
150189	15
150190	15
150191	15
150192	15
150193	15
150194	15
150195	15
150196	15
150197	15
150198	15
150199	15
150200	15
150201	15
150202	15
150203	15
150204	15
150205	15
150206	15
150207	15
150208	15
150209	15
150210	15
150211	15
150212	15
150213	15
150214	15
150215	15
150216	15
150217	15
150218	15
150219	15
150220	15
150221	15
150222	15
150223	15
150224	15
150225	15
150226	15
150227	15
150228	15
150229	15
150230	15
150231	15
150232	15
150233	15
150234	15
150235	15
150236	15
150237	15
150238	15
150239	15
150240	15
150241	15
150242	15
150243	15
150244	15
150245	15
150246	15
150247	15
150248	15
150249	15
150250	15
150251	15
150252	15
150253	15
150254	15
150255	15
150256	15
150257	15
150258	15
150259	15
150260	15
150261	15
150262	15
150263	15
150264	15
150265	15
150266	15
150267	15
150268	15
150269	15
150270	15
150271	15
150272	15
150273	15
150274	15
150275	15
150276	15
150277	15
150278	15
150279	15
150280	15
150281	15
150282	15
150283	15
150284	15
150285	15
150286	15
150287	15
150288	15
150289	15
150290	15
150291	15
150292	15
150293	15
150294	15
150295	15
150296	15
150297	15
150298	15
150299	15
150300	15
150301	15
150302	15
150303	15
150304	15
150305	15
150306	15
150307	15
150308	15
150309	15
150310	15
150311	15
150312	15
150313	15
150314	15
150315	15
150316	15
150317	15
150318	15
150319	15
150320	15
150321	15
150322	15
150323	15
150324	15
150325	15
150326	15
150327	15
150328	15
150329	15
150330	15
150331	15
150332	15
150333	15
150334	15
150335	15
150336	15
150337	15
150338	15
150339	15
150340	15
150341	15
150342	15
150343	15
150344	15
150345	15
150346	15
150347	15
150348	15
150349	15
150350	15
150351	15
150352	15
150353	15
150354	15
150355	15
150356	15
150357	15
150358	15
150359	15
150360	15
150361	15
150362	15
150363	15
150364	15
150365	15
150366	15
150367	15
150368	15
150369	15
150370	15
150371	15
150372	15
150373	15
150374	15
150375	15
150376	15
150377	15
150378	15
150379	15
150380	15
150381	15
150382	15
150383	15
150384	15
150385	15
150386	15
150387	15
150388	15
150389	15
150390	15
150391	15
150392	15
150393	15
150394	15
150395	15
150396	15
150397	15
150398	15
150399	15
150400	15
150401	15
150402	15
150403	15
150404	15
150405	15
150406	15
150407	15
150408	15
150409	15
150410	15
150411	15
150412	15
150413	15
150414	15
150415	15
150416	15
150417	15
150418	15
150419	15
150420	15
150421	15
150422	15
150423	15
150424	15
150425	15
150426	15
150427	15
150428	15
150429	15
150430	15
150431	15
150432	15
150433	15
150434	15
150435	15
150436	15
150437	15
150438	15
150439	15
150440	15
150441	15
150442	15
150443	15
150444	15
150445	15
150446	15
150447	15
150448	15
150449	15
150450	15
150451	15
150452	15
150453	15
150454	15
150455	15
150456	15
150457	15
150458	15
150459	15
150460	15
150461	15
150462	15
150463	15
150464	15
150465	15
150466	15
150467	15
150468	15
150469	15
150470	15
150471	15
150472	15
150473	15
150474	15
150475	15
150476	15
150477	15
150478	15
150479	15
150480	15
150481	15
150482	15
150483	15
150484	15
150485	15
150486	15
150487	15
150488	15
150489	15
150490	15
150491	15
150492	15
150493	15
150494	15
150495	15
150496	15
150497	15
150498	15
150499	15
150500	15
150501	15
150502	15
150503	15
150504	15
150505	15
150506	15
150507	15
150508	15
150509	15
150510	15
150511	15
150512	15
150513	15
150514	15
150515	15
150516	15
150517	15
150518	15
150519	15
150520	15
150521	15
150522	15
150523	15
150524	15
150525	15
150526	15
150527	15
150528	15
150529	15
150530	15
150531	15
150532	15
150533	15
150534	15
150535	15
150536	15
150537	15
150538	15
150539	15
150540	15
150541	15
150542	15
150543	15
150544	15
150545	15
150546	15
150547	15
150548	15
150549	15
150550	15
150551	15
150552	15
150553	15
150554	15
150555	15
150556	15
150557	15
150558	15
150559	15
150560	15
150561	15
150562	15
150563	15
150564	15
150565	15
150566	15
150567	15
150568	15
150569	15
150570	15
150571	15
150572	15
150573	15
150574	15
150575	15
150576	15
150577	15
150578	15
150579	15
150580	15
150581	15
150582	15
150583	15
150584	15
150585	15
150586	15
150587	15
150588	15
150589	15
150590	15
150591	15
150592	15
150593	15
150594	15
150595	15
150596	15
150597	15
150598	15
150599	15
150600	15
150601	15
150602	15
150603	15
160001	16
160002	16
160003	16
160004	16
160005	16
160006	16
160007	16
160008	16
160009	16
160010	16
160011	16
160013	16
160014	16
160015	16
160016	16
160017	16
160018	16
160019	16
160020	16
160021	16
160022	16
160023	16
160024	16
160025	16
160026	16
160027	16
160028	16
160029	16
160030	16
160031	16
160032	16
160033	16
160034	16
160035	16
160036	16
160037	16
160038	16
160039	16
160040	16
160041	16
160042	16
160043	16
160044	16
160045	16
160046	16
160047	16
160048	16
160049	16
160050	16
160051	16
160052	16
160053	16
160054	16
160055	16
160056	16
160057	16
160058	16
160059	16
160060	16
160061	16
160062	16
160063	16
160064	16
160065	16
160066	16
160067	16
160069	16
160070	16
160071	16
160072	16
160073	16
160074	16
160075	16
160076	16
160077	16
160078	16
160079	16
160080	16
160081	16
160082	16
160083	16
160084	16
160085	16
160086	16
160087	16
160088	16
160089	16
160090	16
160091	16
160092	16
160093	16
160095	16
160096	16
160097	16
160098	16
160099	16
160100	16
160101	16
160102	16
160103	16
160104	16
160105	16
160106	16
160107	16
160108	16
160109	16
160110	16
160111	16
160112	16
160113	16
160114	16
160115	16
160116	16
160117	16
160118	16
160119	16
160120	16
160121	16
160122	16
160123	16
160124	16
160125	16
160126	16
160127	16
160128	16
160129	16
160130	16
160131	16
160132	16
160133	16
160134	16
160135	16
160136	16
160137	16
160138	16
160139	16
160140	16
160141	16
160142	16
160143	16
160144	16
160145	16
160146	16
160147	16
160148	16
160149	16
160150	16
160151	16
160152	16
160153	16
160154	16
160155	16
160156	16
160157	16
160158	16
160159	16
160160	16
160161	16
160162	16
160163	16
160164	16
160165	16
160166	16
160167	16
160168	16
160169	16
160170	16
160171	16
160172	16
160173	16
160174	16
160175	16
160176	16
160177	16
160178	16
160179	16
160180	16
160181	16
160182	16
160183	16
160184	16
160185	16
160186	16
160187	16
160188	16
160189	16
160190	16
160191	16
160192	16
160193	16
160194	16
160195	16
160196	16
160197	16
160198	16
160199	16
160200	16
160201	16
160202	16
160203	16
160204	16
160205	16
160206	16
160207	16
160208	16
160209	16
160210	16
160211	16
160212	16
160213	16
160214	16
160215	16
160216	16
160217	16
160218	16
160219	16
160220	16
160221	16
160222	16
160223	16
160224	16
160225	16
160226	16
160227	16
160228	16
160229	16
160230	16
160231	16
160232	16
160233	16
160234	16
160235	16
160236	16
160237	16
160238	16
160239	16
160240	16
160241	16
160242	16
160243	16
160244	16
160245	16
160246	16
160247	16
160248	16
160249	16
160250	16
160251	16
160252	16
160253	16
160254	16
160255	16
160256	16
160257	16
160258	16
160259	16
160260	16
160261	16
160262	16
160263	16
160264	16
160265	16
160266	16
160267	16
160268	16
160269	16
160270	16
160271	16
160272	16
160273	16
160274	16
160275	16
160276	16
160277	16
160278	16
160279	16
160280	16
160281	16
160282	16
160283	16
160284	16
160285	16
160286	16
160287	16
160288	16
160289	16
160290	16
160291	16
160292	16
160293	16
160294	16
160295	16
160296	16
160297	16
160298	16
160299	16
160300	16
160301	16
160302	16
160303	16
160304	16
160305	16
160306	16
160307	16
160308	16
160309	16
160310	16
160311	16
160312	16
160313	16
160314	16
160315	16
160316	16
160317	16
160318	16
160319	16
160320	16
160321	16
160322	16
160323	16
160324	16
160325	16
160326	16
160327	16
160328	16
160329	16
160330	16
160331	16
160332	16
160333	16
160334	16
160335	16
160336	16
160337	16
160338	16
160339	16
160340	16
160341	16
160342	16
160343	16
160344	16
160345	16
160346	16
160347	16
160348	16
160349	16
160350	16
160351	16
160352	16
160353	16
160354	16
160355	16
160356	16
160357	16
160358	16
160359	16
160360	16
160361	16
160362	16
160363	16
160364	16
160365	16
160366	16
160367	16
160368	16
160369	16
160370	16
160371	16
160372	16
160373	16
160375	16
160376	16
160377	16
160378	16
160379	16
160380	16
160381	16
160382	16
160383	16
160384	16
160385	16
160386	16
160387	16
160388	16
160389	16
160390	16
160391	16
160392	16
160393	16
160394	16
160395	16
160396	16
160397	16
160398	16
160399	16
160400	16
160401	16
160402	16
160403	16
160404	16
160405	16
160407	16
160408	16
160409	16
160410	16
160412	16
160413	16
160414	16
160415	16
160416	16
160417	16
160418	16
160419	16
160420	16
160421	16
160422	16
160423	16
160424	16
160425	16
160426	16
160427	16
160428	16
160429	16
160430	16
160431	16
160432	16
160433	16
160434	16
160435	16
160436	16
160437	16
160438	16
160439	16
160440	16
160441	16
160442	16
160443	16
160444	16
160445	16
160446	16
160447	16
160448	16
160449	16
160450	16
160451	16
160452	16
160453	16
160454	16
160455	16
160456	16
160457	16
160458	16
160459	16
160460	16
160461	16
160462	16
160463	16
160464	16
160465	16
160466	16
160467	16
160468	16
160469	16
160470	16
160471	16
160472	16
160473	16
160474	16
160475	16
160476	16
160477	16
160478	16
160479	16
160480	16
160481	16
160482	16
160483	16
160484	16
160485	16
160486	16
160487	16
160488	16
160489	16
160490	16
160491	16
160492	16
160493	16
160494	16
160495	16
160496	16
160497	16
160498	16
160499	16
160500	16
160501	16
160502	16
160503	16
160504	16
160505	16
160506	16
160507	16
160508	16
160509	16
160510	16
160511	16
160512	16
160513	16
160514	16
160515	16
160516	16
160517	16
160518	16
160519	16
160520	16
160521	16
160522	16
160523	16
160524	16
160525	16
160526	16
160527	16
160528	16
160529	16
160530	16
160531	16
160532	16
160533	16
160534	16
160535	16
160536	16
160537	16
160538	16
160539	16
160540	16
160541	16
160542	16
160543	16
160544	16
160545	16
160546	16
160547	16
160548	16
160549	16
160550	16
160551	16
160552	16
160553	16
160554	16
160555	16
160556	16
160557	16
160558	16
160559	16
160560	16
160561	16
160562	16
160563	16
160564	16
160565	16
160566	16
160567	16
160568	16
160569	16
160570	16
160571	16
160572	16
160573	16
170001	17
170002	17
170003	17
170004	17
170005	17
170006	17
170007	17
170008	17
170009	17
170010	17
170011	17
170012	17
170013	17
170014	17
170015	17
170016	17
170017	17
170018	17
170019	17
170020	17
170021	17
170022	17
170023	17
170024	17
170025	17
170026	17
170027	17
170028	17
170029	17
170030	17
170031	17
170032	17
170033	17
170034	17
170035	17
170036	17
170037	17
170038	17
170039	17
170040	17
170041	17
170042	17
170043	17
170044	17
170045	17
170046	17
170047	17
170048	17
170049	17
170050	17
170051	17
170052	17
170053	17
170054	17
170055	17
170056	17
170057	17
170058	17
170059	17
170060	17
170061	17
170062	17
170063	17
170064	17
170065	17
170066	17
170067	17
170068	17
170069	17
170070	17
170071	17
170072	17
170073	17
170074	17
170075	17
170076	17
170077	17
170078	17
170079	17
170080	17
170081	17
170082	17
170083	17
170084	17
170085	17
170086	17
170087	17
170088	17
170089	17
170090	17
170091	17
170092	17
170093	17
170094	17
170095	17
170096	17
170097	17
170098	17
170099	17
170100	17
170101	17
170102	17
170103	17
170104	17
170105	17
170106	17
170107	17
170108	17
170109	17
170110	17
170111	17
170112	17
170113	17
170114	17
170115	17
170116	17
170117	17
170118	17
170119	17
170120	17
170121	17
170122	17
170123	17
170124	17
170125	17
170126	17
170127	17
170128	17
170129	17
170130	17
170131	17
170132	17
170133	17
170134	17
170135	17
170136	17
170137	17
170138	17
170139	17
170140	17
170141	17
170142	17
170143	17
170144	17
170145	17
170146	17
170147	17
170148	17
170149	17
170150	17
170151	17
170152	17
170153	17
170154	17
170155	17
170156	17
170157	17
170158	17
170159	17
170160	17
170161	17
170162	17
170163	17
170164	17
170165	17
170166	17
170167	17
170168	17
170169	17
170170	17
170171	17
170172	17
170173	17
170174	17
170175	17
170176	17
170177	17
170178	17
170179	17
170180	17
170181	17
170182	17
170183	17
170184	17
170185	17
170186	17
170187	17
170188	17
170189	17
170190	17
170191	17
170192	17
170193	17
170194	17
170195	17
170196	17
170197	17
170198	17
170199	17
170200	17
170201	17
170202	17
170203	17
170204	17
170205	17
170206	17
170207	17
170208	17
170209	17
170210	17
170211	17
170212	17
170213	17
170214	17
170215	17
170216	17
170217	17
170218	17
170219	17
170220	17
170221	17
170222	17
170223	17
170224	17
170225	17
170226	17
170227	17
170228	17
170229	17
170230	17
170231	17
170232	17
170233	17
170234	17
170235	17
170236	17
170237	17
170238	17
170239	17
170240	17
170241	17
170242	17
170243	17
170244	17
170245	17
170246	17
170247	17
170248	17
170249	17
170250	17
170251	17
170252	17
170253	17
170254	17
170255	17
170256	17
170257	17
170258	17
170259	17
170260	17
170261	17
170262	17
170263	17
170264	17
170265	17
170266	17
170267	17
170268	17
170269	17
170270	17
170271	17
170272	17
170273	17
170274	17
170275	17
170276	17
170277	17
170278	17
170279	17
170280	17
170281	17
170282	17
170283	17
170284	17
170285	17
170286	17
170287	17
170288	17
170289	17
170290	17
170291	17
170292	17
170293	17
170294	17
170295	17
170296	17
170297	17
170298	17
170299	17
170300	17
170301	17
170302	17
170303	17
170304	17
170305	17
170306	17
170307	17
170308	17
170309	17
170310	17
170311	17
170312	17
170313	17
170314	17
170315	17
170316	17
170317	17
170318	17
170319	17
170320	17
170321	17
170322	17
170323	17
170324	17
170325	17
170326	17
170327	17
170328	17
170329	17
170330	17
170331	17
170332	17
170333	17
170334	17
170335	17
170336	17
170337	17
170338	17
170339	17
170340	17
170341	17
170342	17
170343	17
170344	17
170345	17
170346	17
170347	17
170348	17
170349	17
170350	17
170351	17
170352	17
170353	17
170354	17
170355	17
170356	17
170357	17
170358	17
170359	17
170360	17
170361	17
170362	17
170363	17
170364	17
170365	17
170366	17
170367	17
170368	17
170369	17
170370	17
170371	17
170372	17
170373	17
170374	17
170375	17
170376	17
170377	17
170378	17
170379	17
170380	17
170381	17
170382	17
170383	17
170384	17
170385	17
170386	17
170387	17
170388	17
170389	17
170390	17
170391	17
170392	17
170393	17
170394	17
170395	17
170396	17
170397	17
170398	17
170399	17
170400	17
170401	17
170402	17
170403	17
170404	17
170405	17
170406	17
170407	17
170408	17
170409	17
170410	17
170411	17
170412	17
170413	17
170414	17
170415	17
170416	17
170417	17
170418	17
170419	17
170420	17
170421	17
170422	17
170423	17
170424	17
170425	17
170426	17
170427	17
170428	17
170429	17
170430	17
170431	17
170432	17
170433	17
170434	17
170435	17
170436	17
170437	17
170438	17
170439	17
170440	17
170441	17
170442	17
170443	17
170444	17
170445	17
170446	17
170447	17
170448	17
170449	17
170450	17
170451	17
170452	17
170453	17
170454	17
170455	17
170456	17
170457	17
170458	17
170459	17
170460	17
170461	17
170462	17
170463	17
170464	17
170465	17
170466	17
170467	17
170468	17
170469	17
170470	17
170471	17
170472	17
170473	17
170474	17
170475	17
170476	17
170477	17
170478	17
170479	17
170480	17
170481	17
170482	17
170483	17
170484	17
170485	17
170486	17
170487	17
170488	17
170489	17
170490	17
170491	17
170492	17
170493	17
170494	17
170495	17
170496	17
170497	17
170498	17
170499	17
170500	17
170501	17
170502	17
170503	17
170504	17
170505	17
170506	17
170507	17
170508	17
170509	17
170510	17
170511	17
170512	17
180001	18
180002	18
180003	18
180004	18
180005	18
180006	18
180007	18
180008	18
180009	18
180011	18
180012	18
180013	18
180014	18
180015	18
180016	18
180017	18
180018	18
180019	18
180020	18
180021	18
180022	18
180023	18
180024	18
180025	18
180026	18
180027	18
180028	18
180029	18
180030	18
180031	18
180032	18
180033	18
180034	18
180035	18
180036	18
180037	18
180038	18
180039	18
180040	18
180041	18
180042	18
180043	18
180044	18
180045	18
180046	18
180047	18
180048	18
180049	18
180050	18
180051	18
180052	18
180053	18
180054	18
180055	18
180056	18
180057	18
180058	18
180059	18
180060	18
180061	18
180062	18
180063	18
180064	18
180065	18
180066	18
180067	18
180068	18
180069	18
180070	18
180071	18
180072	18
180073	18
180074	18
180075	18
180076	18
180077	18
180078	18
180079	18
180080	18
180081	18
180082	18
180083	18
180084	18
180085	18
180086	18
180087	18
180088	18
180089	18
180090	18
180091	18
180092	18
180093	18
180094	18
180095	18
180096	18
180097	18
180098	18
180099	18
180100	18
180101	18
180102	18
180103	18
180104	18
180105	18
180106	18
180107	18
180108	18
180109	18
180110	18
180111	18
180112	18
180113	18
180114	18
180115	18
180116	18
180117	18
180118	18
180119	18
180120	18
180121	18
180122	18
180123	18
180124	18
180125	18
180126	18
180127	18
180128	18
180129	18
180130	18
180131	18
180132	18
180133	18
180134	18
180135	18
180136	18
180137	18
180138	18
180139	18
180140	18
180141	18
180142	18
180143	18
180144	18
180145	18
180146	18
180147	18
180148	18
180149	18
180150	18
180151	18
180152	18
180153	18
180154	18
180155	18
180156	18
180157	18
180158	18
180159	18
180160	18
180161	18
180162	18
180163	18
180164	18
180165	18
180166	18
180167	18
180168	18
180169	18
180170	18
180171	18
180172	18
180173	18
180174	18
180175	18
180176	18
180177	18
180178	18
180179	18
180180	18
180181	18
180182	18
180183	18
180184	18
180185	18
180186	18
180187	18
180188	18
180189	18
180190	18
180191	18
180192	18
180193	18
180194	18
180195	18
180196	18
180197	18
180198	18
180199	18
180200	18
180201	18
180202	18
180203	18
180204	18
180205	18
180206	18
180207	18
180208	18
180209	18
180210	18
180211	18
180212	18
180213	18
180214	18
180215	18
180216	18
180217	18
180218	18
180219	18
180220	18
180221	18
180223	18
180224	18
180225	18
180226	18
180227	18
180228	18
180229	18
180230	18
180231	18
180232	18
180233	18
180234	18
180235	18
180236	18
180237	18
180238	18
180239	18
180240	18
180241	18
180242	18
180243	18
180244	18
180245	18
180246	18
180247	18
180248	18
180249	18
180250	18
180251	18
180252	18
180253	18
180254	18
180255	18
180256	18
180257	18
180258	18
180259	18
180260	18
180261	18
180262	18
180263	18
180264	18
180265	18
180266	18
180267	18
180268	18
180269	18
180270	18
180271	18
180272	18
180273	18
180274	18
180275	18
180276	18
180277	18
180278	18
180279	18
180280	18
180281	18
180282	18
180283	18
180284	18
180285	18
180286	18
180287	18
180288	18
180289	18
180290	18
180291	18
180292	18
180293	18
180294	18
180295	18
180296	18
180297	18
180298	18
180299	18
180300	18
180301	18
180302	18
180303	18
180304	18
180305	18
180306	18
180307	18
180308	18
180309	18
180310	18
180311	18
180312	18
180313	18
180314	18
180315	18
180316	18
180317	18
180318	18
180319	18
180320	18
180321	18
180322	18
180323	18
180324	18
180325	18
180326	18
180327	18
180328	18
180329	18
180330	18
180331	18
180332	18
180333	18
180334	18
180335	18
180336	18
180337	18
180338	18
180339	18
180340	18
180341	18
180342	18
180343	18
180344	18
180345	18
180346	18
180347	18
180348	18
180349	18
180350	18
180351	18
180352	18
180353	18
180354	18
180355	18
180356	18
180357	18
180358	18
180359	18
180360	18
180361	18
180362	18
180363	18
180364	18
180365	18
180366	18
180367	18
180368	18
180369	18
180370	18
180371	18
180372	18
180373	18
180374	18
180375	18
180376	18
180377	18
180378	18
180379	18
180380	18
180381	18
180382	18
180383	18
180384	18
180385	18
180386	18
180387	18
180388	18
180389	18
180390	18
180391	18
180392	18
180393	18
180394	18
180395	18
180396	18
180397	18
180398	18
180399	18
180400	18
180401	18
180402	18
180403	18
180404	18
180405	18
180406	18
180407	18
180408	18
