name,path,entry_type,dataset_hint,protocol_hint,status_hint,registry_top_root_referenced,mtime_utc,raw_evidence_policy
archive,/private/results/archive,directory,other_or_unknown,unknown,unclassified_keep,no,2026-07-12T08:36:15.763888+00:00,KEEP_IN_PLACE
c2md,/private/results/c2md,directory,other_or_unknown,unknown,unclassified_keep,no,2026-07-14T08:53:07.629770+00:00,KEEP_IN_PLACE
cmd_hybrid_hf_hs_p2_20260717_v1,/private/results/cmd_hybrid_hf_hs_p2_20260717_v1,directory,ogsod,ogsod_direct50_hf_hs,unclassified_keep,no,2026-07-16T19:52:50.215284+00:00,KEEP_IN_PLACE
cmd_hybrid_hf_hs_p2_confirmation_s0_s123_20260717_retry2,/private/results/cmd_hybrid_hf_hs_p2_confirmation_s0_s123_20260717_retry2,directory,ogsod,ogsod_direct50_hf_hs,unclassified_keep,no,2026-07-16T22:21:30.807466+00:00,KEEP_IN_PLACE
cmd_hybrid_hf_hs_p2_confirmation_s0_s123_20260717_v1,/private/results/cmd_hybrid_hf_hs_p2_confirmation_s0_s123_20260717_v1,directory,ogsod,ogsod_direct50_hf_hs,unclassified_keep,no,2026-07-16T20:44:11.801924+00:00,KEEP_IN_PLACE
cmd_hybrid_hf_hs_p2_full_20260717_v1,/private/results/cmd_hybrid_hf_hs_p2_full_20260717_v1,directory,ogsod,ogsod_direct50_hf_hs,unclassified_keep,no,2026-07-16T20:30:45.120403+00:00,KEEP_IN_PLACE
cmd_hybrid_ho_hs_p3_strict_s42_20260717_v1,/private/results/cmd_hybrid_ho_hs_p3_strict_s42_20260717_v1,directory,ogsod,unknown,unclassified_keep,no,2026-07-17T02:43:27.103512+00:00,KEEP_IN_PLACE
cmd_hybrid_ho_hs_p3_strict_s42_20260717_v2,/private/results/cmd_hybrid_ho_hs_p3_strict_s42_20260717_v2,directory,ogsod,unknown,unclassified_keep,no,2026-07-17T02:50:45.707389+00:00,KEEP_IN_PLACE
cmd_hybrid_ho_hs_p3_strict_s42_20260717_v3,/private/results/cmd_hybrid_ho_hs_p3_strict_s42_20260717_v3,directory,ogsod,unknown,unclassified_keep,no,2026-07-17T03:08:02.226742+00:00,KEEP_IN_PLACE
cmd_hybrid_ho_hs_p3_strict_s42_20260717_v3.scheduler.log,/private/results/cmd_hybrid_ho_hs_p3_strict_s42_20260717_v3.scheduler.log,file,ogsod,unknown,unclassified_keep,no,2026-07-17T03:08:01.989922+00:00,KEEP_IN_PLACE
cmd_hybrid_ho_hs_p3_strict_s42_20260717_v4,/private/results/cmd_hybrid_ho_hs_p3_strict_s42_20260717_v4,directory,ogsod,unknown,unclassified_keep,no,2026-07-17T04:41:05.069120+00:00,KEEP_IN_PLACE
cmd_hybrid_ho_hs_p3_strict_s42_20260717_v4.scheduler.log,/private/results/cmd_hybrid_ho_hs_p3_strict_s42_20260717_v4.scheduler.log,file,ogsod,unknown,unclassified_keep,no,2026-07-17T04:41:05.086667+00:00,KEEP_IN_PLACE
cmd_hybrid_p0_20260717_v1,/private/results/cmd_hybrid_p0_20260717_v1,directory,ogsod,unknown,unclassified_keep,no,2026-07-16T19:08:36.335935+00:00,KEEP_IN_PLACE
cmd_hybrid_smoke_20260717_h_o_v2,/private/results/cmd_hybrid_smoke_20260717_h_o_v2,directory,ogsod,unknown,engineering_or_smoke,no,2026-07-16T18:01:36.157660+00:00,KEEP_IN_PLACE
cmd_hybrid_smoke_20260717_h_o_v3,/private/results/cmd_hybrid_smoke_20260717_h_o_v3,directory,ogsod,unknown,engineering_or_smoke,no,2026-07-16T18:02:02.057898+00:00,KEEP_IN_PLACE
cmd_hybrid_smoke_20260717_v1,/private/results/cmd_hybrid_smoke_20260717_v1,directory,ogsod,unknown,engineering_or_smoke,no,2026-07-16T17:52:58.361726+00:00,KEEP_IN_PLACE
cmd_hybrid_smoke_20260717_v2,/private/results/cmd_hybrid_smoke_20260717_v2,directory,ogsod,unknown,engineering_or_smoke,no,2026-07-16T17:57:55.586040+00:00,KEEP_IN_PLACE
cmd_level_selective_p3_campaign_s42_20260717_v3,/private/results/cmd_level_selective_p3_campaign_s42_20260717_v3,directory,other_or_unknown,unknown,unclassified_keep,no,2026-07-16T23:46:29.420786+00:00,KEEP_IN_PLACE
cmd_level_selective_p3_campaign_s42_20260717_v3.bootstrap.log,/private/results/cmd_level_selective_p3_campaign_s42_20260717_v3.bootstrap.log,file,other_or_unknown,unknown,unclassified_keep,no,2026-07-16T23:46:34.456282+00:00,KEEP_IN_PLACE
cmd_level_selective_p3_campaign_s42_20260717_v3.scheduler.pid,/private/results/cmd_level_selective_p3_campaign_s42_20260717_v3.scheduler.pid,file,other_or_unknown,unknown,unclassified_keep,no,2026-07-16T23:40:24.360783+00:00,KEEP_IN_PLACE
cmd_level_selective_p3_campaign_s42_20260717_v4,/private/results/cmd_level_selective_p3_campaign_s42_20260717_v4,directory,other_or_unknown,unknown,unclassified_keep,no,2026-07-17T00:11:41.308246+00:00,KEEP_IN_PLACE
cmd_level_selective_p3_campaign_s42_20260717_v4.bootstrap.log,/private/results/cmd_level_selective_p3_campaign_s42_20260717_v4.bootstrap.log,file,other_or_unknown,unknown,unclassified_keep,no,2026-07-17T00:12:08.608305+00:00,KEEP_IN_PLACE
cmd_level_selective_p3_campaign_s42_20260717_v4.scheduler.pid,/private/results/cmd_level_selective_p3_campaign_s42_20260717_v4.scheduler.pid,file,other_or_unknown,unknown,unclassified_keep,no,2026-07-17T00:04:56.451567+00:00,KEEP_IN_PLACE
cmd_level_selective_p3_campaign_s42_20260717_v4_retry1,/private/results/cmd_level_selective_p3_campaign_s42_20260717_v4_retry1,directory,other_or_unknown,unknown,unclassified_keep,no,2026-07-17T02:12:52.766675+00:00,KEEP_IN_PLACE
cmd_level_selective_p3_campaign_s42_20260717_v4_retry1.bootstrap.log,/private/results/cmd_level_selective_p3_campaign_s42_20260717_v4_retry1.bootstrap.log,file,other_or_unknown,unknown,unclassified_keep,no,2026-07-17T02:14:46.159046+00:00,KEEP_IN_PLACE
cprr,/private/results/cprr,directory,other_or_unknown,unknown,unclassified_keep,no,2026-07-16T19:28:07.951647+00:00,KEEP_IN_PLACE
dcr_preflight_dataset_cache_semantic_seal_20260717_v1.json,/private/results/dcr_preflight_dataset_cache_semantic_seal_20260717_v1.json,file,other_or_unknown,unknown,engineering_or_smoke,no,2026-07-17T03:33:10.400350+00:00,KEEP_IN_PLACE
dcr_preflight_dataset_content_seal_20260717_v1.json,/private/results/dcr_preflight_dataset_content_seal_20260717_v1.json,file,other_or_unknown,unknown,engineering_or_smoke,no,2026-07-17T03:26:55.988395+00:00,KEEP_IN_PLACE
dronevehicle_b0_native_hbb_cpu_gate_v2_acf8bf34_20260719,/private/results/dronevehicle_b0_native_hbb_cpu_gate_v2_acf8bf34_20260719,directory,other_or_unknown,unknown,engineering_or_smoke,no,2026-07-18T21:54:14.033753+00:00,KEEP_IN_PLACE
dronevehicle_b0_native_hbb_cpu_gate_v3_manifest_r2_attempt_r3_20260719,/private/results/dronevehicle_b0_native_hbb_cpu_gate_v3_manifest_r2_attempt_r3_20260719,directory,other_or_unknown,unknown,engineering_or_smoke,no,2026-07-19T01:19:41.134246+00:00,KEEP_IN_PLACE
dronevehicle_b0_native_hbb_cpu_gate_v3_snapshot_r1_20260719,/private/results/dronevehicle_b0_native_hbb_cpu_gate_v3_snapshot_r1_20260719,directory,other_or_unknown,unknown,engineering_or_smoke,no,2026-07-18T23:23:29.141309+00:00,KEEP_IN_PLACE
dronevehicle_b0_native_hbb_views_v2_acf8bf34_20260719,/private/results/dronevehicle_b0_native_hbb_views_v2_acf8bf34_20260719,directory,other_or_unknown,unknown,unclassified_keep,no,2026-07-18T21:43:56.681198+00:00,KEEP_IN_PLACE
dronevehicle_b0_native_hbb_views_v3_manifest_r2_attempt_r3_20260719,/private/results/dronevehicle_b0_native_hbb_views_v3_manifest_r2_attempt_r3_20260719,directory,other_or_unknown,unknown,unclassified_keep,no,2026-07-19T01:31:57.689832+00:00,KEEP_IN_PLACE
dronevehicle_b0_native_hbb_views_v3_snapshot_r1_20260719,/private/results/dronevehicle_b0_native_hbb_views_v3_snapshot_r1_20260719,directory,other_or_unknown,unknown,unclassified_keep,no,2026-07-18T23:23:26.271224+00:00,KEEP_IN_PLACE
dronevehicle_hbb_audit_ops_sha50fb_20260719,/private/results/dronevehicle_hbb_audit_ops_sha50fb_20260719,directory,other_or_unknown,unknown,analysis_or_audit,no,2026-07-18T17:22:43.761024+00:00,KEEP_IN_PLACE
dronevehicle_hbb_audit_ops_v3_shae53b_recovery2_20260719,/private/results/dronevehicle_hbb_audit_ops_v3_shae53b_recovery2_20260719,directory,other_or_unknown,unknown,analysis_or_audit,no,2026-07-18T17:51:40.256116+00:00,KEEP_IN_PLACE
dronevehicle_hbb_audit_ops_v5_sha1bea_recovery4_20260719,/private/results/dronevehicle_hbb_audit_ops_v5_sha1bea_recovery4_20260719,directory,other_or_unknown,unknown,analysis_or_audit,no,2026-07-18T18:52:09.688580+00:00,KEEP_IN_PLACE
dronevehicle_hbb_audit_ops_v5_sha1bea_recovery5_20260719,/private/results/dronevehicle_hbb_audit_ops_v5_sha1bea_recovery5_20260719,directory,other_or_unknown,unknown,analysis_or_audit,no,2026-07-18T19:19:42.514408+00:00,KEEP_IN_PLACE
dronevehicle_hbb_audit_v3_shae53b_recovery2_20260719,/private/results/dronevehicle_hbb_audit_v3_shae53b_recovery2_20260719,directory,other_or_unknown,unknown,analysis_or_audit,no,2026-07-18T17:52:11.644457+00:00,KEEP_IN_PLACE
dronevehicle_hbb_audit_v5_sha1bea_recovery4_20260719,/private/results/dronevehicle_hbb_audit_v5_sha1bea_recovery4_20260719,directory,other_or_unknown,unknown,analysis_or_audit,no,2026-07-18T18:41:08.192126+00:00,KEEP_IN_PLACE
dronevehicle_hbb_audit_v5_sha1bea_recovery5_20260719,/private/results/dronevehicle_hbb_audit_v5_sha1bea_recovery5_20260719,directory,other_or_unknown,unknown,analysis_or_audit,no,2026-07-18T19:10:08.648261+00:00,KEEP_IN_PLACE
dronevehicle_hbb_materialize_ops_v5_sha1bea_mat_r1_20260719,/private/results/dronevehicle_hbb_materialize_ops_v5_sha1bea_mat_r1_20260719,directory,other_or_unknown,unknown,unclassified_keep,no,2026-07-18T20:49:49.915972+00:00,KEEP_IN_PLACE
hf_hs_p2_confirmation_scheduler_20260717.log,/private/results/hf_hs_p2_confirmation_scheduler_20260717.log,file,ogsod,ogsod_direct50_hf_hs,unclassified_keep,no,2026-07-16T20:43:30.445264+00:00,KEEP_IN_PLACE
hf_hs_p2_confirmation_scheduler_20260717_retry1.log,/private/results/hf_hs_p2_confirmation_scheduler_20260717_retry1.log,file,ogsod,ogsod_direct50_hf_hs,unclassified_keep,no,2026-07-16T20:44:11.811635+00:00,KEEP_IN_PLACE
hf_hs_p2_confirmation_scheduler_20260717_retry2.log,/private/results/hf_hs_p2_confirmation_scheduler_20260717_retry2.log,file,ogsod,ogsod_direct50_hf_hs,unclassified_keep,no,2026-07-16T22:15:43.922663+00:00,KEEP_IN_PLACE
hf_hs_p2_full_watcher_20260717.log,/private/results/hf_hs_p2_full_watcher_20260717.log,file,ogsod,ogsod_direct50_hf_hs,unclassified_keep,no,2026-07-16T20:28:42.806854+00:00,KEEP_IN_PLACE
hf_hs_p2_full_watcher_20260717.pid,/private/results/hf_hs_p2_full_watcher_20260717.pid,file,ogsod,ogsod_direct50_hf_hs,unclassified_keep,no,2026-07-16T19:37:05.475328+00:00,KEEP_IN_PLACE
hf_hs_p2_smoke_quick_scheduler_20260717.log,/private/results/hf_hs_p2_smoke_quick_scheduler_20260717.log,file,ogsod,ogsod_direct50_hf_hs,engineering_or_smoke,no,2026-07-16T19:52:50.716365+00:00,KEEP_IN_PLACE
hf_hs_p2_smoke_quick_scheduler_20260717.pid,/private/results/hf_hs_p2_smoke_quick_scheduler_20260717.pid,file,ogsod,ogsod_direct50_hf_hs,engineering_or_smoke,no,2026-07-16T19:37:05.473404+00:00,KEEP_IN_PLACE
launch_logs,/private/results/launch_logs,directory,other_or_unknown,unknown,unclassified_keep,no,2026-07-17T02:45:29.093474+00:00,KEEP_IN_PLACE
level_q5_dataset_manifest_precompute_20260717_v3,/private/results/level_q5_dataset_manifest_precompute_20260717_v3,directory,other_or_unknown,unknown,unclassified_keep,no,2026-07-16T21:49:18.600792+00:00,KEEP_IN_PLACE
level_q5_dependency_preview_20260717_v3,/private/results/level_q5_dependency_preview_20260717_v3,directory,other_or_unknown,unknown,unclassified_keep,no,2026-07-16T21:53:50.609856+00:00,KEEP_IN_PLACE
mm_arcs_confirmation_capacity_handoff_lock6def_gate94f1_20260719,/private/results/mm_arcs_confirmation_capacity_handoff_lock6def_gate94f1_20260719,directory,ogsod,ogsod_exact400_mm_arcs,engineering_or_smoke,no,2026-07-19T04:48:57.681869+00:00,KEEP_IN_PLACE
mm_arcs_confirmation_exact400_lock6def_gate94f1_capacity_handoff_20260719,/private/results/mm_arcs_confirmation_exact400_lock6def_gate94f1_capacity_handoff_20260719,directory,ogsod,ogsod_exact400_mm_arcs,engineering_or_smoke,no,2026-07-19T04:48:46.352895+00:00,KEEP_IN_PLACE
mm_arcs_confirmation_exact_dryrun_lock6def_gate94f1_manual_recovery5_20260719,/private/results/mm_arcs_confirmation_exact_dryrun_lock6def_gate94f1_manual_recovery5_20260719,directory,ogsod,ogsod_exact400_mm_arcs,engineering_or_smoke,no,2026-07-18T17:07:46.200648+00:00,KEEP_IN_PLACE
mm_arcs_confirmation_full_dryrun_lock6def_manual_recovery5_20260719,/private/results/mm_arcs_confirmation_full_dryrun_lock6def_manual_recovery5_20260719,directory,ogsod,ogsod_exact400_mm_arcs,engineering_or_smoke,no,2026-07-18T16:48:22.554078+00:00,KEEP_IN_PLACE
mm_arcs_confirmation_fullsmoke_dryrun_lockbd2_recovery4_20260719,/private/results/mm_arcs_confirmation_fullsmoke_dryrun_lockbd2_recovery4_20260719,directory,ogsod,ogsod_exact400_mm_arcs,engineering_or_smoke,no,2026-07-18T16:20:23.114578+00:00,KEEP_IN_PLACE
mm_arcs_confirmation_fullsmoke_lock6def_manual_recovery5_20260719,/private/results/mm_arcs_confirmation_fullsmoke_lock6def_manual_recovery5_20260719,directory,ogsod,ogsod_exact400_mm_arcs,engineering_or_smoke,no,2026-07-18T16:52:47.535035+00:00,KEEP_IN_PLACE
mm_arcs_confirmation_fullsmoke_lock9d0_manual_recovery3_20260718,/private/results/mm_arcs_confirmation_fullsmoke_lock9d0_manual_recovery3_20260718,directory,ogsod,ogsod_exact400_mm_arcs,engineering_or_smoke,no,2026-07-18T12:48:21.026572+00:00,KEEP_IN_PLACE
mm_arcs_confirmation_fullsmoke_lockbd2_manual_recovery4_20260719,/private/results/mm_arcs_confirmation_fullsmoke_lockbd2_manual_recovery4_20260719,directory,ogsod,ogsod_exact400_mm_arcs,engineering_or_smoke,no,2026-07-18T16:23:16.153425+00:00,KEEP_IN_PLACE
mm_arcs_confirmation_gate_lock6def_manual_recovery5_20260719.json,/private/results/mm_arcs_confirmation_gate_lock6def_manual_recovery5_20260719.json,file,ogsod,ogsod_exact400_mm_arcs,engineering_or_smoke,no,2026-07-18T17:00:50.562836+00:00,KEEP_IN_PLACE
mm_arcs_confirmation_handoff_lock9d0_20260718,/private/results/mm_arcs_confirmation_handoff_lock9d0_20260718,directory,ogsod,ogsod_exact400_mm_arcs,unclassified_keep,no,2026-07-18T09:44:00.376257+00:00,KEEP_IN_PLACE
mm_arcs_confirmation_handoff_lock9d0_manual_recovery1.stderr.log,/private/results/mm_arcs_confirmation_handoff_lock9d0_manual_recovery1.stderr.log,file,ogsod,ogsod_exact400_mm_arcs,unclassified_keep,no,2026-07-18T09:46:50.524764+00:00,KEEP_IN_PLACE
mm_arcs_confirmation_handoff_lock9d0_manual_recovery1.stdout.log,/private/results/mm_arcs_confirmation_handoff_lock9d0_manual_recovery1.stdout.log,file,ogsod,ogsod_exact400_mm_arcs,unclassified_keep,no,2026-07-18T09:56:53.318681+00:00,KEEP_IN_PLACE
mm_arcs_confirmation_handoff_lock9d0_manual_recovery1_20260718,/private/results/mm_arcs_confirmation_handoff_lock9d0_manual_recovery1_20260718,directory,ogsod,ogsod_exact400_mm_arcs,unclassified_keep,no,2026-07-18T09:56:53.290815+00:00,KEEP_IN_PLACE
mm_arcs_confirmation_handoff_lock9d0_manual_recovery2_20260718,/private/results/mm_arcs_confirmation_handoff_lock9d0_manual_recovery2_20260718,directory,ogsod,ogsod_exact400_mm_arcs,unclassified_keep,no,2026-07-18T12:06:18.254874+00:00,KEEP_IN_PLACE
mm_arcs_confirmation_handoff_lock9d0_manual_recovery2_20260718.stderr.log,/private/results/mm_arcs_confirmation_handoff_lock9d0_manual_recovery2_20260718.stderr.log,file,ogsod,ogsod_exact400_mm_arcs,unclassified_keep,no,2026-07-18T10:01:15.946857+00:00,KEEP_IN_PLACE
mm_arcs_confirmation_handoff_lock9d0_manual_recovery2_20260718.stdout.log,/private/results/mm_arcs_confirmation_handoff_lock9d0_manual_recovery2_20260718.stdout.log,file,ogsod,ogsod_exact400_mm_arcs,unclassified_keep,no,2026-07-18T12:06:18.283195+00:00,KEEP_IN_PLACE
mm_arcs_confirmation_handoff_lock9d0_manual_recovery3_20260718,/private/results/mm_arcs_confirmation_handoff_lock9d0_manual_recovery3_20260718,directory,ogsod,ogsod_exact400_mm_arcs,unclassified_keep,no,2026-07-18T12:48:21.119131+00:00,KEEP_IN_PLACE
mm_arcs_confirmation_handoff_lock9d0_manual_recovery3_20260718.stderr.log,/private/results/mm_arcs_confirmation_handoff_lock9d0_manual_recovery3_20260718.stderr.log,file,ogsod,ogsod_exact400_mm_arcs,unclassified_keep,no,2026-07-18T12:42:29.661667+00:00,KEEP_IN_PLACE
mm_arcs_confirmation_handoff_lock9d0_manual_recovery3_20260718.stdout.log,/private/results/mm_arcs_confirmation_handoff_lock9d0_manual_recovery3_20260718.stdout.log,file,ogsod,ogsod_exact400_mm_arcs,unclassified_keep,no,2026-07-18T12:48:21.146550+00:00,KEEP_IN_PLACE
mm_arcs_confirmation_handoff_lockbd2_manual_recovery4_20260719,/private/results/mm_arcs_confirmation_handoff_lockbd2_manual_recovery4_20260719,directory,ogsod,ogsod_exact400_mm_arcs,unclassified_keep,no,2026-07-18T16:34:57.609864+00:00,KEEP_IN_PLACE
mm_arcs_confirmation_remote_dryrun_full_lock9d0_20260718,/private/results/mm_arcs_confirmation_remote_dryrun_full_lock9d0_20260718,directory,ogsod,ogsod_exact400_mm_arcs,engineering_or_smoke,no,2026-07-17T23:21:48.769703+00:00,KEEP_IN_PLACE
mm_arcs_confirmation_remote_dryrun_full_lock9d0_retry_20260718,/private/results/mm_arcs_confirmation_remote_dryrun_full_lock9d0_retry_20260718,directory,ogsod,ogsod_exact400_mm_arcs,engineering_or_smoke,no,2026-07-17T23:23:05.161382+00:00,KEEP_IN_PLACE
mm_arcs_confirmation_remote_dryrun_short_lock9d0_20260718,/private/results/mm_arcs_confirmation_remote_dryrun_short_lock9d0_20260718,directory,ogsod,ogsod_exact400_mm_arcs,engineering_or_smoke,no,2026-07-17T23:21:23.035279+00:00,KEEP_IN_PLACE
mm_arcs_confirmation_remote_single_p_dryrun_lock9d0_20260718,/private/results/mm_arcs_confirmation_remote_single_p_dryrun_lock9d0_20260718,directory,ogsod,ogsod_exact400_mm_arcs,engineering_or_smoke,no,2026-07-17T23:22:23.070918+00:00,KEEP_IN_PLACE
mm_arcs_confirmation_remote_single_u_dryrun_lock9d0_20260718,/private/results/mm_arcs_confirmation_remote_single_u_dryrun_lock9d0_20260718,directory,ogsod,ogsod_exact400_mm_arcs,engineering_or_smoke,no,2026-07-17T23:22:30.114302+00:00,KEEP_IN_PLACE
mm_arcs_confirmation_short_dryrun_lock6def_manual_recovery5_20260719,/private/results/mm_arcs_confirmation_short_dryrun_lock6def_manual_recovery5_20260719,directory,ogsod,ogsod_exact400_mm_arcs,engineering_or_smoke,no,2026-07-18T16:47:57.855317+00:00,KEEP_IN_PLACE
mm_arcs_confirmation_short_dryrun_lockbd2_recovery4_20260719,/private/results/mm_arcs_confirmation_short_dryrun_lockbd2_recovery4_20260719,directory,ogsod,ogsod_exact400_mm_arcs,engineering_or_smoke,no,2026-07-18T16:19:58.476315+00:00,KEEP_IN_PLACE
mm_arcs_confirmation_short_smoke_lock6def_manual_recovery5_20260719,/private/results/mm_arcs_confirmation_short_smoke_lock6def_manual_recovery5_20260719,directory,ogsod,ogsod_exact400_mm_arcs,engineering_or_smoke,no,2026-07-18T16:49:30.086044+00:00,KEEP_IN_PLACE
mm_arcs_confirmation_short_smoke_lock9d0_manual_recovery3_20260718,/private/results/mm_arcs_confirmation_short_smoke_lock9d0_manual_recovery3_20260718,directory,ogsod,ogsod_exact400_mm_arcs,engineering_or_smoke,no,2026-07-18T12:47:55.654583+00:00,KEEP_IN_PLACE
mm_arcs_confirmation_short_smoke_lockbd2_manual_recovery4_20260719,/private/results/mm_arcs_confirmation_short_smoke_lockbd2_manual_recovery4_20260719,directory,ogsod,ogsod_exact400_mm_arcs,engineering_or_smoke,no,2026-07-18T16:22:44.002014+00:00,KEEP_IN_PLACE
mm_arcs_r2a_epoch50_watch_d3cc1a_20260718,/private/results/mm_arcs_r2a_epoch50_watch_d3cc1a_20260718,directory,ogsod,ogsod_exact400_mm_arcs,unclassified_keep,no,2026-07-18T09:43:35.216792+00:00,KEEP_IN_PLACE
mm_arcs_r2a_epoch50_watch_d3cc1a_manual_recovery1.stderr.log,/private/results/mm_arcs_r2a_epoch50_watch_d3cc1a_manual_recovery1.stderr.log,file,ogsod,ogsod_exact400_mm_arcs,unclassified_keep,no,2026-07-18T09:46:22.713018+00:00,KEEP_IN_PLACE
mm_arcs_r2a_epoch50_watch_d3cc1a_manual_recovery1.stdout.log,/private/results/mm_arcs_r2a_epoch50_watch_d3cc1a_manual_recovery1.stdout.log,file,ogsod,ogsod_exact400_mm_arcs,unclassified_keep,no,2026-07-18T09:56:24.757738+00:00,KEEP_IN_PLACE
mm_arcs_r2a_epoch50_watch_d3cc1a_manual_recovery1_20260718,/private/results/mm_arcs_r2a_epoch50_watch_d3cc1a_manual_recovery1_20260718,directory,ogsod,ogsod_exact400_mm_arcs,unclassified_keep,no,2026-07-18T09:56:24.731740+00:00,KEEP_IN_PLACE
mm_arcs_r2a_epoch50_watch_d3cc1a_manual_recovery2.stderr.log,/private/results/mm_arcs_r2a_epoch50_watch_d3cc1a_manual_recovery2.stderr.log,file,ogsod,ogsod_exact400_mm_arcs,unclassified_keep,no,2026-07-18T09:58:42.697786+00:00,KEEP_IN_PLACE
mm_arcs_r2a_epoch50_watch_d3cc1a_manual_recovery2.stdout.log,/private/results/mm_arcs_r2a_epoch50_watch_d3cc1a_manual_recovery2.stdout.log,file,ogsod,ogsod_exact400_mm_arcs,unclassified_keep,no,2026-07-18T12:04:45.675830+00:00,KEEP_IN_PLACE
mm_arcs_r2a_epoch50_watch_d3cc1a_manual_recovery2_20260718,/private/results/mm_arcs_r2a_epoch50_watch_d3cc1a_manual_recovery2_20260718,directory,ogsod,ogsod_exact400_mm_arcs,unclassified_keep,no,2026-07-18T12:04:45.647167+00:00,KEEP_IN_PLACE
mm_arcs_r2a_epoch50_watch_d3cc1a_manual_recovery3_20260718,/private/results/mm_arcs_r2a_epoch50_watch_d3cc1a_manual_recovery3_20260718,directory,ogsod,ogsod_exact400_mm_arcs,unclassified_keep,no,2026-07-18T12:47:19.651087+00:00,KEEP_IN_PLACE
mm_arcs_r2a_epoch50_watch_d3cc1a_manual_recovery3_20260718.stderr.log,/private/results/mm_arcs_r2a_epoch50_watch_d3cc1a_manual_recovery3_20260718.stderr.log,file,ogsod,ogsod_exact400_mm_arcs,unclassified_keep,no,2026-07-18T12:41:37.605046+00:00,KEEP_IN_PLACE
mm_arcs_r2a_epoch50_watch_d3cc1a_manual_recovery3_20260718.stdout.log,/private/results/mm_arcs_r2a_epoch50_watch_d3cc1a_manual_recovery3_20260718.stdout.log,file,ogsod,ogsod_exact400_mm_arcs,unclassified_keep,no,2026-07-18T12:47:19.688935+00:00,KEEP_IN_PLACE
mm_arcs_r2a_exact400_s42_lock71835_final_analysis_codex_r1_20260719,/private/results/mm_arcs_r2a_exact400_s42_lock71835_final_analysis_codex_r1_20260719,directory,ogsod,ogsod_exact400_mm_arcs,analysis_or_audit,no,2026-07-19T07:26:17.916419+00:00,KEEP_IN_PLACE
mm_arcs_r2a_exact400_s42_lock71835_final_analysis_codex_r2_20260719,/private/results/mm_arcs_r2a_exact400_s42_lock71835_final_analysis_codex_r2_20260719,directory,ogsod,ogsod_exact400_mm_arcs,analysis_or_audit,no,2026-07-19T07:28:28.880982+00:00,KEEP_IN_PLACE
mm_arcs_r2a_exact400_s42_lock71835_final_analysis_codex_r3_20260719,/private/results/mm_arcs_r2a_exact400_s42_lock71835_final_analysis_codex_r3_20260719,directory,ogsod,ogsod_exact400_mm_arcs,analysis_or_audit,no,2026-07-19T07:30:24.083065+00:00,KEEP_IN_PLACE
mm_arcs_r2a_exact400_s42_lock71835_manual_recovery1_20260718,/private/results/mm_arcs_r2a_exact400_s42_lock71835_manual_recovery1_20260718,directory,ogsod,ogsod_exact400_mm_arcs,unclassified_keep,no,2026-07-18T09:46:04.813463+00:00,KEEP_IN_PLACE
mm_arcs_r2a_exact400_s42_lock71835_scannerfix_b48f8a_20260718,/private/results/mm_arcs_r2a_exact400_s42_lock71835_scannerfix_b48f8a_20260718,directory,ogsod,ogsod_exact400_mm_arcs,unclassified_keep,no,2026-07-18T09:35:14.672187+00:00,KEEP_IN_PLACE
mm_arcs_r2a_gate_preflight_20260718T0455,/private/results/mm_arcs_r2a_gate_preflight_20260718T0455,directory,ogsod,ogsod_exact400_mm_arcs,engineering_or_smoke,no,2026-07-17T20:53:10.999622+00:00,KEEP_IN_PLACE
mm_arcs_r2a_gate_v2_lock71835_20260718T0530,/private/results/mm_arcs_r2a_gate_v2_lock71835_20260718T0530,directory,ogsod,ogsod_exact400_mm_arcs,engineering_or_smoke,no,2026-07-17T21:32:38.303501+00:00,KEEP_IN_PLACE
mm_arcs_r2a_gate_v2_lock71835_preflight_20260718T0528,/private/results/mm_arcs_r2a_gate_v2_lock71835_preflight_20260718T0528,directory,ogsod,ogsod_exact400_mm_arcs,engineering_or_smoke,no,2026-07-17T21:27:32.093085+00:00,KEEP_IN_PLACE
mm_arcs_r2a_handoff_lock71835_20260718T0545,/private/results/mm_arcs_r2a_handoff_lock71835_20260718T0545,directory,ogsod,ogsod_exact400_mm_arcs,unclassified_keep,no,2026-07-17T21:56:47.369634+00:00,KEEP_IN_PLACE
mm_arcs_r2a_handoff_lock71835_20260718T0545.once.stderr.log,/private/results/mm_arcs_r2a_handoff_lock71835_20260718T0545.once.stderr.log,file,ogsod,ogsod_exact400_mm_arcs,unclassified_keep,no,2026-07-17T21:50:35.350171+00:00,KEEP_IN_PLACE
mm_arcs_r2a_handoff_lock71835_20260718T0545.once.stdout.log,/private/results/mm_arcs_r2a_handoff_lock71835_20260718T0545.once.stdout.log,file,ogsod,ogsod_exact400_mm_arcs,unclassified_keep,no,2026-07-17T21:50:36.590668+00:00,KEEP_IN_PLACE
mm_arcs_r2a_handoff_lock71835_scannerfix_b48f8a_20260718,/private/results/mm_arcs_r2a_handoff_lock71835_scannerfix_b48f8a_20260718,directory,ogsod,ogsod_exact400_mm_arcs,unclassified_keep,no,2026-07-18T08:44:15.528993+00:00,KEEP_IN_PLACE
mm_arcs_r2a_kernel_manual_recovery2.log,/private/results/mm_arcs_r2a_kernel_manual_recovery2.log,file,ogsod,ogsod_exact400_mm_arcs,unclassified_keep,no,2026-07-18T12:04:44.994003+00:00,KEEP_IN_PLACE
mm_arcs_r2a_kernel_updater_manual_recovery2.log,/private/results/mm_arcs_r2a_kernel_updater_manual_recovery2.log,file,ogsod,ogsod_exact400_mm_arcs,unclassified_keep,no,2026-07-18T09:58:42.696154+00:00,KEEP_IN_PLACE
ogsod400_gate_orchestrator,/private/results/ogsod400_gate_orchestrator,directory,ogsod,unknown,engineering_or_smoke,no,2026-07-16T01:14:19.701629+00:00,KEEP_IN_PLACE
ogsod400_gate_preflight,/private/results/ogsod400_gate_preflight,directory,ogsod,unknown,engineering_or_smoke,no,2026-07-12T14:39:33.831778+00:00,KEEP_IN_PLACE
ogsod_split_integrity_offline_20260719_v1.json,/private/results/ogsod_split_integrity_offline_20260719_v1.json,file,ogsod,unknown,unclassified_keep,no,2026-07-18T20:00:48.318012+00:00,KEEP_IN_PLACE
ogsod_split_integrity_offline_20260719_v1.log,/private/results/ogsod_split_integrity_offline_20260719_v1.log,file,ogsod,unknown,unclassified_keep,no,2026-07-18T20:00:48.453530+00:00,KEEP_IN_PLACE
ogsod_split_integrity_offline_20260719_v2.json,/private/results/ogsod_split_integrity_offline_20260719_v2.json,file,ogsod,unknown,unclassified_keep,no,2026-07-18T20:09:20.614325+00:00,KEEP_IN_PLACE
ogsod_split_integrity_offline_20260719_v2.log,/private/results/ogsod_split_integrity_offline_20260719_v2.log,file,ogsod,unknown,unclassified_keep,no,2026-07-18T20:09:20.770745+00:00,KEEP_IN_PLACE
ogsod_split_integrity_offline_20260719_v3.json,/private/results/ogsod_split_integrity_offline_20260719_v3.json,file,ogsod,unknown,unclassified_keep,no,2026-07-18T20:11:06.973213+00:00,KEEP_IN_PLACE
ogsod_split_integrity_offline_20260719_v3.log,/private/results/ogsod_split_integrity_offline_20260719_v3.log,file,ogsod,unknown,unclassified_keep,no,2026-07-18T20:11:07.039626+00:00,KEEP_IN_PLACE
ogsod_split_leakage_kill_v1_20260719,/private/results/ogsod_split_leakage_kill_v1_20260719,directory,ogsod,unknown,unclassified_keep,no,2026-07-18T20:22:58.159839+00:00,KEEP_IN_PLACE
pcc_gradient_witness,/private/results/pcc_gradient_witness,directory,other_or_unknown,unknown,unclassified_keep,no,2026-07-16T20:15:56.447917+00:00,KEEP_IN_PLACE
pgcmd,/private/results/pgcmd,directory,other_or_unknown,unknown,unclassified_keep,no,2026-07-14T01:01:49.981795+00:00,KEEP_IN_PLACE
rcfd_rs_v1,/private/results/rcfd_rs_v1,directory,other_or_unknown,unknown,unclassified_keep,no,2026-07-17T10:03:16.180700+00:00,KEEP_IN_PLACE
registration_transport,/private/results/registration_transport,directory,other_or_unknown,unknown,unclassified_keep,no,2026-07-14T10:13:06.586029+00:00,KEEP_IN_PLACE
rif_interaction,/private/results/rif_interaction,directory,ogsod,unknown,unclassified_keep,yes,2026-07-13T00:59:05.165084+00:00,KEEP_IN_PLACE
rma_cmd,/private/results/rma_cmd,directory,other_or_unknown,unknown,unclassified_keep,no,2026-07-16T18:28:20.244413+00:00,KEEP_IN_PLACE
sixiang_anchor_residual_v1_20260722_b1,/private/results/sixiang_anchor_residual_v1_20260722_b1,directory,sixiang,sixiang_direct300_sx_apr,unclassified_keep,yes,2026-07-22T09:06:33.168849+00:00,KEEP_IN_PLACE
sixiang_anchor_residual_v1_20260722_b1_control,/private/results/sixiang_anchor_residual_v1_20260722_b1_control,directory,sixiang,sixiang_direct300_sx_apr,unclassified_keep,no,2026-07-22T08:39:43.988105+00:00,KEEP_IN_PLACE
sixiang_anchor_residual_v1_20260722_b2,/private/results/sixiang_anchor_residual_v1_20260722_b2,directory,sixiang,sixiang_direct300_sx_apr,active_do_not_move,yes,2026-07-22T15:24:58.925060+00:00,KEEP_IN_PLACE
sixiang_anchor_residual_v1_20260722_b2_control,/private/results/sixiang_anchor_residual_v1_20260722_b2_control,directory,sixiang,sixiang_direct300_sx_apr,unclassified_keep,no,2026-07-22T09:43:59.572582+00:00,KEEP_IN_PLACE
sixiang_audit_20260719.json,/private/results/sixiang_audit_20260719.json,file,sixiang,unknown,analysis_or_audit,no,2026-07-19T15:42:47.733570+00:00,KEEP_IN_PLACE
sixiang_premise_hf_s0_e100_b64_gpu0,/private/results/sixiang_premise_hf_s0_e100_b64_gpu0,directory,sixiang,sixiang_direct100_premise,unclassified_keep,yes,2026-07-20T18:59:46.490869+00:00,KEEP_IN_PLACE
sixiang_premise_hf_s123_e100_b64_gpu0,/private/results/sixiang_premise_hf_s123_e100_b64_gpu0,directory,sixiang,sixiang_direct100_premise,unclassified_keep,yes,2026-07-20T18:59:47.158966+00:00,KEEP_IN_PLACE
sixiang_premise_hf_s42_e100_b64_gpu1,/private/results/sixiang_premise_hf_s42_e100_b64_gpu1,directory,sixiang,sixiang_direct100_premise,unclassified_keep,yes,2026-07-20T18:59:36.091869+00:00,KEEP_IN_PLACE
sixiang_premise_ho_s0_e100_b64_gpu0,/private/results/sixiang_premise_ho_s0_e100_b64_gpu0,directory,sixiang,sixiang_direct100_premise,unclassified_keep,yes,2026-07-20T18:59:42.557599+00:00,KEEP_IN_PLACE
sixiang_premise_ho_s123_e100_b64_gpu0,/private/results/sixiang_premise_ho_s123_e100_b64_gpu0,directory,sixiang,sixiang_direct100_premise,unclassified_keep,yes,2026-07-20T18:59:42.744770+00:00,KEEP_IN_PLACE
sixiang_premise_ho_s42_e100_b64_gpu1,/private/results/sixiang_premise_ho_s42_e100_b64_gpu1,directory,sixiang,sixiang_direct100_premise,unclassified_keep,yes,2026-07-20T18:58:53.693889+00:00,KEEP_IN_PLACE
sixiang_premise_hr_s0_e100_b64_gpu1,/private/results/sixiang_premise_hr_s0_e100_b64_gpu1,directory,sixiang,sixiang_direct100_premise,unclassified_keep,yes,2026-07-20T18:59:40.105660+00:00,KEEP_IN_PLACE
sixiang_premise_hr_s123_e100_b64_gpu1,/private/results/sixiang_premise_hr_s123_e100_b64_gpu1,directory,sixiang,sixiang_direct100_premise,unclassified_keep,yes,2026-07-20T18:59:39.810235+00:00,KEEP_IN_PLACE
sixiang_premise_hr_s42_e100_b64_gpu0,/private/results/sixiang_premise_hr_s42_e100_b64_gpu0,directory,sixiang,sixiang_direct100_premise,unclassified_keep,yes,2026-07-20T18:59:42.790152+00:00,KEEP_IN_PLACE
sixiang_premise_hs_s0_e100_b64_gpu1,/private/results/sixiang_premise_hs_s0_e100_b64_gpu1,directory,sixiang,sixiang_direct100_premise,unclassified_keep,yes,2026-07-20T17:29:01.275428+00:00,KEEP_IN_PLACE
sixiang_premise_hs_s0_e100_b64_gpu1_launch.log,/private/results/sixiang_premise_hs_s0_e100_b64_gpu1_launch.log,file,sixiang,sixiang_direct100_premise,unclassified_keep,no,2026-07-20T17:29:03.489973+00:00,KEEP_IN_PLACE
sixiang_premise_hs_s123_e100_b64_gpu1,/private/results/sixiang_premise_hs_s123_e100_b64_gpu1,directory,sixiang,sixiang_direct100_premise,unclassified_keep,yes,2026-07-20T18:57:46.735954+00:00,KEEP_IN_PLACE
sixiang_premise_hs_s123_e100_b64_gpu1_launch.log,/private/results/sixiang_premise_hs_s123_e100_b64_gpu1_launch.log,file,sixiang,sixiang_direct100_premise,unclassified_keep,no,2026-07-20T18:57:49.889489+00:00,KEEP_IN_PLACE
sixiang_premise_hs_s42_e100_b64_gpu0,/private/results/sixiang_premise_hs_s42_e100_b64_gpu0,directory,sixiang,sixiang_direct100_premise,unclassified_keep,yes,2026-07-20T17:32:32.295120+00:00,KEEP_IN_PLACE
sixiang_premise_hs_s42_e100_b64_gpu0_launch.log,/private/results/sixiang_premise_hs_s42_e100_b64_gpu0_launch.log,file,sixiang,sixiang_direct100_premise,unclassified_keep,no,2026-07-20T17:32:34.424765+00:00,KEEP_IN_PLACE
sixiang_premise_rgb_s0_e100_b64_gpu1,/private/results/sixiang_premise_rgb_s0_e100_b64_gpu1,directory,sixiang,sixiang_direct100_premise,unclassified_keep,yes,2026-07-20T17:19:49.348838+00:00,KEEP_IN_PLACE
sixiang_premise_rgb_s0_e100_b64_gpu1_launch.log,/private/results/sixiang_premise_rgb_s0_e100_b64_gpu1_launch.log,file,sixiang,sixiang_direct100_premise,unclassified_keep,no,2026-07-20T17:19:51.445333+00:00,KEEP_IN_PLACE
sixiang_premise_rgb_s123_e100_b64_gpu0,/private/results/sixiang_premise_rgb_s123_e100_b64_gpu0,directory,sixiang,sixiang_direct100_premise,unclassified_keep,yes,2026-07-20T17:25:20.457225+00:00,KEEP_IN_PLACE
sixiang_premise_rgb_s123_e100_b64_gpu0_launch.log,/private/results/sixiang_premise_rgb_s123_e100_b64_gpu0_launch.log,file,sixiang,sixiang_direct100_premise,unclassified_keep,no,2026-07-20T17:25:22.353026+00:00,KEEP_IN_PLACE
sixiang_premise_rgb_s42_e100_b64_gpu0,/private/results/sixiang_premise_rgb_s42_e100_b64_gpu0,directory,sixiang,sixiang_direct100_premise,unclassified_keep,yes,2026-07-20T17:23:28.442353+00:00,KEEP_IN_PLACE
sixiang_premise_rgb_s42_e100_b64_gpu0_launch.log,/private/results/sixiang_premise_rgb_s42_e100_b64_gpu0_launch.log,file,sixiang,sixiang_direct100_premise,unclassified_keep,no,2026-07-20T17:23:30.542487+00:00,KEEP_IN_PLACE
sixiang_premise_rgbcmd_s0_e100_b64_gpu1,/private/results/sixiang_premise_rgbcmd_s0_e100_b64_gpu1,directory,sixiang,sixiang_direct100_premise,unclassified_keep,yes,2026-07-20T17:28:40.049573+00:00,KEEP_IN_PLACE
sixiang_premise_rgbcmd_s0_e100_b64_gpu1_launch.log,/private/results/sixiang_premise_rgbcmd_s0_e100_b64_gpu1_launch.log,file,sixiang,sixiang_direct100_premise,unclassified_keep,no,2026-07-20T17:28:42.425271+00:00,KEEP_IN_PLACE
sixiang_premise_rgbcmd_s123_e100_b64_gpu1,/private/results/sixiang_premise_rgbcmd_s123_e100_b64_gpu1,directory,sixiang,sixiang_direct100_premise,unclassified_keep,yes,2026-07-20T17:29:32.085177+00:00,KEEP_IN_PLACE
sixiang_premise_rgbcmd_s123_e100_b64_gpu1_launch.log,/private/results/sixiang_premise_rgbcmd_s123_e100_b64_gpu1_launch.log,file,sixiang,sixiang_direct100_premise,unclassified_keep,no,2026-07-20T17:29:34.713437+00:00,KEEP_IN_PLACE
sixiang_premise_rgbcmd_s42_e100_b64_gpu0,/private/results/sixiang_premise_rgbcmd_s42_e100_b64_gpu0,directory,sixiang,sixiang_direct100_premise,unclassified_keep,yes,2026-07-20T17:32:02.821040+00:00,KEEP_IN_PLACE
sixiang_premise_rgbcmd_s42_e100_b64_gpu0_launch.log,/private/results/sixiang_premise_rgbcmd_s42_e100_b64_gpu0_launch.log,file,sixiang,sixiang_direct100_premise,unclassified_keep,no,2026-07-20T17:32:05.301654+00:00,KEEP_IN_PLACE
sixiang_premise_sar_s0_e100_b64_gpu1,/private/results/sixiang_premise_sar_s0_e100_b64_gpu1,directory,sixiang,sixiang_direct100_premise,unclassified_keep,yes,2026-07-20T17:17:43.192088+00:00,KEEP_IN_PLACE
sixiang_premise_sar_s0_e100_b64_gpu1_launch.log,/private/results/sixiang_premise_sar_s0_e100_b64_gpu1_launch.log,file,sixiang,sixiang_direct100_premise,unclassified_keep,no,2026-07-20T17:17:45.237207+00:00,KEEP_IN_PLACE
sixiang_premise_sar_s123_e100_b64_gpu0,/private/results/sixiang_premise_sar_s123_e100_b64_gpu0,directory,sixiang,sixiang_direct100_premise,unclassified_keep,yes,2026-07-20T17:24:44.521989+00:00,KEEP_IN_PLACE
sixiang_premise_sar_s123_e100_b64_gpu0_launch.log,/private/results/sixiang_premise_sar_s123_e100_b64_gpu0_launch.log,file,sixiang,sixiang_direct100_premise,unclassified_keep,no,2026-07-20T17:24:46.857442+00:00,KEEP_IN_PLACE
sixiang_premise_sar_s42_e100_b64_gpu0,/private/results/sixiang_premise_sar_s42_e100_b64_gpu0,directory,sixiang,sixiang_direct100_premise,unclassified_keep,yes,2026-07-20T17:21:51.543653+00:00,KEEP_IN_PLACE
sixiang_premise_sar_s42_e100_b64_gpu0_launch.log,/private/results/sixiang_premise_sar_s42_e100_b64_gpu0_launch.log,file,sixiang,sixiang_direct100_premise,unclassified_keep,no,2026-07-20T17:21:53.834071+00:00,KEEP_IN_PLACE
sixiang_rgb_attr_v1_20260722,/private/results/sixiang_rgb_attr_v1_20260722,directory,sixiang,sixiang_direct300_rgb_attribution,unclassified_keep,yes,2026-07-21T18:51:21.198786+00:00,KEEP_IN_PLACE
sixiang_rgb_attr_v1_20260722_a2,/private/results/sixiang_rgb_attr_v1_20260722_a2,directory,sixiang,sixiang_direct300_rgb_attribution,unclassified_keep,yes,2026-07-21T19:14:30.704412+00:00,KEEP_IN_PLACE
sixiang_rgb_attr_v1_20260722_a3,/private/results/sixiang_rgb_attr_v1_20260722_a3,directory,sixiang,sixiang_direct300_rgb_attribution,unclassified_keep,yes,2026-07-21T19:32:41.925969+00:00,KEEP_IN_PLACE
sixiang_rgb_attr_v1_20260722_a4,/private/results/sixiang_rgb_attr_v1_20260722_a4,directory,sixiang,sixiang_direct300_rgb_attribution,unclassified_keep,yes,2026-07-21T19:56:10.778072+00:00,KEEP_IN_PLACE
sixiang_rgb_attr_v1_20260722_a5,/private/results/sixiang_rgb_attr_v1_20260722_a5,directory,sixiang,sixiang_direct300_rgb_attribution,unclassified_keep,yes,2026-07-21T20:08:49.356739+00:00,KEEP_IN_PLACE
sixiang_rgb_attr_v1_20260722_a8,/private/results/sixiang_rgb_attr_v1_20260722_a8,directory,sixiang,sixiang_direct300_rgb_attribution,unclassified_keep,yes,2026-07-21T23:28:43.109699+00:00,KEEP_IN_PLACE
sixiang_rgb_attr_v1_20260722_a9,/private/results/sixiang_rgb_attr_v1_20260722_a9,directory,sixiang,sixiang_direct300_rgb_attribution,unclassified_keep,yes,2026-07-22T04:25:31.094531+00:00,KEEP_IN_PLACE
sixiang_rgb_attr_v1_20260722_control,/private/results/sixiang_rgb_attr_v1_20260722_control,directory,sixiang,sixiang_direct300_rgb_attribution,unclassified_keep,no,2026-07-21T18:39:53.250044+00:00,KEEP_IN_PLACE
sixiang_u300_fgd_s0_gpu0,/private/results/sixiang_u300_fgd_s0_gpu0,directory,sixiang,sixiang_direct300_legacy_unified,unclassified_keep,no,2026-07-21T14:52:12.952410+00:00,KEEP_IN_PLACE
sixiang_u300_fgd_s0_gpu0_exit_20260721T130704,/private/results/sixiang_u300_fgd_s0_gpu0_exit_20260721T130704,directory,sixiang,sixiang_direct300_legacy_unified,failed_or_duplicate_keep,no,2026-07-21T04:55:48.141852+00:00,KEEP_IN_PLACE
sixiang_u300_fgd_s0_gpu0_failed_20260721T151605,/private/results/sixiang_u300_fgd_s0_gpu0_failed_20260721T151605,directory,sixiang,sixiang_direct300_legacy_unified,failed_or_duplicate_keep,no,2026-07-21T07:03:25.125107+00:00,KEEP_IN_PLACE
sixiang_u300_fgd_s0_gpu0_hung_20260721T150142,/private/results/sixiang_u300_fgd_s0_gpu0_hung_20260721T150142,directory,sixiang,sixiang_direct300_legacy_unified,failed_or_duplicate_keep,no,2026-07-21T06:58:14.516112+00:00,KEEP_IN_PLACE
sixiang_u300_fgd_s0_gpu1_exit_20260721T144237,/private/results/sixiang_u300_fgd_s0_gpu1_exit_20260721T144237,directory,sixiang,sixiang_direct300_legacy_unified,failed_or_duplicate_keep,no,2026-07-21T05:10:20.918972+00:00,KEEP_IN_PLACE
sixiang_u300_fgd_s0_gpu1_exit_20260721T145349,/private/results/sixiang_u300_fgd_s0_gpu1_exit_20260721T145349,directory,sixiang,sixiang_direct300_legacy_unified,failed_or_duplicate_keep,no,2026-07-21T06:42:53.867347+00:00,KEEP_IN_PLACE
sixiang_u300_fgd_s0_gpu1_failed_20260721T151605,/private/results/sixiang_u300_fgd_s0_gpu1_failed_20260721T151605,directory,sixiang,sixiang_direct300_legacy_unified,failed_or_duplicate_keep,no,2026-07-21T07:05:28.827867+00:00,KEEP_IN_PLACE
sixiang_u300_fgd_s0_gpu1_failed_20260721T152328,/private/results/sixiang_u300_fgd_s0_gpu1_failed_20260721T152328,directory,sixiang,sixiang_direct300_legacy_unified,failed_or_duplicate_keep,no,2026-07-21T07:17:31.626742+00:00,KEEP_IN_PLACE
sixiang_u300_fgd_s0_gpu1_hung_20260721T150142,/private/results/sixiang_u300_fgd_s0_gpu1_hung_20260721T150142,directory,sixiang,sixiang_direct300_legacy_unified,failed_or_duplicate_keep,no,2026-07-21T06:54:52.686531+00:00,KEEP_IN_PLACE
sixiang_u300_fgd_s123_gpu1,/private/results/sixiang_u300_fgd_s123_gpu1,directory,sixiang,sixiang_direct300_legacy_unified,unclassified_keep,no,2026-07-21T13:54:04.135545+00:00,KEEP_IN_PLACE
sixiang_u300_fgd_s42_gpu1,/private/results/sixiang_u300_fgd_s42_gpu1,directory,sixiang,sixiang_direct300_legacy_unified,unclassified_keep,no,2026-07-21T13:54:20.838603+00:00,KEEP_IN_PLACE
sixiang_u300_hf_s0_gpu0,/private/results/sixiang_u300_hf_s0_gpu0,directory,sixiang,sixiang_direct300_legacy_unified,unclassified_keep,no,2026-07-21T02:06:24.346968+00:00,KEEP_IN_PLACE
sixiang_u300_hf_s123_gpu0,/private/results/sixiang_u300_hf_s123_gpu0,directory,sixiang,sixiang_direct300_legacy_unified,unclassified_keep,no,2026-07-21T03:33:23.766461+00:00,KEEP_IN_PLACE
sixiang_u300_hf_s42_gpu1,/private/results/sixiang_u300_hf_s42_gpu1,directory,sixiang,sixiang_direct300_legacy_unified,unclassified_keep,no,2026-07-21T02:06:43.176055+00:00,KEEP_IN_PLACE
sixiang_u300_ho_s0_gpu0,/private/results/sixiang_u300_ho_s0_gpu0,directory,sixiang,sixiang_direct300_legacy_unified,unclassified_keep,no,2026-07-21T06:52:49.400920+00:00,KEEP_IN_PLACE
sixiang_u300_ho_s123_gpu0,/private/results/sixiang_u300_ho_s123_gpu0,directory,sixiang,sixiang_direct300_legacy_unified,unclassified_keep,no,2026-07-21T06:52:59.165382+00:00,KEEP_IN_PLACE
sixiang_u300_ho_s42_gpu0,/private/results/sixiang_u300_ho_s42_gpu0,directory,sixiang,sixiang_direct300_legacy_unified,unclassified_keep,no,2026-07-21T06:52:37.542885+00:00,KEEP_IN_PLACE
sixiang_u300_hr_s0_gpu1,/private/results/sixiang_u300_hr_s0_gpu1,directory,sixiang,sixiang_direct300_legacy_unified,unclassified_keep,no,2026-07-21T03:33:28.443429+00:00,KEEP_IN_PLACE
sixiang_u300_hr_s123_gpu1,/private/results/sixiang_u300_hr_s123_gpu1,directory,sixiang,sixiang_direct300_legacy_unified,unclassified_keep,no,2026-07-21T05:06:58.471359+00:00,KEEP_IN_PLACE
sixiang_u300_hr_s42_gpu0,/private/results/sixiang_u300_hr_s42_gpu0,directory,sixiang,sixiang_direct300_legacy_unified,unclassified_keep,no,2026-07-21T05:08:11.707128+00:00,KEEP_IN_PLACE
sixiang_u300_hs_s0_gpu0,/private/results/sixiang_u300_hs_s0_gpu0,directory,sixiang,sixiang_direct300_legacy_unified,unclassified_keep,no,2026-07-20T21:43:24.679757+00:00,KEEP_IN_PLACE
sixiang_u300_hs_s123_gpu0,/private/results/sixiang_u300_hs_s123_gpu0,directory,sixiang,sixiang_direct300_legacy_unified,unclassified_keep,no,2026-07-20T23:10:54.952243+00:00,KEEP_IN_PLACE
sixiang_u300_hs_s42_gpu1,/private/results/sixiang_u300_hs_s42_gpu1,directory,sixiang,sixiang_direct300_legacy_unified,unclassified_keep,no,2026-07-20T21:43:53.677503+00:00,KEEP_IN_PLACE
sixiang_u300_ladd_identity_s0_gpu0,/private/results/sixiang_u300_ladd_identity_s0_gpu0,directory,sixiang,sixiang_direct300_legacy_unified,unclassified_keep,no,2026-07-21T10:36:14.104054+00:00,KEEP_IN_PLACE
sixiang_u300_ladd_identity_s0_gpu0_hung_20260721T170657,/private/results/sixiang_u300_ladd_identity_s0_gpu0_hung_20260721T170657,directory,sixiang,sixiang_direct300_legacy_unified,failed_or_duplicate_keep,no,2026-07-21T07:22:47.600143+00:00,KEEP_IN_PLACE
sixiang_u300_ladd_identity_s0_gpu1_exit_20260721T151937,/private/results/sixiang_u300_ladd_identity_s0_gpu1_exit_20260721T151937,directory,sixiang,sixiang_direct300_legacy_unified,failed_or_duplicate_keep,no,2026-07-21T07:19:36.203358+00:00,KEEP_IN_PLACE
sixiang_u300_ladd_identity_s0_gpu1_hung_20260721T170657,/private/results/sixiang_u300_ladd_identity_s0_gpu1_hung_20260721T170657,directory,sixiang,sixiang_direct300_legacy_unified,failed_or_duplicate_keep,no,2026-07-21T08:45:55.806184+00:00,KEEP_IN_PLACE
sixiang_u300_ladd_identity_s123_gpu0_exit_20260721T153936,/private/results/sixiang_u300_ladd_identity_s123_gpu0_exit_20260721T153936,directory,sixiang,sixiang_direct300_legacy_unified,failed_or_duplicate_keep,no,2026-07-21T07:24:59.438239+00:00,KEEP_IN_PLACE
sixiang_u300_ladd_identity_s123_gpu0_exit_manual_20260721T1815,/private/results/sixiang_u300_ladd_identity_s123_gpu0_exit_manual_20260721T1815,directory,sixiang,sixiang_direct300_legacy_unified,failed_or_duplicate_keep,no,2026-07-21T09:23:29.721644+00:00,KEEP_IN_PLACE
sixiang_u300_ladd_identity_s42_gpu12_exit_20260721T154047,/private/results/sixiang_u300_ladd_identity_s42_gpu12_exit_20260721T154047,directory,sixiang,sixiang_direct300_legacy_unified,failed_or_duplicate_keep,no,2026-07-21T07:22:51.018865+00:00,KEEP_IN_PLACE
sixiang_u300_ladd_identity_s42_gpu12_failed_20260721T170734,/private/results/sixiang_u300_ladd_identity_s42_gpu12_failed_20260721T170734,directory,sixiang,sixiang_direct300_legacy_unified,failed_or_duplicate_keep,no,2026-07-21T08:48:48.129177+00:00,KEEP_IN_PLACE
sixiang_u300_ladd_identity_s42_gpu12_failed_20260721T170943,/private/results/sixiang_u300_ladd_identity_s42_gpu12_failed_20260721T170943,directory,sixiang,sixiang_direct300_legacy_unified,failed_or_duplicate_keep,no,2026-07-21T09:07:48.542695+00:00,KEEP_IN_PLACE
sixiang_u300_ladd_identity_s42_gpu1_exit_20260721T152106,/private/results/sixiang_u300_ladd_identity_s42_gpu1_exit_20260721T152106,directory,sixiang,sixiang_direct300_legacy_unified,failed_or_duplicate_keep,no,2026-07-21T07:20:08.818375+00:00,KEEP_IN_PLACE
sixiang_u300_ladd_identity_s42_gpu1_exit_20260721T154047,/private/results/sixiang_u300_ladd_identity_s42_gpu1_exit_20260721T154047,directory,sixiang,sixiang_direct300_legacy_unified,failed_or_duplicate_keep,no,2026-07-21T07:23:24.907573+00:00,KEEP_IN_PLACE
sixiang_u300_ladd_identity_s42_gpu1_exit_20260721T164603,/private/results/sixiang_u300_ladd_identity_s42_gpu1_exit_20260721T164603,directory,sixiang,sixiang_direct300_legacy_unified,failed_or_duplicate_keep,no,2026-07-21T08:46:02.061856+00:00,KEEP_IN_PLACE
sixiang_u300_ladd_identity_s42_gpu1_exit_20260721T164736,/private/results/sixiang_u300_ladd_identity_s42_gpu1_exit_20260721T164736,directory,sixiang,sixiang_direct300_legacy_unified,failed_or_duplicate_keep,no,2026-07-21T08:46:46.850353+00:00,KEEP_IN_PLACE
sixiang_u300_ladd_identity_s42_gpu1_failed_20260721T170734,/private/results/sixiang_u300_ladd_identity_s42_gpu1_failed_20260721T170734,directory,sixiang,sixiang_direct300_legacy_unified,failed_or_duplicate_keep,no,2026-07-21T08:47:37.766714+00:00,KEEP_IN_PLACE
sixiang_u300_ladd_plain_s0_gpu1,/private/results/sixiang_u300_ladd_plain_s0_gpu1,directory,sixiang,sixiang_direct300_legacy_unified,unclassified_keep,no,2026-07-21T17:35:09.460018+00:00,KEEP_IN_PLACE
sixiang_u300_ladd_plain_s123_gpu1,/private/results/sixiang_u300_ladd_plain_s123_gpu1,directory,sixiang,sixiang_direct300_legacy_unified,unclassified_keep,no,2026-07-21T17:35:59.211627+00:00,KEEP_IN_PLACE
sixiang_u300_ladd_plain_s42_gpu1,/private/results/sixiang_u300_ladd_plain_s42_gpu1,directory,sixiang,sixiang_direct300_legacy_unified,unclassified_keep,no,2026-07-21T17:35:21.560493+00:00,KEEP_IN_PLACE
sixiang_u300_ladd_singleproj_s0_gpu0,/private/results/sixiang_u300_ladd_singleproj_s0_gpu0,directory,sixiang,sixiang_direct300_legacy_unified,unclassified_keep,no,2026-07-21T16:32:23.423980+00:00,KEEP_IN_PLACE
sixiang_u300_ladd_singleproj_s0_gpu1,/private/results/sixiang_u300_ladd_singleproj_s0_gpu1,directory,sixiang,sixiang_direct300_legacy_unified,unclassified_keep,no,2026-07-21T14:49:00.576363+00:00,KEEP_IN_PLACE
sixiang_u300_ladd_singleproj_s123_gpu0,/private/results/sixiang_u300_ladd_singleproj_s123_gpu0,directory,sixiang,sixiang_direct300_legacy_unified,unclassified_keep,no,2026-07-21T16:32:44.909653+00:00,KEEP_IN_PLACE
sixiang_u300_ladd_singleproj_s123_gpu1,/private/results/sixiang_u300_ladd_singleproj_s123_gpu1,directory,sixiang,sixiang_direct300_legacy_unified,unclassified_keep,no,2026-07-21T14:48:30.739779+00:00,KEEP_IN_PLACE
sixiang_u300_ladd_singleproj_s42_gpu0,/private/results/sixiang_u300_ladd_singleproj_s42_gpu0,directory,sixiang,sixiang_direct300_legacy_unified,unclassified_keep,no,2026-07-21T16:32:44.605339+00:00,KEEP_IN_PLACE
sixiang_u300_ladd_singleproj_s42_gpu1,/private/results/sixiang_u300_ladd_singleproj_s42_gpu1,directory,sixiang,sixiang_direct300_legacy_unified,unclassified_keep,no,2026-07-21T14:48:48.878087+00:00,KEEP_IN_PLACE
sixiang_u300_lcsr_v1_s0_gpu1,/private/results/sixiang_u300_lcsr_v1_s0_gpu1,directory,sixiang,sixiang_direct300_legacy_unified,unclassified_keep,no,2026-07-21T17:23:57.295463+00:00,KEEP_IN_PLACE
sixiang_u300_lcsr_v1_s123_gpu1,/private/results/sixiang_u300_lcsr_v1_s123_gpu1,directory,sixiang,sixiang_direct300_legacy_unified,unclassified_keep,no,2026-07-21T17:35:58.840341+00:00,KEEP_IN_PLACE
sixiang_u300_lcsr_v1_s42_gpu1,/private/results/sixiang_u300_lcsr_v1_s42_gpu1,directory,sixiang,sixiang_direct300_legacy_unified,unclassified_keep,no,2026-07-21T15:00:45.139797+00:00,KEEP_IN_PLACE
sixiang_u300_ld_s0_gpu0,/private/results/sixiang_u300_ld_s0_gpu0,directory,sixiang,sixiang_direct300_legacy_unified,unclassified_keep,no,2026-07-21T09:39:44.215195+00:00,KEEP_IN_PLACE
sixiang_u300_ld_s0_gpu1_hung_20260721T144137,/private/results/sixiang_u300_ld_s0_gpu1_hung_20260721T144137,directory,sixiang,sixiang_direct300_legacy_unified,failed_or_duplicate_keep,no,2026-07-21T06:21:15.647304+00:00,KEEP_IN_PLACE
sixiang_u300_ld_s123_gpu0,/private/results/sixiang_u300_ld_s123_gpu0,directory,sixiang,sixiang_direct300_legacy_unified,unclassified_keep,no,2026-07-21T11:51:30.831010+00:00,KEEP_IN_PLACE
sixiang_u300_ld_s123_gpu0_failed_20260721T151927,/private/results/sixiang_u300_ld_s123_gpu0_failed_20260721T151927,directory,sixiang,sixiang_direct300_legacy_unified,failed_or_duplicate_keep,no,2026-07-21T07:18:39.654784+00:00,KEEP_IN_PLACE
sixiang_u300_ld_s123_gpu0_failed_20260721T153936,/private/results/sixiang_u300_ld_s123_gpu0_failed_20260721T153936,directory,sixiang,sixiang_direct300_legacy_unified,failed_or_duplicate_keep,no,2026-07-21T07:20:09.227036+00:00,KEEP_IN_PLACE
sixiang_u300_ld_s123_gpu0_hung_20260721T151645,/private/results/sixiang_u300_ld_s123_gpu0_hung_20260721T151645,directory,sixiang,sixiang_direct300_legacy_unified,failed_or_duplicate_keep,no,2026-07-21T06:57:26.330826+00:00,KEEP_IN_PLACE
sixiang_u300_ld_s123_gpu0_hung_20260721T151721,/private/results/sixiang_u300_ld_s123_gpu0_hung_20260721T151721,directory,sixiang,sixiang_direct300_legacy_unified,failed_or_duplicate_keep,no,2026-07-21T07:17:16.695751+00:00,KEEP_IN_PLACE
sixiang_u300_ld_s123_gpu1_exit_20260721T145510,/private/results/sixiang_u300_ld_s123_gpu1_exit_20260721T145510,directory,sixiang,sixiang_direct300_legacy_unified,failed_or_duplicate_keep,no,2026-07-21T06:22:24.470089+00:00,KEEP_IN_PLACE
sixiang_u300_ld_s123_gpu1_hung_20260721T151645,/private/results/sixiang_u300_ld_s123_gpu1_hung_20260721T151645,directory,sixiang,sixiang_direct300_legacy_unified,failed_or_duplicate_keep,no,2026-07-21T06:55:29.636560+00:00,KEEP_IN_PLACE
sixiang_u300_ld_s42_gpu0,/private/results/sixiang_u300_ld_s42_gpu0,directory,sixiang,sixiang_direct300_legacy_unified,unclassified_keep,no,2026-07-21T13:35:53.167033+00:00,KEEP_IN_PLACE
sixiang_u300_ld_s42_gpu02_failed_20260721T151449,/private/results/sixiang_u300_ld_s42_gpu02_failed_20260721T151449,directory,sixiang,sixiang_direct300_legacy_unified,failed_or_duplicate_keep,no,2026-07-21T07:03:02.308784+00:00,KEEP_IN_PLACE
sixiang_u300_ld_s42_gpu02_hung_20260721T150258,/private/results/sixiang_u300_ld_s42_gpu02_hung_20260721T150258,directory,sixiang,sixiang_direct300_legacy_unified,failed_or_duplicate_keep,no,2026-07-21T06:53:29.679650+00:00,KEEP_IN_PLACE
sixiang_u300_ld_s42_gpu0_exit_20260721T144237,/private/results/sixiang_u300_ld_s42_gpu0_exit_20260721T144237,directory,sixiang,sixiang_direct300_legacy_unified,failed_or_duplicate_keep,no,2026-07-21T05:09:58.780338+00:00,KEEP_IN_PLACE
sixiang_u300_ld_s42_gpu0_exit_20260721T145239,/private/results/sixiang_u300_ld_s42_gpu0_exit_20260721T145239,directory,sixiang,sixiang_direct300_legacy_unified,failed_or_duplicate_keep,no,2026-07-21T06:42:53.456224+00:00,KEEP_IN_PLACE
sixiang_u300_ld_s42_gpu0_failed_20260721T153747,/private/results/sixiang_u300_ld_s42_gpu0_failed_20260721T153747,directory,sixiang,sixiang_direct300_legacy_unified,failed_or_duplicate_keep,no,2026-07-21T07:16:03.093652+00:00,KEEP_IN_PLACE
sixiang_u300_ld_s42_gpu0_hung_20260721T150258,/private/results/sixiang_u300_ld_s42_gpu0_hung_20260721T150258,directory,sixiang,sixiang_direct300_legacy_unified,failed_or_duplicate_keep,no,2026-07-21T06:52:54.535020+00:00,KEEP_IN_PLACE
sixiang_u300_ld_s42_gpu0_hung_20260721T201049,/private/results/sixiang_u300_ld_s42_gpu0_hung_20260721T201049,directory,sixiang,sixiang_direct300_legacy_unified,failed_or_duplicate_keep,no,2026-07-21T11:50:28.475422+00:00,KEEP_IN_PLACE
sixiang_u300_ld_s42_gpu1_exit_20260721T130814,/private/results/sixiang_u300_ld_s42_gpu1_exit_20260721T130814,directory,sixiang,sixiang_direct300_legacy_unified,failed_or_duplicate_keep,no,2026-07-21T04:56:22.639106+00:00,KEEP_IN_PLACE
sixiang_u300_mm_arcs_p3far_s0_gpu1,/private/results/sixiang_u300_mm_arcs_p3far_s0_gpu1,directory,sixiang,sixiang_direct300_legacy_unified,unclassified_keep,no,2026-07-21T12:39:12.032233+00:00,KEEP_IN_PLACE
sixiang_u300_mm_arcs_p3far_s123_gpu1,/private/results/sixiang_u300_mm_arcs_p3far_s123_gpu1,directory,sixiang,sixiang_direct300_legacy_unified,unclassified_keep,no,2026-07-21T12:47:08.219414+00:00,KEEP_IN_PLACE
sixiang_u300_mm_arcs_p3far_s42_gpu0,/private/results/sixiang_u300_mm_arcs_p3far_s42_gpu0,directory,sixiang,sixiang_direct300_legacy_unified,unclassified_keep,no,2026-07-21T12:53:37.074240+00:00,KEEP_IN_PLACE
sixiang_u300_rgbcmd_s0_gpu1,/private/results/sixiang_u300_rgbcmd_s0_gpu1,directory,sixiang,sixiang_direct300_legacy_unified,unclassified_keep,no,2026-07-20T23:11:16.481978+00:00,KEEP_IN_PLACE
sixiang_u300_rgbcmd_s123_gpu1,/private/results/sixiang_u300_rgbcmd_s123_gpu1,directory,sixiang,sixiang_direct300_legacy_unified,unclassified_keep,no,2026-07-21T00:39:26.219519+00:00,KEEP_IN_PLACE
sixiang_u300_rgbcmd_s42_gpu0,/private/results/sixiang_u300_rgbcmd_s42_gpu0,directory,sixiang,sixiang_direct300_legacy_unified,unclassified_keep,no,2026-07-21T00:38:38.043539+00:00,KEEP_IN_PLACE
strict_bijective_shuffle,/private/results/strict_bijective_shuffle,directory,other_or_unknown,unknown,unclassified_keep,no,2026-07-17T11:32:56.554551+00:00,KEEP_IN_PLACE
