epoch,time,train/box_loss,train/cls_loss,train/dfl_loss,train/kd_lld,train/kd_ccl,metrics/precision(B),metrics/recall(B),metrics/mAP50(B),metrics/mAP50-95(B),val/box_loss,val/cls_loss,val/dfl_loss,val/kd_lld,val/kd_ccl,lr/pg0,lr/pg1,lr/pg2
1,408.602,1.40025,1.59452,1.26578,3e-05,0.69059,0,0,0,0,0,0,0,0,0,0.00332741,0.00332741,0.0700533
2,803.445,1.32133,1.02529,1.207,3e-05,0.69051,0,0,0,0,0,0,0,0,0,0.00662778,0.00662778,0.0400203
3,1186.58,1.33074,0.99366,1.2063,3e-05,0.69094,0,0,0,0,0,0,0,0,0,0.00989514,0.00989514,0.00995434
4,1552.07,1.32513,0.97417,1.20694,3e-05,0.69074,0,0,0,0,0,0,0,0,0,0.0098515,0.0098515,0.0098515
5,1921,1.2898,0.89915,1.18195,3e-05,0.6909,0,0,0,0,0,0,0,0,0,0.009802,0.009802,0.009802
6,2343.31,1.26684,0.85439,1.16925,3e-05,0.69074,0,0,0,0,0,0,0,0,0,0.0097525,0.0097525,0.0097525
7,3037.84,1.2466,0.825,1.15795,2e-05,0.6907,0,0,0,0,0,0,0,0,0,0.009703,0.009703,0.009703
8,3700.28,1.23533,0.7979,1.1496,3e-05,0.69055,0,0,0,0,0,0,0,0,0,0.0096535,0.0096535,0.0096535
9,4013.11,1.22481,0.78156,1.14647,2e-05,0.69063,0,0,0,0,0,0,0,0,0,0.009604,0.009604,0.009604
10,4338.14,1.21236,0.76792,1.14078,2e-05,0.69113,0,0,0,0,0,0,0,0,0,0.0095545,0.0095545,0.0095545
11,4636.6,1.20442,0.754,1.13463,2e-05,0.69105,0,0,0,0,0,0,0,0,0,0.009505,0.009505,0.009505
12,4876.34,1.19894,0.73718,1.12836,2e-05,0.69063,0,0,0,0,0,0,0,0,0,0.0094555,0.0094555,0.0094555
13,5116.84,1.19519,0.73504,1.12651,2e-05,0.69078,0,0,0,0,0,0,0,0,0,0.009406,0.009406,0.009406
14,5375.18,1.18471,0.72215,1.12162,2e-05,0.69055,0,0,0,0,0,0,0,0,0,0.0093565,0.0093565,0.0093565
15,5652.23,1.17833,0.71384,1.12043,2e-05,0.69105,0,0,0,0,0,0,0,0,0,0.009307,0.009307,0.009307
16,5892.42,1.17276,0.70673,1.11675,2e-05,0.69078,0,0,0,0,0,0,0,0,0,0.0092575,0.0092575,0.0092575
17,6132.48,1.16698,0.69995,1.11428,2e-05,0.69101,0,0,0,0,0,0,0,0,0,0.009208,0.009208,0.009208
18,6371.25,1.16529,0.69678,1.11061,2e-05,0.69086,0,0,0,0,0,0,0,0,0,0.0091585,0.0091585,0.0091585
19,6615.84,1.16043,0.68879,1.11249,2e-05,0.69063,0,0,0,0,0,0,0,0,0,0.009109,0.009109,0.009109
20,6857.86,1.15756,0.68293,1.10971,2e-05,0.69063,0,0,0,0,0,0,0,0,0,0.0090595,0.0090595,0.0090595
21,7101.36,1.15468,0.68065,1.10774,2e-05,0.69051,0,0,0,0,0,0,0,0,0,0.00901,0.00901,0.00901
22,7344.26,1.14969,0.6727,1.10567,2e-05,0.69051,0,0,0,0,0,0,0,0,0,0.0089605,0.0089605,0.0089605
23,7585.85,1.14777,0.67096,1.1029,2e-05,0.69105,0,0,0,0,0,0,0,0,0,0.008911,0.008911,0.008911
24,7830.07,1.14639,0.66849,1.1019,2e-05,0.69008,0,0,0,0,0,0,0,0,0,0.0088615,0.0088615,0.0088615
25,8072.03,1.13987,0.66403,1.09883,2e-05,0.69051,0,0,0,0,0,0,0,0,0,0.008812,0.008812,0.008812
26,8310.96,1.13785,0.65733,1.09817,2e-05,0.69062,0,0,0,0,0,0,0,0,0,0.0087625,0.0087625,0.0087625
27,8548.22,1.13335,0.65531,1.09781,2e-05,0.69032,0,0,0,0,0,0,0,0,0,0.008713,0.008713,0.008713
28,8785.9,1.13315,0.65184,1.09492,2e-05,0.6907,0,0,0,0,0,0,0,0,0,0.0086635,0.0086635,0.0086635
29,9025.92,1.12938,0.64807,1.09623,2e-05,0.69078,0,0,0,0,0,0,0,0,0,0.008614,0.008614,0.008614
30,9379.77,1.12976,0.64527,1.0931,2e-05,0.69024,0,0,0,0,0,0,0,0,0,0.0085645,0.0085645,0.0085645
31,9734.87,1.1265,0.64445,1.09224,2e-05,0.69078,0,0,0,0,0,0,0,0,0,0.008515,0.008515,0.008515
32,9973.25,1.12276,0.64033,1.09116,2e-05,0.69089,0,0,0,0,0,0,0,0,0,0.0084655,0.0084655,0.0084655
33,10226.4,1.12149,0.64002,1.08978,2e-05,0.69039,0,0,0,0,0,0,0,0,0,0.008416,0.008416,0.008416
34,10515.2,1.11996,0.63718,1.08659,2e-05,0.69028,0,0,0,0,0,0,0,0,0,0.0083665,0.0083665,0.0083665
35,10752.3,1.11992,0.63383,1.0902,2e-05,0.69066,0,0,0,0,0,0,0,0,0,0.008317,0.008317,0.008317
36,10990.4,1.11683,0.63171,1.08749,2e-05,0.69032,0,0,0,0,0,0,0,0,0,0.0082675,0.0082675,0.0082675
37,11265.6,1.11581,0.63058,1.08768,2e-05,0.69078,0,0,0,0,0,0,0,0,0,0.008218,0.008218,0.008218
38,11555.3,1.11166,0.62784,1.08404,2e-05,0.69082,0,0,0,0,0,0,0,0,0,0.0081685,0.0081685,0.0081685
39,11810.9,1.11188,0.62585,1.08272,2e-05,0.69082,0,0,0,0,0,0,0,0,0,0.008119,0.008119,0.008119
40,12053,1.11296,0.62337,1.08784,2e-05,0.69074,0,0,0,0,0,0,0,0,0,0.0080695,0.0080695,0.0080695
41,12295.3,1.10902,0.62224,1.08238,2e-05,0.69082,0,0,0,0,0,0,0,0,0,0.00802,0.00802,0.00802
42,12535.8,1.10806,0.62025,1.08176,2e-05,0.69063,0,0,0,0,0,0,0,0,0,0.0079705,0.0079705,0.0079705
43,12776.4,1.10411,0.61939,1.07888,2e-05,0.69039,0,0,0,0,0,0,0,0,0,0.007921,0.007921,0.007921
44,13017.3,1.10507,0.61528,1.08123,2e-05,0.69059,0,0,0,0,0,0,0,0,0,0.0078715,0.0078715,0.0078715
45,13257.4,1.1018,0.61434,1.07878,2e-05,0.69035,0,0,0,0,0,0,0,0,0,0.007822,0.007822,0.007822
46,13497.4,1.10262,0.61293,1.08228,2e-05,0.69109,0,0,0,0,0,0,0,0,0,0.0077725,0.0077725,0.0077725
47,13735,1.0988,0.60993,1.08057,2e-05,0.69051,0,0,0,0,0,0,0,0,0,0.007723,0.007723,0.007723
48,13968.6,1.09715,0.6096,1.07722,2e-05,0.69086,0,0,0,0,0,0,0,0,0,0.0076735,0.0076735,0.0076735
49,14201.5,1.09902,0.60945,1.07865,2e-05,0.69032,0,0,0,0,0,0,0,0,0,0.007624,0.007624,0.007624
50,14437.2,1.09614,0.60602,1.07559,2e-05,0.6902,0,0,0,0,0,0,0,0,0,0.0075745,0.0075745,0.0075745
51,14674.2,1.09678,0.60495,1.07573,2e-05,0.69055,0,0,0,0,0,0,0,0,0,0.007525,0.007525,0.007525
52,14908.8,1.0916,0.60179,1.07728,2e-05,0.69089,0,0,0,0,0,0,0,0,0,0.0074755,0.0074755,0.0074755
53,15145.1,1.09404,0.60102,1.07446,2e-05,0.69089,0,0,0,0,0,0,0,0,0,0.007426,0.007426,0.007426
54,15378.4,1.08937,0.59855,1.07443,2e-05,0.69082,0,0,0,0,0,0,0,0,0,0.0073765,0.0073765,0.0073765
55,15610.8,1.09082,0.59699,1.07616,2e-05,0.69055,0,0,0,0,0,0,0,0,0,0.007327,0.007327,0.007327
56,15842.9,1.08591,0.59587,1.07457,2e-05,0.69089,0,0,0,0,0,0,0,0,0,0.0072775,0.0072775,0.0072775
57,16073.7,1.08736,0.59455,1.07327,2e-05,0.69043,0,0,0,0,0,0,0,0,0,0.007228,0.007228,0.007228
58,16306.1,1.08458,0.5923,1.07056,2e-05,0.69043,0,0,0,0,0,0,0,0,0,0.0071785,0.0071785,0.0071785
59,16537.5,1.08524,0.59239,1.07077,2e-05,0.69078,0,0,0,0,0,0,0,0,0,0.007129,0.007129,0.007129
60,16770.8,1.08542,0.59261,1.07022,2e-05,0.69082,0,0,0,0,0,0,0,0,0,0.0070795,0.0070795,0.0070795
61,17004,1.08249,0.59027,1.07096,2e-05,0.69059,0,0,0,0,0,0,0,0,0,0.00703,0.00703,0.00703
62,17235.6,1.08251,0.58891,1.06886,2e-05,0.69112,0,0,0,0,0,0,0,0,0,0.0069805,0.0069805,0.0069805
63,17467.1,1.08161,0.58771,1.06614,2e-05,0.69043,0,0,0,0,0,0,0,0,0,0.006931,0.006931,0.006931
64,17699.9,1.07828,0.58527,1.06962,2e-05,0.69074,0,0,0,0,0,0,0,0,0,0.0068815,0.0068815,0.0068815
65,17934.3,1.0797,0.58618,1.07005,2e-05,0.69062,0,0,0,0,0,0,0,0,0,0.006832,0.006832,0.006832
66,18164.9,1.07931,0.58558,1.06968,2e-05,0.69055,0,0,0,0,0,0,0,0,0,0.0067825,0.0067825,0.0067825
67,18395,1.07515,0.58005,1.06633,2e-05,0.69093,0,0,0,0,0,0,0,0,0,0.006733,0.006733,0.006733
68,18623,1.07739,0.58259,1.06754,2e-05,0.69059,0,0,0,0,0,0,0,0,0,0.0066835,0.0066835,0.0066835
69,18852.9,1.07337,0.58011,1.0644,2e-05,0.69069,0,0,0,0,0,0,0,0,0,0.006634,0.006634,0.006634
70,19083.4,1.07405,0.57915,1.06496,2e-05,0.6907,0,0,0,0,0,0,0,0,0,0.0065845,0.0065845,0.0065845
71,19313.3,1.07232,0.57633,1.06353,2e-05,0.69105,0,0,0,0,0,0,0,0,0,0.006535,0.006535,0.006535
72,19542.7,1.07233,0.57547,1.06366,2e-05,0.69078,0,0,0,0,0,0,0,0,0,0.0064855,0.0064855,0.0064855
73,19772.7,1.06992,0.57443,1.06185,2e-05,0.69028,0,0,0,0,0,0,0,0,0,0.006436,0.006436,0.006436
74,20002.8,1.0713,0.57603,1.06405,2e-05,0.69082,0,0,0,0,0,0,0,0,0,0.0063865,0.0063865,0.0063865
75,20232.2,1.06679,0.57096,1.06005,2e-05,0.69093,0,0,0,0,0,0,0,0,0,0.006337,0.006337,0.006337
76,20461.2,1.06594,0.57117,1.06372,2e-05,0.69028,0,0,0,0,0,0,0,0,0,0.0062875,0.0062875,0.0062875
77,20690.9,1.06599,0.56998,1.0603,2e-05,0.69136,0,0,0,0,0,0,0,0,0,0.006238,0.006238,0.006238
78,20919.5,1.06289,0.56827,1.05986,2e-05,0.69078,0,0,0,0,0,0,0,0,0,0.0061885,0.0061885,0.0061885
79,21148.2,1.06308,0.56697,1.06021,2e-05,0.69028,0,0,0,0,0,0,0,0,0,0.006139,0.006139,0.006139
80,21377.6,1.06244,0.56857,1.06182,2e-05,0.69058,0,0,0,0,0,0,0,0,0,0.0060895,0.0060895,0.0060895
81,21608.8,1.0586,0.56579,1.05843,2e-05,0.69101,0,0,0,0,0,0,0,0,0,0.00604,0.00604,0.00604
82,21840.9,1.058,0.56436,1.06011,2e-05,0.69085,0,0,0,0,0,0,0,0,0,0.0059905,0.0059905,0.0059905
83,22076.8,1.06014,0.56464,1.05513,2e-05,0.69078,0,0,0,0,0,0,0,0,0,0.005941,0.005941,0.005941
84,22311.7,1.05869,0.56424,1.05961,2e-05,0.69032,0,0,0,0,0,0,0,0,0,0.0058915,0.0058915,0.0058915
85,22548.4,1.05625,0.561,1.05763,2e-05,0.69074,0,0,0,0,0,0,0,0,0,0.005842,0.005842,0.005842
86,22784,1.05455,0.5572,1.05513,2e-05,0.69082,0,0,0,0,0,0,0,0,0,0.0057925,0.0057925,0.0057925
87,23018.3,1.05312,0.55832,1.05551,2e-05,0.69062,0,0,0,0,0,0,0,0,0,0.005743,0.005743,0.005743
88,23253.2,1.0526,0.55682,1.05308,2e-05,0.69089,0,0,0,0,0,0,0,0,0,0.0056935,0.0056935,0.0056935
89,23486.5,1.05302,0.55636,1.05378,2e-05,0.69066,0,0,0,0,0,0,0,0,0,0.005644,0.005644,0.005644
90,23719.6,1.05177,0.55508,1.05506,2e-05,0.69059,0,0,0,0,0,0,0,0,0,0.0055945,0.0055945,0.0055945
91,23970.6,1.05203,0.55601,1.05331,2e-05,0.69074,0,0,0,0,0,0,0,0,0,0.005545,0.005545,0.005545
92,24243.2,1.05106,0.5551,1.05446,2e-05,0.69089,0,0,0,0,0,0,0,0,0,0.0054955,0.0054955,0.0054955
93,24524.1,1.05007,0.55326,1.05453,2e-05,0.69059,0,0,0,0,0,0,0,0,0,0.005446,0.005446,0.005446
94,24804.2,1.04816,0.55303,1.05323,2e-05,0.69074,0,0,0,0,0,0,0,0,0,0.0053965,0.0053965,0.0053965
95,25083.8,1.04744,0.55099,1.05221,2e-05,0.69082,0,0,0,0,0,0,0,0,0,0.005347,0.005347,0.005347
96,25358.4,1.04655,0.54961,1.05117,2e-05,0.69062,0,0,0,0,0,0,0,0,0,0.0052975,0.0052975,0.0052975
97,25632.8,1.04417,0.5492,1.05067,2e-05,0.69051,0,0,0,0,0,0,0,0,0,0.005248,0.005248,0.005248
98,25885.3,1.04222,0.54581,1.0483,2e-05,0.69059,0,0,0,0,0,0,0,0,0,0.0051985,0.0051985,0.0051985
99,26175.2,1.04081,0.54453,1.04919,2e-05,0.69035,0,0,0,0,0,0,0,0,0,0.005149,0.005149,0.005149
100,26476.8,1.04115,0.54405,1.04951,2e-05,0.69055,0,0,0,0,0,0,0,0,0,0.0050995,0.0050995,0.0050995
101,26776.1,1.03904,0.5434,1.0467,2e-05,0.69043,0,0,0,0,0,0,0,0,0,0.00505,0.00505,0.00505
102,27081.8,1.0405,0.54448,1.05052,2e-05,0.69055,0,0,0,0,0,0,0,0,0,0.0050005,0.0050005,0.0050005
103,27354.8,1.03727,0.54169,1.05021,2e-05,0.69023,0,0,0,0,0,0,0,0,0,0.004951,0.004951,0.004951
104,27644.4,1.03841,0.54116,1.04717,2e-05,0.69078,0,0,0,0,0,0,0,0,0,0.0049015,0.0049015,0.0049015
105,27923.1,1.03849,0.54148,1.04424,2e-05,0.69078,0,0,0,0,0,0,0,0,0,0.004852,0.004852,0.004852
106,28205.5,1.03681,0.53991,1.04803,2e-05,0.69059,0,0,0,0,0,0,0,0,0,0.0048025,0.0048025,0.0048025
107,28485.2,1.03381,0.53788,1.04749,2e-05,0.69039,0,0,0,0,0,0,0,0,0,0.004753,0.004753,0.004753
108,28756.3,1.03293,0.53769,1.04421,2e-05,0.69105,0,0,0,0,0,0,0,0,0,0.0047035,0.0047035,0.0047035
109,29030.9,1.03019,0.53542,1.04497,2e-05,0.69089,0,0,0,0,0,0,0,0,0,0.004654,0.004654,0.004654
110,29309.4,1.03119,0.53472,1.04697,2e-05,0.69078,0,0,0,0,0,0,0,0,0,0.0046045,0.0046045,0.0046045
111,29591.1,1.02857,0.53438,1.04307,2e-05,0.69062,0,0,0,0,0,0,0,0,0,0.004555,0.004555,0.004555
112,29868.5,1.02885,0.5317,1.04362,2e-05,0.69101,0,0,0,0,0,0,0,0,0,0.0045055,0.0045055,0.0045055
113,30130.9,1.02706,0.53304,1.04178,2e-05,0.6907,0,0,0,0,0,0,0,0,0,0.004456,0.004456,0.004456
114,30370,1.02993,0.53361,1.04243,2e-05,0.69043,0,0,0,0,0,0,0,0,0,0.0044065,0.0044065,0.0044065
115,30595.2,1.02594,0.53116,1.0392,2e-05,0.69059,0,0,0,0,0,0,0,0,0,0.004357,0.004357,0.004357
116,30818.7,1.02635,0.529,1.03836,2e-05,0.69066,0,0,0,0,0,0,0,0,0,0.0043075,0.0043075,0.0043075
117,31042.4,1.02262,0.52565,1.04075,2e-05,0.69047,0,0,0,0,0,0,0,0,0,0.004258,0.004258,0.004258
118,31268.9,1.02228,0.52541,1.04132,2e-05,0.69089,0,0,0,0,0,0,0,0,0,0.0042085,0.0042085,0.0042085
119,31523,1.0207,0.52656,1.03973,2e-05,0.69066,0,0,0,0,0,0,0,0,0,0.004159,0.004159,0.004159
120,31809,1.02035,0.52504,1.03845,2e-05,0.69082,0,0,0,0,0,0,0,0,0,0.0041095,0.0041095,0.0041095
121,32096.9,1.02078,0.5237,1.03898,2e-05,0.69078,0,0,0,0,0,0,0,0,0,0.00406,0.00406,0.00406
122,32380.4,1.01794,0.52261,1.03597,2e-05,0.69105,0,0,0,0,0,0,0,0,0,0.0040105,0.0040105,0.0040105
123,32645.1,1.01595,0.52085,1.03557,2e-05,0.69046,0,0,0,0,0,0,0,0,0,0.003961,0.003961,0.003961
124,32931.4,1.01814,0.5215,1.03603,2e-05,0.69051,0,0,0,0,0,0,0,0,0,0.0039115,0.0039115,0.0039115
125,33215.2,1.01539,0.51986,1.03383,2e-05,0.69082,0,0,0,0,0,0,0,0,0,0.003862,0.003862,0.003862
126,33499,1.01311,0.51987,1.03374,2e-05,0.69082,0,0,0,0,0,0,0,0,0,0.0038125,0.0038125,0.0038125
127,33781.8,1.01295,0.51758,1.03531,2e-05,0.69101,0,0,0,0,0,0,0,0,0,0.003763,0.003763,0.003763
128,34060.3,1.01193,0.51661,1.03409,2e-05,0.69035,0,0,0,0,0,0,0,0,0,0.0037135,0.0037135,0.0037135
129,34335.1,1.01135,0.51637,1.03348,2e-05,0.69062,0,0,0,0,0,0,0,0,0,0.003664,0.003664,0.003664
130,34617.5,1.00998,0.516,1.03252,2e-05,0.6912,0,0,0,0,0,0,0,0,0,0.0036145,0.0036145,0.0036145
131,34895.2,1.01093,0.5149,1.03076,2e-05,0.69116,0,0,0,0,0,0,0,0,0,0.003565,0.003565,0.003565
132,35168.1,1.00686,0.51279,1.02994,2e-05,0.69028,0,0,0,0,0,0,0,0,0,0.0035155,0.0035155,0.0035155
133,35446.6,1.00433,0.51002,1.03022,2e-05,0.69074,0,0,0,0,0,0,0,0,0,0.003466,0.003466,0.003466
134,35716.7,1.0036,0.51025,1.03125,2e-05,0.69089,0,0,0,0,0,0,0,0,0,0.0034165,0.0034165,0.0034165
135,35993.4,1.00463,0.50954,1.03061,2e-05,0.69066,0,0,0,0,0,0,0,0,0,0.003367,0.003367,0.003367
136,36273.8,1.00207,0.50908,1.0294,2e-05,0.69062,0,0,0,0,0,0,0,0,0,0.0033175,0.0033175,0.0033175
137,36549.2,1.00322,0.5085,1.02981,2e-05,0.69055,0,0,0,0,0,0,0,0,0,0.003268,0.003268,0.003268
138,36825.7,0.99989,0.50725,1.02801,2e-05,0.69028,0,0,0,0,0,0,0,0,0,0.0032185,0.0032185,0.0032185
139,37102,0.99824,0.50398,1.02639,2e-05,0.69074,0,0,0,0,0,0,0,0,0,0.003169,0.003169,0.003169
140,37368.9,0.99475,0.50286,1.02421,2e-05,0.69051,0,0,0,0,0,0,0,0,0,0.0031195,0.0031195,0.0031195
141,37638.6,0.9953,0.50294,1.02617,2e-05,0.69076,0,0,0,0,0,0,0,0,0,0.00307,0.00307,0.00307
142,37907.1,0.99496,0.50185,1.02638,2e-05,0.69112,0,0,0,0,0,0,0,0,0,0.0030205,0.0030205,0.0030205
143,38182.6,0.99096,0.49951,1.02607,2e-05,0.69032,0,0,0,0,0,0,0,0,0,0.002971,0.002971,0.002971
144,38460.1,0.99171,0.49863,1.0264,2e-05,0.69047,0,0,0,0,0,0,0,0,0,0.0029215,0.0029215,0.0029215
145,38745.5,0.98981,0.49965,1.02276,2e-05,0.69078,0,0,0,0,0,0,0,0,0,0.002872,0.002872,0.002872
146,39028.1,0.99077,0.49798,1.02175,2e-05,0.69043,0,0,0,0,0,0,0,0,0,0.0028225,0.0028225,0.0028225
147,39311.1,0.99004,0.49782,1.02355,2e-05,0.69062,0,0,0,0,0,0,0,0,0,0.002773,0.002773,0.002773
148,39604.5,0.98513,0.49471,1.02102,2e-05,0.69078,0,0,0,0,0,0,0,0,0,0.0027235,0.0027235,0.0027235
149,39889.9,0.98592,0.49414,1.02055,2e-05,0.69066,0,0,0,0,0,0,0,0,0,0.002674,0.002674,0.002674
150,40191.3,0.98434,0.49331,1.02047,2e-05,0.69089,0,0,0,0,0,0,0,0,0,0.0026245,0.0026245,0.0026245
151,40471,0.98521,0.49229,1.02098,2e-05,0.69089,0,0,0,0,0,0,0,0,0,0.002575,0.002575,0.002575
152,40754.1,0.98211,0.49098,1.01937,2e-05,0.69055,0,0,0,0,0,0,0,0,0,0.0025255,0.0025255,0.0025255
153,41040.6,0.98159,0.49035,1.01997,2e-05,0.69105,0,0,0,0,0,0,0,0,0,0.002476,0.002476,0.002476
154,41335.8,0.97965,0.48821,1.01913,2e-05,0.69105,0,0,0,0,0,0,0,0,0,0.0024265,0.0024265,0.0024265
155,41631.1,0.97839,0.48735,1.01738,2e-05,0.69112,0,0,0,0,0,0,0,0,0,0.002377,0.002377,0.002377
156,41915.8,0.97808,0.48714,1.01784,2e-05,0.69036,0,0,0,0,0,0,0,0,0,0.0023275,0.0023275,0.0023275
157,42201.7,0.97591,0.48536,1.01824,2e-05,0.69074,0,0,0,0,0,0,0,0,0,0.002278,0.002278,0.002278
158,42493.5,0.97526,0.48524,1.01561,2e-05,0.69062,0,0,0,0,0,0,0,0,0,0.0022285,0.0022285,0.0022285
159,42784.7,0.97213,0.48217,1.01823,2e-05,0.69082,0,0,0,0,0,0,0,0,0,0.002179,0.002179,0.002179
160,43069.9,0.97063,0.48108,1.01372,2e-05,0.69047,0,0,0,0,0,0,0,0,0,0.0021295,0.0021295,0.0021295
161,43332.8,0.96762,0.47975,1.01294,2e-05,0.69062,0,0,0,0,0,0,0,0,0,0.00208,0.00208,0.00208
162,43579.6,0.97013,0.48015,1.01261,2e-05,0.69043,0,0,0,0,0,0,0,0,0,0.0020305,0.0020305,0.0020305
163,43813.8,0.9675,0.47757,1.01427,2e-05,0.69097,0,0,0,0,0,0,0,0,0,0.001981,0.001981,0.001981
164,44042.5,0.9667,0.47768,1.01203,2e-05,0.69032,0,0,0,0,0,0,0,0,0,0.0019315,0.0019315,0.0019315
165,44273.9,0.96384,0.47582,1.0105,2e-05,0.69066,0,0,0,0,0,0,0,0,0,0.001882,0.001882,0.001882
166,44502,0.95972,0.47275,1.01042,2e-05,0.69078,0,0,0,0,0,0,0,0,0,0.0018325,0.0018325,0.0018325
167,44727.1,0.96215,0.47421,1.01337,2e-05,0.69066,0,0,0,0,0,0,0,0,0,0.001783,0.001783,0.001783
168,44953,0.95987,0.47317,1.01032,2e-05,0.69101,0,0,0,0,0,0,0,0,0,0.0017335,0.0017335,0.0017335
169,45178.5,0.95669,0.47102,1.00656,2e-05,0.69058,0,0,0,0,0,0,0,0,0,0.001684,0.001684,0.001684
170,45405,0.95726,0.46959,1.0086,2e-05,0.6907,0,0,0,0,0,0,0,0,0,0.0016345,0.0016345,0.0016345
171,45631,0.95755,0.47024,1.00816,2e-05,0.69089,0,0,0,0,0,0,0,0,0,0.001585,0.001585,0.001585
172,45857,0.95225,0.4665,1.00752,2e-05,0.6907,0,0,0,0,0,0,0,0,0,0.0015355,0.0015355,0.0015355
173,46085.7,0.95219,0.46694,1.00367,2e-05,0.6907,0,0,0,0,0,0,0,0,0,0.001486,0.001486,0.001486
174,46309.9,0.95142,0.46519,1.00695,2e-05,0.69066,0,0,0,0,0,0,0,0,0,0.0014365,0.0014365,0.0014365
175,46534.1,0.94827,0.46306,1.00591,2e-05,0.69032,0,0,0,0,0,0,0,0,0,0.001387,0.001387,0.001387
176,46761.4,0.94893,0.46394,1.00492,2e-05,0.68993,0,0,0,0,0,0,0,0,0,0.0013375,0.0013375,0.0013375
177,46988.8,0.94655,0.4615,1.0037,2e-05,0.69112,0,0,0,0,0,0,0,0,0,0.001288,0.001288,0.001288
178,47234.2,0.94456,0.45978,1.00176,2e-05,0.6907,0,0,0,0,0,0,0,0,0,0.0012385,0.0012385,0.0012385
179,47478.9,0.94516,0.45985,1.00272,2e-05,0.69097,0,0,0,0,0,0,0,0,0,0.001189,0.001189,0.001189
180,47777.4,0.94094,0.45759,1.00067,2e-05,0.69039,0,0,0,0,0,0,0,0,0,0.0011395,0.0011395,0.0011395
181,48115.8,0.94084,0.45662,1.00032,2e-05,0.69039,0,0,0,0,0,0,0,0,0,0.00109,0.00109,0.00109
182,48456,0.93916,0.4553,1.00097,2e-05,0.69105,0,0,0,0,0,0,0,0,0,0.0010405,0.0010405,0.0010405
183,48971.1,0.93894,0.45534,0.99856,2e-05,0.69042,0,0,0,0,0,0,0,0,0,0.000991,0.000991,0.000991
184,49282,0.9349,0.45349,0.99701,2e-05,0.69055,0,0,0,0,0,0,0,0,0,0.0009415,0.0009415,0.0009415
185,49588.5,0.93563,0.45247,0.99926,2e-05,0.69058,0,0,0,0,0,0,0,0,0,0.000892,0.000892,0.000892
186,49907.2,0.93392,0.45138,0.99952,2e-05,0.69055,0,0,0,0,0,0,0,0,0,0.0008425,0.0008425,0.0008425
187,50225.5,0.93277,0.45054,0.99681,2e-05,0.69089,0,0,0,0,0,0,0,0,0,0.000793,0.000793,0.000793
188,50542.4,0.9291,0.44815,0.99565,2e-05,0.69051,0,0,0,0,0,0,0,0,0,0.0007435,0.0007435,0.0007435
189,50855.4,0.9302,0.44829,0.99494,2e-05,0.6907,0,0,0,0,0,0,0,0,0,0.000694,0.000694,0.000694
190,51165.3,0.92709,0.44572,0.99368,2e-05,0.69066,0,0,0,0,0,0,0,0,0,0.0006445,0.0006445,0.0006445
191,51466.4,0.92522,0.4451,0.99383,2e-05,0.69082,0,0,0,0,0,0,0,0,0,0.000595,0.000595,0.000595
192,51874,0.92458,0.44418,0.99328,2e-05,0.69028,0,0,0,0,0,0,0,0,0,0.0005455,0.0005455,0.0005455
193,52266.7,0.92376,0.444,0.9928,2e-05,0.69061,0,0,0,0,0,0,0,0,0,0.000496,0.000496,0.000496
194,52768,0.92242,0.44291,0.99622,2e-05,0.69074,0,0,0,0,0,0,0,0,0,0.0004465,0.0004465,0.0004465
195,53471.4,0.92113,0.44307,0.99091,2e-05,0.69093,0,0,0,0,0,0,0,0,0,0.000397,0.000397,0.000397
196,54005.7,0.91895,0.43991,0.99184,2e-05,0.69059,0,0,0,0,0,0,0,0,0,0.0003475,0.0003475,0.0003475
197,54212.7,0.91964,0.44141,0.99173,2e-05,0.69035,0,0,0,0,0,0,0,0,0,0.000298,0.000298,0.000298
198,54638.4,0.91407,0.43641,0.99188,2e-05,0.6907,0,0,0,0,0,0,0,0,0,0.0002485,0.0002485,0.0002485
199,55097.6,0.91534,0.43731,0.99035,2e-05,0.69062,0,0,0,0,0,0,0,0,0,0.000199,0.000199,0.000199
200,55297.7,0.91596,0.43769,0.9908,2e-05,0.69089,0.77127,0.73001,0.76488,0.54061,1.0848,0.55278,1.06418,0,0,0.0001495,0.0001495,0.0001495
